126 6 9 1
124 -3 8 0
128 -3 7 1
128 -2 10 0
123 -3 37 2
124 -2 39 2
124 -4 38 3
123 -3 32 2
125 -3 21 2
131 -2 28 2
134 -3 32 2
138 -3 34 3
133 -4 35 2
134 -3 36 3
117 -4 39 3
102 -2 19 0
80 -1 15 0
77 -1 7 0
78 -2 10 1
86 -2 13 0
83 -2 9 0
84 -2 14 1
88 -2 13 1
86 -1 13 0
85 -2 14 1
83 -1 11 0
91 -1 19 1
105 -1 15 1
95 -3 11 0
98 -3 12 0
105 -2 21 1
93 -2 13 1
104 -3 18 1
106 -2 18 1
101 -3 14 1
114 -2 21 1
95 -3 7 0
101 -3 9 0
101 -3 14 1
105 -3 9 0
106 -3 13 1
115 -2 11 0
104 -3 18 1
104 -3 14 1
103 -3 15 1
105 -3 15 1
109 -2 18 1
106 -2 19 1
107 -3 21 2
107 -3 23 2
106 -3 24 1
105 -3 24 2
106 -3 26 3
106 -3 23 3
104 -2 25 1
105 -3 26 1
103 -3 26 1
104 -2 22 2
104 -3 26 2
107 -2 26 2
106 -3 25 1
109 -2 28 1
107 -3 28 3
102 -3 26 2
111 -2 25 2
102 -3 26 1
105 -2 26 2
105 -3 28 1
101 -2 27 2
105 -3 29 1
102 -1 29 2
102 -1 25 2
105 -1 29 0
100 -4 27 4
98 -2 26 1
104 -2 31 2
97 -3 28 2
96 -2 29 2
91 -2 30 2
85 -2 29 1
86 -1 26 1
103 -1 29 2
113 -3 30 2
119 -3 31 2
126 -3 33 2
125 -3 32 2
122 -3 34 2
122 -3 35 2
122 -2 35 2
123 -2 36 3
124 -2 38 2
124 -3 43 3
123 -3 40 3
122 -3 42 3
121 -3 42 3
121 -3 34 2
120 -3 19 1
124 -3 16 1
126 -3 17 1
125 -3 20 1
128 -2 21 2
155 -2 26 1
168 -4 25 2
171 -4 23 2
168 -4 28 2
132 -5 17 0
83 -2 27 1
88 -2 24 2
90 -2 24 1
96 -2 20 1
95 -4 14 1
96 -4 11 0
99 -3 20 3
93 -3 16 2
98 -3 14 1
95 -2 16 1
99 -2 13 0
97 -3 23 1
98 -3 22 0
97 -2 22 2
96 -2 20 1
103 -3 12 0
98 -2 11 0
102 -2 6 0
98 -2 13 0
89 -3 4 -1
129 -1 17 -1
130 8 10 3
150 -5 -1 -1
155 0 -1 -1
157 0 1 1
154 -1 1 0
151 -2 4 1
150 -2 1 0
153 -1 0 -1
150 -2 2 0
153 -2 0 -1
157 -1 0 0
161 -2 2 0
168 -1 -2 -1
169 1 2 0
162 0 -1 -1
145 2 -1 -1
116 0 3 1
98 -1 -2 -1
90 -4 1 0
98 0 -3 -2
105 1 0 -1
102 0 -2 0
103 -1 3 -1
103 0 0 -2
103 -2 -2 2
103 -1 1 2
102 -3 -1 -1
107 -2 -1 -1
114 0 -1 0
119 0 -1 0
123 1 0 0
125 0 0 0
121 -1 -1 -1
129 0 -1 -1
124 -1 -2 -1
131 1 0 0
129 0 0 0
126 -1 -1 -1
130 0 1 -1
128 1 -1 -1
130 0 0 0
132 0 -1 0
133 0 0 0
131 0 0 0
131 -1 0 0
130 0 -1 -1
131 -1 1 0
127 -2 0 0
129 -2 0 0
131 0 0 -1
131 1 0 -2
131 0 0 -1
131 1 0 -1
132 0 2 -4
131 2 -2 -2
129 1 0 0
131 2 2 0
127 0 2 0
130 0 -2 -1
127 0 1 -1
127 -1 -1 -1
131 0 0 -1
130 -1 -1 -1
130 -1 -2 -2
128 0 0 -1
133 0 1 0
127 0 -2 -1
126 -3 0 0
130 -1 2 0
125 -1 0 -1
128 0 2 -1
127 1 2 1
128 2 -1 -1
126 0 1 -3
126 -1 0 0
127 2 2 2
125 -1 2 0
120 -1 -2 -1
118 -1 0 -1
112 -1 2 -1
105 -1 0 0
106 -3 2 1
127 -1 3 -1
141 1 0 -1
148 1 0 0
156 0 2 0
155 -1 -1 0
150 -1 1 -1
151 0 1 0
149 -2 -2 -1
149 -2 -1 -1
150 -1 4 1
152 0 1 -2
151 -2 0 -1
151 0 2 0
150 0 3 0
152 -1 -1 -1
149 -2 0 -1
152 -1 0 1
153 0 0 -1
152 1 1 1
150 -3 -3 -2
187 0 1 0
208 1 0 0
213 1 -2 0
210 -2 3 -1
182 1 -1 1
108 -4 0 1
104 -2 -1 -1
112 0 1 -1
118 0 0 0
121 -3 2 2
121 -4 1 0
121 -2 0 -1
119 0 -1 0
122 1 -4 -1
118 -1 0 0
121 -1 -2 -1
123 1 -2 0
120 -1 3 1
120 -1 -1 0
118 -1 2 0
127 0 0 0
122 -1 1 0
125 -1 -2 -1
120 -3 4 1
122 3 -2 4
133 -4 7 -5
111 -19 -13 6
134 -1 -3 0
154 0 -1 0
155 0 0 0
154 -1 -2 -2
155 1 -2 -1
152 -2 -1 -1
152 -3 -2 -1
152 -1 -1 -1
155 -2 1 -1
159 0 0 0
167 -1 -1 -1
169 -1 -2 -1
169 -1 0 -1
162 0 0 -1
139 -1 2 -1
118 0 2 -1
93 0 -1 -1
89 0 -2 0
95 0 0 -1
101 0 1 -1
102 0 -2 0
104 0 0 0
104 0 -1 0
102 -1 -1 -2
103 2 -6 0
104 -2 -3 -1
110 -3 -1 -1
113 0 -2 0
118 0 -1 0
121 0 -1 0
123 -1 -1 -1
122 0 -1 0
128 -1 -1 0
126 -3 -1 -1
129 -1 -1 -1
128 -1 -2 0
128 -1 -1 -1
130 -1 -1 0
130 -1 -1 -1
129 0 -1 0
132 -1 -1 0
133 0 -1 -1
132 0 0 0
133 -1 -2 0
132 0 -1 -1
132 -1 0 -1
131 0 -1 -1
132 -1 -1 0
132 0 0 -1
129 0 2 -1
132 0 1 -1
129 1 0 0
129 -1 -3 0
129 -1 -2 -1
127 0 0 0
127 0 -1 0
128 -1 -1 -1
130 0 0 -2
127 2 2 -1
130 2 -1 0
131 0 0 -1
129 -1 -3 0
130 0 -1 0
131 -1 1 1
131 -3 -1 -2
129 1 -3 2
129 -3 0 -1
128 -1 -1 0
126 0 -1 -1
127 -1 -1 -1
125 -1 -2 0
126 -1 -3 -1
127 -1 1 0
127 0 1 0
127 -1 -3 0
125 0 -1 -1
124 1 -2 -2
121 -3 1 2
114 0 1 2
110 0 0 0
105 -1 -1 0
114 0 -1 -1
135 0 -1 -1
145 -1 -2 -1
156 0 -1 -1
158 -1 -3 -1
153 0 0 0
153 -1 -1 0
154 0 -1 0
155 0 -2 -2
150 0 -1 -2
152 -2 1 2
154 0 -1 -1
151 -1 -2 -1
150 1 -1 0
153 -2 0 -1
151 0 -1 -1
152 -2 -2 1
152 0 0 0
150 -1 -2 -1
151 0 -6 0
162 0 1 -1
203 -1 -1 -1
213 -1 -2 -1
215 -1 -2 -1
211 -1 3 -1
146 -2 -10 -5
106 -2 2 -1
113 0 -2 -1
117 -1 0 0
119 0 0 -1
117 0 -2 -1
121 0 2 -1
119 -1 -1 0
120 0 -2 -1
122 -1 0 0
122 -2 0 -1
123 0 -4 0
123 0 0 -1
122 0 -1 0
124 0 -1 0
127 0 -1 -1
126 1 -1 0
127 -3 -2 -4
127 2 -1 0
115 -4 1 -7
61 -2 -1 0
42 4 1 -2
136 0 -4 -1
153 -1 -3 -1
156 -2 -1 0
155 0 -1 -1
155 1 0 2
154 -2 -1 -1
154 2 -1 0
153 2 -3 -1
157 0 2 0
163 -1 1 0
169 0 -1 0
169 1 0 0
165 0 0 0
156 -1 -1 0
136 -1 1 -2
119 1 0 -1
92 -1 0 0
91 0 -3 -1
94 -2 2 0
100 0 2 0
103 0 0 0
104 -1 -3 -1
103 -1 0 0
103 -1 -1 -1
102 1 -3 0
105 -1 1 -1
110 2 -1 -1
114 -2 0 -2
118 -1 -2 -1
120 -1 0 -1
122 -1 0 0
125 0 -2 0
126 -2 -1 0
127 -2 -1 -2
127 -1 -1 -2
129 0 -1 1
129 1 -1 -1
129 -1 -1 -1
129 -1 0 0
129 0 -2 -1
132 0 -2 -1
133 0 0 0
131 -1 0 0
133 -1 -3 -1
131 -1 0 0
132 0 -1 0
132 -1 -2 0
132 0 2 0
131 -2 3 2
130 -1 0 0
129 -3 1 -1
128 -2 0 -1
131 -1 -1 -1
131 1 0 0
130 -1 -1 -2
131 0 -1 -1
129 -1 -1 0
130 0 1 0
126 0 2 0
131 2 -2 0
132 -1 -1 1
134 0 -1 0
129 0 0 -1
130 -1 -1 0
129 -3 0 -1
129 0 -2 1
131 -3 0 0
128 -1 -1 -1
126 -2 0 0
125 -1 -2 -2
127 0 -3 -1
129 1 -2 0
127 -1 -2 -1
128 -1 -2 -1
128 0 0 1
128 -1 1 0
125 0 -1 -2
122 -2 -1 2
115 0 -1 -1
108 2 0 -6
110 -1 -3 -1
105 0 -2 -1
127 0 0 0
146 2 0 0
151 0 -1 -1
158 0 -1 -1
157 -1 -1 0
155 -1 -1 0
155 -3 1 0
161 -1 -2 -1
158 1 0 -1
158 -1 -3 -1
156 -1 -1 -1
154 0 -1 0
153 -3 -1 -1
150 1 -2 1
151 -1 -2 1
151 1 2 -3
150 -2 0 -1
151 0 -3 0
151 -1 1 1
149 -1 -5 -3
183 0 1 -1
210 -1 -2 -1
217 0 -3 -1
215 0 -1 1
193 -1 -1 2
114 3 0 -3
109 -2 -1 -1
111 1 -3 -2
118 0 -1 0
119 0 -1 1
119 -2 -4 -1
121 3 0 -1
119 -1 -1 0
123 0 1 -1
120 1 0 1
123 -2 -4 -3
125 0 0 0
122 -1 -2 -1
124 -1 -1 -1
126 -2 0 -1
124 1 0 0
131 3 -1 2
116 -1 4 -6
64 -7 6 1
49 0 -1 -1
51 0 -1 -1
136 -1 -2 0
152 -1 -2 -1
157 0 0 -2
155 -1 -1 2
156 1 -1 -1
155 0 0 -1
152 0 -2 0
155 -1 0 0
163 -1 -1 -1
167 -1 0 0
167 -1 -1 0
164 -1 -1 0
164 0 0 0
154 -1 -2 -2
139 3 5 0
117 4 1 -1
94 3 -2 1
90 -3 -1 -2
98 -1 0 -1
98 -1 -3 0
104 0 -1 -2
106 3 -1 -4
104 -2 -1 -1
104 3 -1 2
104 0 -1 -1
102 0 -3 0
110 1 -2 0
115 -1 -1 -2
118 2 -1 -1
124 -2 -1 -1
121 -1 -2 3
125 0 -2 1
128 0 -2 -1
127 -1 1 -1
128 0 -1 0
132 -1 -1 -1
128 1 -1 -1
130 3 0 0
131 0 -2 0
128 -1 1 0
131 0 0 0
132 -1 -3 -1
132 1 -1 -1
134 0 -1 0
132 0 -1 -1
133 0 0 0
131 -2 0 1
134 -3 -5 0
131 0 -2 -1
134 0 -2 -1
131 0 0 0
130 0 -2 -1
133 0 -1 0
131 -1 -1 -1
129 1 2 -3
126 4 -1 0
130 1 -2 2
129 -3 1 3
128 1 -1 0
130 0 -1 -2
133 0 -3 0
134 -1 0 0
130 -4 -1 -1
131 2 -1 2
131 -2 1 2
129 1 2 2
132 1 -2 0
127 -1 -1 -2
130 2 -2 2
127 2 1 2
127 1 -1 -1
127 -1 -2 0
128 0 -4 -1
130 0 -2 1
127 -3 0 -1
132 1 1 1
126 -1 -1 -1
122 1 0 1
112 -1 -4 0
114 1 -3 -3
108 -2 1 -1
103 0 -3 0
116 0 0 0
137 0 -2 -1
148 -1 0 0
155 0 -2 0
160 -1 -1 0
162 -1 -1 -1
159 0 0 -1
160 -1 -1 0
161 -1 -1 0
159 -1 -2 -1
159 -1 -2 0
156 0 0 -1
153 0 -2 0
155 -1 0 -1
152 0 -1 -1
153 -1 -1 0
150 0 -1 0
151 -1 -1 -1
151 0 0 0
150 -1 -2 -1
157 1 3 -2
201 -2 -2 -2
214 0 -1 -1
216 -1 -2 -1
209 -1 2 0
169 -2 -11 1
105 -2 2 -1
106 -1 -1 -3
115 -2 -1 0
117 0 -2 -2
118 3 -1 0
119 -1 -3 1
120 0 -1 -1
122 0 -1 0
123 -3 -2 0
123 -3 1 -1
122 -1 -1 0
124 0 -1 -1
127 -1 0 -1
130 -2 -4 0
132 1 -1 3
106 -2 -4 -5
53 -3 0 0
47 1 -3 0
48 0 1 -1
46 0 1 -1
134 0 -3 -1
153 0 1 -1
155 1 -1 0
157 -2 -1 0
155 0 -1 -1
156 0 -1 0
154 -1 -2 -1
157 0 0 0
166 0 -2 0
164 0 0 -1
163 -1 -1 -1
161 0 -2 -1
163 0 0 0
154 -1 -3 -1
141 -1 0 -2
121 0 -1 -1
94 0 -3 -1
90 -1 2 -1
96 -1 -2 0
100 1 -1 1
104 -5 -1 -2
104 -2 0 -2
105 -2 -1 -1
103 2 -1 0
103 1 -1 0
103 1 -3 0
109 -3 -1 -1
111 1 -2 0
116 1 0 -1
120 -1 -4 -2
123 1 -3 1
123 -2 -4 -1
126 0 0 0
129 2 -1 -1
127 -2 1 1
130 -1 -4 -2
129 1 0 0
129 1 -1 -1
129 -1 0 0
131 1 -2 -1
129 -1 0 -1
133 0 -3 -1
129 -2 0 0
129 -2 -1 -1
129 -1 -1 0
128 -1 -1 -1
130 -1 0 -3
127 -3 0 -2
131 -3 0 0
130 -1 1 2
129 0 -1 0
129 0 0 0
127 0 -1 -1
128 0 0 -1
128 1 0 3
130 -2 -1 -1
131 1 -3 0
129 -1 1 2
128 2 1 0
130 -3 -3 0
131 4 -5 -2
133 -1 0 0
136 -2 -1 0
129 -1 -3 0
130 -2 0 1
128 -1 2 1
130 0 -1 -1
128 2 -3 -2
129 1 -2 0
126 -1 0 1
127 0 -1 -1
126 0 -1 0
126 -1 0 1
126 -1 1 1
126 -1 -2 0
128 -1 2 0
123 2 0 0
123 -3 -2 -1
118 -3 1 2
114 2 1 0
109 -1 -1 -1
106 0 -4 0
109 -2 -1 0
129 -2 -2 -3
147 0 -1 -1
155 0 -3 -1
160 -1 -2 -1
162 0 0 0
160 -2 0 0
161 0 -1 -1
160 0 0 0
160 0 -2 0
159 -1 -2 -1
155 -1 -1 -1
155 0 -1 -1
155 0 -1 -1
152 -1 -2 0
152 -1 0 -1
150 -1 0 0
151 0 -1 0
150 -1 -1 -1
152 1 2 1
145 -2 -8 1
176 2 5 0
208 -1 -1 0
216 1 -2 0
218 0 0 1
201 -1 8 2
126 -1 -4 0
107 2 -4 3
110 1 -1 -1
116 -1 1 -1
115 -1 -2 2
119 -5 1 -3
123 -2 -1 0
122 0 -2 0
123 0 -2 0
125 -1 2 0
126 1 -2 -2
128 -1 0 -1
128 -1 -1 -1
137 5 2 8
103 -6 -7 -6
53 3 -2 1
45 3 1 3
50 0 -2 -1
45 -2 1 1
47 -1 3 1
135 0 -3 -1
153 -1 -4 -1
159 -1 -2 0
156 0 0 0
156 -1 -1 0
155 -1 -2 0
158 -1 -2 0
161 -1 -1 -1
167 -1 -1 0
165 -1 -2 -1
163 0 1 0
158 0 -1 0
161 -1 0 0
154 -1 -1 -1
140 -1 1 0
114 0 -3 1
93 -3 -2 1
88 1 0 -4
95 -2 -1 4
100 0 -1 0
106 -3 0 0
104 -1 -4 0
103 -1 -1 0
104 0 0 -2
101 -2 -1 -1
102 1 0 0
107 -3 -2 -1
109 1 -1 0
116 1 0 -1
120 -2 -4 0
121 1 0 -3
125 -3 -1 2
125 0 0 -1
126 -1 -2 0
128 -1 -1 0
130 -1 -1 -1
128 -1 -1 1
128 -1 -2 0
128 0 0 0
129 -1 -2 -1
129 2 0 -2
129 -3 -1 -3
131 -1 -1 0
132 0 0 -1
128 2 -1 0
128 2 -1 -1
126 3 -3 0
128 -2 1 -2
132 0 0 2
129 -2 -3 1
126 0 -1 0
127 0 0 0
123 0 -1 -1
126 0 -2 -1
129 1 1 0
124 -2 -1 -2
127 -2 -1 3
125 -1 0 0
126 1 -4 0
129 -2 -1 3
130 -2 -1 -1
127 -3 -3 -1
132 0 -1 -1
129 -1 -1 0
129 -1 1 0
130 0 2 0
128 -1 1 2
126 0 -2 2
127 0 0 -1
126 -1 -1 -1
125 0 -1 0
125 0 -1 -1
126 0 0 -1
124 -1 -1 -2
123 3 -1 1
130 -3 -1 -2
124 0 -1 0
122 -2 -3 4
127 2 1 0
111 3 -3 0
110 0 -3 -1
105 -1 0 -1
113 0 -3 0
125 0 2 0
145 -1 -1 0
154 -1 -1 0
161 0 -1 -1
162 0 -2 0
164 -2 -2 0
160 1 -1 -1
160 -1 0 0
159 0 -2 -1
159 0 -1 -1
157 -1 -1 -1
155 1 -2 -1
154 0 0 0
154 0 -1 0
154 -1 -1 -1
152 -1 -1 0
150 0 -1 0
150 -1 -1 -1
148 -1 0 0
147 0 1 0
149 0 0 -1
197 0 -2 -2
209 -1 -3 -1
218 0 2 -1
213 -2 -2 -1
179 0 -8 4
104 -7 2 3
113 0 -2 -1
114 -1 -1 -2
118 2 -3 -1
121 -2 -3 -1
121 -2 -1 -3
122 -1 0 2
120 3 -3 3
121 -2 -1 0
124 2 3 -1
129 -3 -3 -2
135 4 3 1
107 -3 -5 -2
60 -3 7 0
54 0 -2 0
46 0 -5 1
44 -1 -2 0
46 2 -2 3
51 0 0 -2
136 1 -2 -1
158 1 -1 1
157 1 -1 0
156 -2 -2 -1
159 0 -1 -1
159 -1 -1 0
161 -1 -1 -1
166 -1 -1 0
167 -1 -1 -1
165 0 -1 0
161 -1 3 1
154 -3 -3 -2
162 0 -1 -1
159 0 0 0
140 0 2 0
115 -1 0 -1
90 1 -1 -1
86 1 -3 1
95 -1 -2 1
101 0 0 -2
104 3 1 0
104 -1 -4 -2
105 0 -2 -2
102 -3 0 2
103 0 -3 0
105 0 1 2
110 0 -2 -1
112 0 -2 0
120 1 -2 2
121 2 1 -3
123 -1 -1 0
125 -2 -2 0
127 1 -1 0
128 -1 0 0
125 0 0 0
124 0 -2 -1
126 0 1 -4
126 -1 0 -1
128 -2 -1 0
128 -1 -1 -1
128 1 -3 2
129 -1 -1 0
128 -1 -1 -1
128 -2 0 1
128 0 -2 -1
128 -1 0 0
127 1 0 0
131 0 -2 -1
131 -4 -2 0
132 2 0 2
128 1 -1 0
126 0 1 0
120 -2 -1 0
123 -1 0 -2
123 1 -1 -1
129 -1 -4 0
124 0 -1 2
126 -1 1 1
123 -1 1 2
126 -1 0 2
127 -1 1 -1
129 -1 -2 0
125 -3 -1 0
128 0 -2 -2
129 0 -2 -1
131 0 0 -1
125 1 -2 1
126 -2 -2 -1
126 -1 -1 -1
126 -1 -2 0
124 -1 -1 -1
124 -1 -1 0
126 -1 0 1
124 -3 -1 -1
123 -1 1 -2
130 0 1 -2
124 -1 1 2
122 -2 -4 -1
114 1 -1 -1
117 0 -3 2
108 -1 0 0
107 2 -3 -2
111 -2 0 1
129 0 0 -1
143 0 -2 0
154 1 -1 0
159 0 -1 0
159 -2 -1 -2
159 1 0 -2
160 -3 -2 0
158 -1 -1 -1
159 -1 -1 -1
157 -1 -1 0
156 0 -1 0
157 -3 -2 0
155 -2 1 -1
155 -1 -1 0
153 -1 -1 0
154 -1 0 0
152 0 -2 -1
153 0 -1 -1
151 1 -1 -1
147 -1 2 -1
144 -1 -10 -1
168 -1 4 2
208 0 0 0
214 -1 -1 0
218 -1 -5 -1
211 3 8 -1
141 -5 -14 -5
105 -1 1 -1
113 0 -3 -2
117 0 1 1
122 1 2 0
123 -1 -1 -2
123 -1 0 1
120 4 0 -1
127 -1 2 -2
125 -2 -2 -1
132 4 1 3
102 -6 -4 -1
49 0 1 4
42 -2 0 -2
46 -3 -1 2
48 -3 3 0
48 2 1 -2
47 0 0 -3
51 0 1 -3
136 1 -3 -1
154 -1 -1 1
158 -3 -1 0
160 -1 -1 0
160 -1 -1 -1
162 -1 -2 0
167 -2 -2 -1
168 -4 -1 -1
167 -1 -2 0
164 0 0 -1
157 0 0 0
158 -1 -1 -1
162 0 -1 0
159 0 -1 -2
142 1 1 0
115 -2 -3 -1
92 -1 -1 0
88 0 0 -1
97 1 4 -2
101 1 0 4
106 -1 -1 -1
106 -1 -3 -1
104 -1 -2 -1
102 0 0 0
103 -3 -2 0
104 -2 -4 0
107 -1 -2 0
111 0 1 -1
118 -1 -2 0
122 -1 -3 0
122 -1 -3 0
126 1 -1 -2
126 -1 -4 -4
130 0 -2 -2
128 0 -1 -1
128 -1 0 -1
126 0 2 -1
129 0 -3 1
129 -4 -1 1
128 2 -1 -3
129 -2 0 0
126 -1 -1 -1
129 0 0 -2
129 -2 -5 1
128 -2 0 -1
130 -4 -3 2
128 -3 0 3
128 0 -2 2
132 1 0 -1
127 -1 -2 -1
126 -1 -1 0
125 0 -2 0
123 0 -1 0
120 0 -3 -1
124 -1 -1 -1
123 -1 -1 -1
126 1 -2 1
125 -1 -1 -1
123 -1 -1 0
120 0 1 0
126 0 -2 -1
127 0 -2 1
127 -2 -2 1
127 1 1 -2
130 -1 -1 0
129 -1 -1 -1
129 -1 0 -1
125 1 -2 0
127 -1 0 0
127 -1 -1 0
125 -1 0 0
126 -1 -2 -1
127 1 -3 -2
128 -2 -2 2
126 0 -1 0
127 0 -2 0
123 0 1 0
119 0 -2 -1
120 -1 -1 -1
112 0 -3 -1
112 1 1 3
106 2 -1 -1
114 3 -1 0
127 -1 -1 -2
139 -1 -1 0
148 -1 0 -1
155 -1 -2 0
159 0 -1 1
160 -1 -2 1
156 0 -1 -3
159 -2 -1 -1
160 -1 -1 -1
158 -1 -1 -1
156 -1 -2 0
158 -1 -2 0
155 0 0 0
155 0 -2 -1
154 0 0 -1
155 0 -1 0
154 -1 -2 -1
154 -1 0 -2
150 0 1 -1
148 -1 -1 0
145 1 0 -3
143 -1 -4 -5
194 0 0 -1
212 -1 -2 0
217 0 -2 -1
219 -1 2 2
192 2 -3 4
111 0 0 0
107 -1 0 0
116 0 -1 -1
116 0 -2 0
118 -3 0 0
122 -3 -4 -1
124 -2 -2 -1
124 1 -3 -1
129 5 6 6
100 -1 -5 1
49 2 -4 3
43 -1 -2 1
48 -1 -1 -1
47 1 -3 0
53 0 -2 -2
49 -1 -1 3
49 1 -1 1
53 0 -2 -2
137 -1 -4 -1
156 0 -2 1
162 -4 -1 0
161 1 -2 0
162 -1 -2 -1
166 0 0 1
166 -1 -1 0
166 -1 0 -2
163 0 -1 0
161 0 -1 0
156 -1 -2 -1
161 0 0 0
159 -1 1 -1
156 -1 -3 -2
141 2 0 0
115 -1 -3 -1
89 -1 -1 1
84 -1 -2 -2
93 3 -3 -4
103 -1 -1 -1
103 3 -1 1
99 1 -2 0
102 0 -1 1
103 -1 -1 0
103 1 -3 -2
104 -4 -1 -2
107 1 -1 -2
112 0 0 2
114 0 -4 -2
120 1 0 0
118 0 1 -1
124 -3 -1 3
122 0 1 -1
124 0 0 -1
124 -3 1 1
127 0 -4 -2
126 -2 2 0
123 -1 1 -1
126 4 -1 0
128 0 -2 0
127 -1 -1 -1
126 -1 -1 0
127 -2 -1 -1
130 2 0 -1
129 -3 -1 2
133 0 -1 -2
129 -3 -1 1
129 0 -1 0
129 0 -1 0
128 0 -1 0
126 -1 -2 -1
123 -2 -1 0
120 -3 -1 0
122 0 -2 -1
124 0 0 0
125 3 -1 2
128 2 2 -2
119 2 -2 0
123 2 -2 0
119 -1 0 -1
126 1 -1 -1
128 -1 -1 -1
127 -3 0 1
128 0 -3 -3
128 -2 -1 0
129 0 -2 0
127 0 -2 0
127 -1 -1 0
128 0 0 0
128 -1 -2 -1
126 0 -1 0
126 0 0 0
125 -1 1 0
125 -3 -1 0
127 1 0 0
127 0 -1 -1
124 -1 -1 0
121 -1 -1 0
116 0 -1 0
113 -1 -1 -1
112 1 2 1
106 -1 -2 1
111 0 -3 -2
124 -3 0 -1
138 -1 -2 -1
148 1 0 0
153 0 1 0
154 -1 -2 -1
154 -1 -2 0
157 1 1 -1
155 -1 -1 0
155 -1 -1 0
156 0 -1 0
155 0 -2 0
158 1 -1 0
153 -1 0 0
155 -1 -2 0
154 -1 -1 -1
155 0 -1 -1
155 1 -2 0
153 1 -3 1
149 0 0 2
148 0 -2 0
145 1 1 -1
141 -2 -5 0
159 0 4 -2
209 -1 -2 0
213 -2 -2 -1
221 0 -3 1
219 -3 5 -1
165 1 -8 -3
96 -3 0 1
111 -1 0 0
110 -1 -4 -1
120 1 -2 0
121 -1 1 2
124 -2 0 1
131 0 2 0
102 -1 -4 -4
45 0 -2 1
46 1 -1 3
42 -3 0 0
52 5 -2 -1
55 5 1 -2
52 4 0 -2
52 -4 -3 1
49 -1 -1 -3
47 -2 -2 2
139 -1 -3 -1
159 -1 -1 -1
160 0 -1 0
162 0 0 -1
165 -1 0 0
167 -1 -2 -1
161 -1 -2 -1
160 -1 1 -1
159 0 -1 0
157 -2 -2 -1
156 -2 0 -2
158 -1 0 -2
158 -1 0 -1
155 0 -2 -1
139 2 -1 0
114 1 -1 0
86 -1 -3 0
85 0 -1 0
95 -1 5 1
102 0 -2 -1
101 -1 -2 0
101 -1 -3 0
101 0 -3 2
103 0 -2 1
102 0 -1 0
102 0 -2 0
106 -1 -1 0
109 0 -2 -1
119 -1 -2 -3
118 0 -1 -1
119 -3 1 0
124 1 -3 -1
121 4 -3 0
120 -3 3 -3
125 -2 -1 -1
125 -1 -1 -1
122 0 -1 2
125 -2 1 2
129 2 -3 3
129 -2 -2 0
128 0 -1 -1
129 0 0 -1
127 -1 2 -1
131 -1 -2 0
126 0 1 0
129 0 -3 0
128 0 -2 -3
128 0 2 -2
128 -1 -1 0
128 0 0 -1
127 0 -1 -1
127 -1 -1 1
124 -1 -1 0
123 0 1 1
122 -1 -3 -4
118 -6 -2 -6
111 -12 -5 -5
115 -15 -3 -1
118 -8 -2 -5
122 -3 1 -3
121 0 -2 0
128 1 0 -2
130 1 -1 -1
130 0 -3 -1
130 0 -1 0
126 0 -2 0
127 -1 -1 0
127 -1 -1 0
128 0 -1 -1
129 -1 -1 -1
126 -1 -1 0
125 -1 -2 -2
127 0 1 -2
125 -1 2 2
124 1 -1 -1
126 -1 0 2
123 -5 -2 -1
121 -1 1 1
115 0 -1 -1
113 -1 -1 0
115 -2 -1 1
107 1 2 -2
114 -2 0 -2
125 -1 -2 -1
135 -1 -1 0
144 0 1 -1
148 -1 -1 0
151 0 -2 0
153 0 -1 -1
155 -1 -2 -1
154 -1 -1 -1
154 -1 0 -1
153 0 0 -1
154 -1 -2 -1
153 0 -2 -1
151 2 -1 0
155 0 -1 2
155 0 0 1
153 0 -1 0
151 -1 -1 -1
150 0 -1 -1
147 -1 -1 -1
147 -1 -2 -1
142 -1 -1 0
143 0 -1 0
139 -1 -7 -2
188 0 1 -2
214 -2 -2 0
221 -1 1 0
220 -1 -4 -1
204 0 4 4
122 1 -6 1
108 -1 -2 -1
112 -2 -2 -2
112 4 -3 0
116 -3 -7 -3
129 8 -1 3
108 -5 1 -5
53 -2 -6 0
45 0 0 0
43 -1 0 0
47 -1 -2 -1
62 1 -1 -1
55 3 -3 1
54 0 -2 -1
49 0 0 -1
47 0 -2 0
46 0 1 -1
137 -1 -2 0
158 0 -2 -1
161 1 -2 -1
163 -1 1 1
169 1 -2 -1
159 0 1 1
153 -1 0 1
154 1 -2 -2
152 -1 -2 -1
159 0 0 0
159 1 -3 1
160 0 -1 1
160 -2 1 0
157 -1 -3 -1
142 -1 -2 -2
116 2 -1 1
84 1 -3 0
86 -1 0 -2
95 -1 1 -2
101 0 -2 -1
103 1 -4 -1
104 1 -1 -1
100 -1 0 2
103 -1 1 1
101 1 -1 -1
105 0 -1 0
108 0 0 0
112 0 -2 -1
117 -1 -1 -2
120 1 0 0
120 -1 0 0
120 -1 -3 0
124 -2 -2 0
124 1 -1 -1
125 0 -1 -1
125 0 -1 1
124 -2 -3 1
123 0 1 -1
129 -2 -4 0
127 0 -2 1
126 1 -1 0
126 -2 -1 -1
127 -1 3 1
130 0 -2 -1
127 -1 -1 0
129 -1 0 0
126 -2 0 -1
126 1 -2 -2
126 -1 -1 1
126 -5 0 1
124 -4 -1 0
122 -3 -1 -6
130 5 -1 1
126 2 -2 -2
130 1 3 -3
148 3 9 -10
153 -3 14 -5
150 4 9 -5
149 7 7 -10
131 15 4 -7
124 8 -1 1
113 -21 -2 -2
118 -12 0 3
121 0 -1 -1
123 2 -2 0
125 1 -1 0
125 -1 -1 0
126 0 0 -1
127 0 -1 0
128 -1 -1 0
127 -1 -1 -1
127 0 0 0
124 -1 1 0
124 -2 0 1
122 -1 -1 -1
126 0 1 0
122 -1 -1 0
123 -1 1 0
117 -2 -1 1
114 1 -1 1
112 -1 0 1
106 0 -1 -2
110 1 -4 1
118 0 -2 1
135 0 -1 -1
144 -1 1 0
146 0 -1 -1
147 -1 -1 0
150 0 -2 0
153 0 -1 -1
154 0 -1 0
155 0 0 0
153 0 0 0
155 0 -3 -1
154 -1 -1 0
156 -2 0 -1
152 -2 -2 1
152 -1 -1 -1
152 0 -1 0
149 0 -2 -1
148 -1 -1 0
143 0 -3 -1
145 0 -2 0
140 0 0 -1
142 -1 1 0
142 2 -5 0
157 -1 3 4
205 1 -2 -1
216 -1 -2 0
223 -1 -2 -1
217 0 5 -3
171 3 -12 2
103 2 5 3
112 1 1 -1
112 -3 -5 -1
123 2 1 1
103 -7 1 -5
50 0 -4 0
46 1 0 1
42 -1 2 1
47 -1 -1 0
53 -1 -1 -2
59 0 0 0
51 -1 -2 -2
50 1 0 1
47 1 -1 1
45 -1 0 -1
46 -1 -1 -1
139 -1 -3 -1
158 -1 -1 -1
159 0 -1 -1
168 -1 -1 0
166 0 -2 -1
153 -1 -1 -1
146 1 -2 0
146 -1 -1 -1
150 0 0 -1
160 0 -3 0
160 0 0 -1
161 0 -1 -1
160 0 0 0
156 0 -1 0
141 0 0 0
119 -1 -2 -1
89 0 -2 0
85 0 -2 0
94 0 0 -2
98 0 -1 -1
103 0 -3 -1
103 2 1 1
103 -3 0 -1
102 0 0 -1
103 2 -1 -3
103 0 0 1
108 1 -1 -1
111 -1 -1 0
117 0 -1 1
118 1 -2 2
119 0 -1 0
124 -2 0 -1
125 -1 -1 -1
125 0 -1 -1
126 0 -2 -1
125 -1 -1 -1
124 -1 1 0
129 2 1 -3
128 -1 0 0
128 0 -2 -2
125 4 -2 2
126 -1 -2 -2
127 2 -2 2
128 1 1 1
130 1 -2 -1
129 0 0 -1
126 -1 1 2
124 -2 -4 -1
131 3 -3 1
142 -2 -3 -1
139 1 3 -2
146 1 -2 2
146 -1 -1 -6
153 1 -3 -1
161 -3 -14 3
165 -3 -9 1
173 -2 -11 4
175 3 -6 -3
181 -7 0 6
187 -4 6 -1
181 -3 -1 4
176 -3 -2 -2
150 9 -6 2
125 12 -3 -7
112 -13 -1 -2
117 -8 0 4
126 2 -2 -2
122 -5 1 0
125 -1 -1 -1
131 0 -2 0
128 0 -1 -1
124 -1 -3 0
127 -1 -1 0
124 0 0 0
124 -1 -1 1
126 1 -1 -2
122 -3 -1 0
118 -3 0 -1
117 -1 -1 0
112 -1 -3 -1
110 0 0 -1
106 0 -3 1
108 -3 1 3
118 -2 4 1
137 0 -2 -1
143 -1 2 0
142 -1 0 0
147 0 -2 0
147 -1 -1 0
151 -1 -1 -1
153 -1 -2 -1
153 -1 -1 -1
151 -1 -1 0
153 -1 0 -1
149 -1 -1 -1
153 1 0 0
153 0 1 -1
151 0 0 0
150 0 -1 0
147 0 -2 -1
145 -1 -1 0
142 -1 -2 0
141 -1 -2 0
140 -1 0 -2
142 -1 0 -1
143 0 -2 0
142 0 -8 1
177 -1 1 2
211 0 -2 -1
220 -1 -2 -1
223 -1 -2 0
212 -2 6 -2
141 0 -3 -2
111 -2 1 -4
119 0 3 -2
100 -3 -2 -3
44 1 -2 4
47 -1 1 1
44 0 0 -1
44 -1 -1 -1
49 -1 -3 -1
56 0 4 -1
62 -1 -2 -1
57 -2 2 0
45 -1 -4 -1
41 1 -4 1
46 -1 -1 -1
47 -2 -1 0
136 -1 -3 -1
159 -1 -1 0
163 -2 -1 -1
167 -3 -3 -1
160 0 -1 -1
145 0 -1 -1
137 -1 -1 -1
136 1 -2 1
150 -1 1 0
162 -1 -1 0
161 -1 0 0
160 -1 -2 -1
163 0 -1 -1
160 0 1 0
141 -2 0 -1
118 0 -2 0
85 -1 -3 -1
83 0 -2 -1
90 -2 -2 3
95 -2 -3 2
104 0 -1 0
101 -2 -1 -1
104 -2 -1 -1
103 2 -1 1
104 -1 -3 1
108 -4 0 2
109 1 1 -1
116 1 -4 -2
117 0 -1 1
121 -4 0 -2
118 -1 -1 -2
122 1 0 0
125 0 -1 0
126 0 -1 0
125 -1 -1 -1
125 1 -2 2
129 1 1 2
126 0 1 -1
127 -1 -1 0
129 -2 -3 1
128 -3 0 -2
128 3 -1 -1
129 -2 0 2
127 0 -2 0
124 -6 -1 0
127 -1 0 1
127 -2 -1 -5
137 2 0 3
144 -5 -2 -5
150 4 -2 -3
143 4 4 0
146 -3 1 5
148 4 4 1
162 -2 8 0
163 -4 5 7
172 -1 1 8
179 -3 5 2
178 2 4 -2
173 2 2 6
166 2 -6 -5
176 3 -7 -3
180 0 1 5
186 -6 1 -6
194 -2 -5 2
171 0 2 -1
141 14 -1 4
110 -15 0 3
124 5 3 -2
123 0 0 -1
128 0 -1 0
124 -3 0 0
126 -1 -1 -1
125 -1 -3 -1
121 -1 2 1
123 -2 -2 -2
123 0 0 -3
121 -2 -2 0
118 -1 2 0
115 0 -2 -1
114 1 -1 1
112 -1 0 1
106 -1 -3 -3
109 4 -4 0
120 1 1 0
137 0 -1 0
142 0 -1 -1
146 0 -2 -1
143 -2 0 0
146 0 -2 -1
148 -1 -2 0
153 1 -1 0
153 0 -1 -1
152 0 -2 -1
153 1 -1 0
151 1 -1 -1
148 0 -1 0
148 -1 0 -1
148 0 1 1
145 -2 -2 -1
143 -1 -1 -1
143 1 -2 -1
140 0 -1 -1
139 1 -1 -2
140 -1 -3 1
142 0 -2 -1
140 -1 0 -1
139 -1 2 -2
145 -3 -3 -3
196 0 -1 -1
216 -1 -2 0
224 0 -1 0
223 -1 -2 -2
193 3 -4 5
120 -4 -1 1
109 4 -9 -7
54 2 -2 -2
41 -2 -1 1
44 -3 0 0
45 -2 -1 -1
49 -2 -1 0
52 0 0 0
53 1 -2 -3
50 0 -1 0
47 -1 -2 -3
48 0 1 2
49 0 -1 0
45 -2 -2 1
43 2 -1 -1
134 -1 -2 0
161 -1 -2 -1
171 0 -1 0
162 -4 -2 -1
153 -3 -1 -1
134 -2 1 -1
123 0 -1 -2
136 2 -1 0
152 0 0 0
163 -1 0 -1
163 -1 -2 1
163 -1 -1 0
163 0 -1 -1
159 -1 -2 0
144 -2 2 -2
117 -5 -3 1
85 0 -2 -1
80 0 0 -3
94 5 -3 -1
95 3 -2 0
96 -2 -1 0
99 1 0 2
99 -1 0 0
99 -3 -2 -2
103 -1 0 -1
103 0 0 -2
108 1 0 0
114 -1 -2 -1
117 -1 0 -1
115 0 -3 0
121 -2 -1 2
121 -3 -2 0
124 0 -1 -1
121 -4 0 -3
120 -1 -1 0
127 -1 -1 0
127 -1 -1 1
126 -1 -2 0
124 3 -1 0
130 -4 -4 -2
124 -1 -2 0
122 -6 -6 -5
130 11 -1 0
136 8 -1 -2
140 0 -1 -1
127 -4 -4 0
130 1 -1 -1
141 -4 -4 0
142 -4 0 0
139 1 -1 -1
145 3 -6 2
150 5 2 -1
147 -2 -6 -3
156 1 -1 -9
157 -1 -3 -3
160 7 -2 -3
165 -2 -2 2
175 -1 -4 -5
173 -2 -4 5
176 -4 0 0
173 0 1 -10
182 2 0 -1
183 -3 -1 6
186 3 -2 -4
195 -3 -1 2
197 -1 2 -8
167 6 -3 14
118 -2 -6 -12
114 -11 1 3
124 1 -3 0
124 -1 -1 -1
127 -2 1 -1
123 -1 -2 0
127 -2 -3 -1
121 -1 2 0
124 -2 1 0
119 0 -1 -1
114 0 0 0
113 0 -1 0
110 0 -4 0
112 -2 -3 0
103 -3 -2 0
111 -1 -2 -1
119 0 0 -1
136 0 -1 -1
143 0 -2 0
148 0 -1 0
144 -1 -2 -1
144 1 -1 -2
148 -2 -2 1
149 0 -1 -1
151 0 0 0
151 0 -1 -1
148 -1 -1 -1
146 0 0 0
145 0 -2 -1
146 0 1 0
145 0 -4 -1
145 0 -1 -1
145 -1 -1 -1
140 -1 -1 -1
139 0 -2 0
138 0 -1 0
137 -1 -1 -1
137 0 0 -1
140 0 -1 0
142 0 0 0
136 0 -8 1
164 0 6 4
211 2 -4 0
220 0 0 0
225 -1 -5 0
223 -2 7 2
158 1 -13 2
54 0 -2 0
45 -2 -1 0
44 -1 1 -1
48 0 0 0
53 -3 -2 0
53 -4 -1 -2
53 -1 -1 0
50 -1 0 -3
47 -2 -3 0
46 0 0 1
52 -2 0 1
45 1 -1 -4
42 0 -4 -2
46 -4 0 2
137 -1 -3 -1
165 -2 -1 -1
169 0 -1 -1
159 -2 -1 -3
148 0 0 1
118 0 -2 -2
106 4 -1 2
134 0 1 1
153 -1 -1 -1
164 0 0 0
164 0 0 -2
163 0 0 -1
163 0 -1 -1
159 0 -2 -1
145 1 1 -1
117 -2 -3 0
83 1 -2 -1
77 -2 3 1
87 -1 0 1
91 -3 -1 0
99 -3 2 -2
98 0 2 -1
96 -3 -1 0
100 -1 0 1
103 1 -1 -2
105 0 -1 1
107 -3 -1 -1
110 1 -3 -1
116 1 -1 0
117 0 -2 -1
119 2 -1 1
119 3 -1 0
122 1 -2 0
122 -4 0 -2
120 -2 0 -1
127 0 -1 -2
124 1 1 -3
126 -1 0 -2
128 -2 -3 2
126 3 14 16
128 14 0 1
152 -10 -12 7
143 0 0 -3
140 -5 0 0
125 2 0 -2
120 3 -4 2
126 2 -1 0
132 -3 -1 -6
132 3 -3 -1
129 2 -2 0
141 -6 -2 -2
133 2 8 -1
148 0 0 2
151 4 -2 2
159 1 0 -2
163 2 -10 -7
169 0 -2 0
164 1 2 4
176 5 4 -4
175 -1 -5 10
180 -1 4 -1
185 1 -1 -5
188 -2 -4 6
188 -1 -1 -2
187 2 -2 0
189 -2 -2 -3
197 1 1 3
194 -8 5 -9
141 16 -4 -4
110 -23 1 5
117 7 -1 -1
119 3 -1 -1
118 0 -3 -3
120 2 -3 -1
119 2 -2 -1
120 1 -1 -1
118 0 -2 0
115 0 0 0
113 0 -1 -1
110 -1 -3 -1
109 -1 -1 0
103 -2 -5 -2
108 1 -3 -1
118 -1 1 0
135 -1 -2 0
142 -2 -1 0
147 -2 -1 0
145 -1 -1 -1
144 0 0 -1
147 1 -3 1
145 0 -1 0
149 1 0 0
149 -1 -2 -1
152 -1 1 1
146 1 -1 0
144 0 0 0
140 -2 0 0
143 0 -3 -1
142 -2 0 -1
143 -1 -1 -1
143 1 -1 0
143 1 0 -1
141 0 -1 0
141 0 0 0
138 -2 -1 0
142 0 -1 -1
142 0 -1 0
139 -1 3 -1
133 1 -8 -1
189 5 0 0
215 -2 -1 0
223 -3 -4 -2
226 1 6 13
162 -8 -46 10
30 6 5 -2
46 0 0 -1
44 -1 1 1
47 -2 -2 0
54 -2 -1 0
54 -2 -1 -1
54 -2 -1 -2
48 1 -2 3
42 -1 0 -1
49 -2 -1 -1
45 -2 -2 1
45 2 1 -1
45 -2 -3 -1
51 2 -2 -1
140 1 -3 -1
171 0 0 -1
166 -1 -1 0
150 0 0 0
131 4 -1 0
92 4 -10 -1
102 2 2 -1
134 2 -1 0
155 0 -1 -1
163 -1 -1 -1
163 0 -2 0
164 0 -1 0
162 -1 0 0
157 1 -2 -3
141 0 1 0
114 2 -1 0
80 1 -1 0
80 -1 -1 -1
84 -1 0 1
90 2 -1 -2
91 -1 -3 0
95 -1 0 -1
96 0 -3 -2
99 -1 -4 1
101 -1 -1 -1
102 0 0 0
103 -2 0 -1
108 1 0 1
114 -2 -1 0
114 -1 -2 0
118 0 0 0
118 -1 -2 -1
123 -1 -2 -1
122 0 -1 0
122 -3 -1 -1
123 -4 -2 -1
124 -1 -2 0
125 1 1 2
117 -6 -12 -11
151 17 5 -22
114 -16 4 2
121 2 0 0
118 -1 0 -1
118 2 -2 -1
121 -3 -2 0
119 -4 -1 -2
122 -1 1 -4
132 -1 -1 1
130 -4 -5 -1
125 0 -4 1
136 -2 -1 -2
139 1 1 -1
142 1 2 -4
147 -2 10 2
155 -1 3 2
155 -4 2 -1
163 5 -2 -15
173 -1 -6 5
175 0 -2 3
183 2 -3 -7
184 -4 -1 6
184 0 -2 -1
183 5 2 -2
190 -2 0 -1
185 5 1 -2
194 -1 -3 1
194 3 0 -3
193 -4 -2 2
197 -2 -4 -3
164 5 -3 15
108 -2 -2 -11
107 -11 2 4
117 2 4 -3
117 -1 -1 -1
114 -1 -2 0
118 0 -2 0
116 -1 -2 -1
114 0 0 0
112 0 -2 -1
111 0 0 0
106 0 -1 0
104 -1 -3 0
103 0 -1 -1
119 0 -1 0
137 0 -1 0
146 0 -1 0
150 -2 -1 -1
145 -2 -3 -1
144 -1 -2 -1
142 -1 0 1
142 0 -1 -1
142 -1 -2 0
145 0 0 0
148 0 -2 -1
144 0 -1 0
143 0 0 0
140 -2 0 -1
140 -2 -3 -1
144 -1 -1 0
142 0 -2 -1
142 0 -2 -1
140 -1 0 0
142 -1 -3 0
142 1 -2 -2
140 -2 -1 -1
141 -1 -1 0
142 0 -1 0
140 -1 -1 0
141 -1 -4 0
153 -3 -3 -1
209 -2 -2 0
219 -4 0 5
204 5 4 -26
50 -4 3 -6
40 -1 -1 0
43 2 -1 -1
45 1 -4 0
52 -1 -1 -2
55 -1 -2 -1
56 -1 0 -1
48 0 -3 -3
43 -3 -1 4
47 1 0 1
54 -1 0 -4
44 -2 0 1
48 -1 -1 -2
48 0 0 0
46 -1 -2 0
144 0 -2 -2
167 -3 -1 1
157 0 -2 0
142 0 -5 -4
109 -3 -5 -2
79 0 -4 1
100 2 0 0
133 1 -1 0
153 0 -1 -1
165 0 1 0
164 -1 0 0
163 0 -2 -1
162 -1 -1 0
157 0 0 -2
141 0 1 0
113 0 -4 0
84 -1 -3 -2
78 2 1 2
86 -1 -1 1
88 -3 -2 -2
97 -1 -2 -3
98 1 1 2
99 -1 0 2
96 1 0 -3
101 -1 -2 0
101 0 0 1
105 -2 2 -1
107 1 -2 -1
115 5 0 0
110 0 -4 -1
114 -1 -1 0
117 0 -2 -1
118 -2 -1 0
119 -2 -2 0
123 -2 -2 -1
123 -1 -2 0
123 -2 -2 -1
124 0 2 4
121 -4 -5 11
128 0 -15 4
104 0 1 -2
121 0 -1 1
120 0 -4 5
116 2 -2 -3
125 -2 0 0
121 -1 -4 2
127 -1 -2 6
130 2 1 -1
127 -2 0 2
130 3 1 2
136 1 -4 0
132 -2 -1 0
137 -1 -3 -7
140 -2 -4 -4
150 0 -5 -3
158 2 -6 10
169 -2 2 3
173 0 3 -12
176 2 -1 5
178 -5 0 -3
181 2 0 -1
183 -7 -6 0
186 3 -2 -3
189 -1 1 4
188 0 -1 -4
191 2 -1 3
197 -1 -2 -2
195 1 -2 3
193 -3 0 -3
197 -2 7 0
193 0 6 -1
124 3 -10 -21
102 -9 -2 2
109 6 -1 3
110 2 -1 0
114 1 -1 0
115 1 -1 0
113 0 -1 -1
108 -1 -1 -1
108 -1 0 0
105 -2 -2 -1
103 -1 -4 0
105 -1 -1 0
120 -1 0 -2
138 -2 -2 -1
146 -2 -1 -1
148 1 -2 -1
149 1 -1 1
147 0 -2 1
141 2 0 -3
138 -2 -1 0
138 1 -1 1
140 0 -2 -1
146 1 2 1
145 -1 -2 -1
142 -1 -1 0
140 -2 -1 0
140 -2 -3 -1
145 -1 0 0
142 -1 -1 0
141 -1 0 0
142 0 -2 -1
141 -2 -4 0
141 1 -2 -2
142 -2 -1 0
143 -1 -1 -2
144 2 -1 -1
144 0 -1 1
144 0 2 2
144 1 -15 -5
185 7 1 6
198 -6 8 -22
67 -4 -9 4
43 3 -3 0
42 -3 0 0
43 -3 -2 0
47 -4 0 1
49 0 -1 2
53 1 -1 0
51 1 -2 -1
46 2 0 0
48 -1 -1 1
52 -3 0 0
45 0 -1 -1
46 -3 -3 -3
56 1 3 5
53 3 -4 -2
29 -3 1 -6
148 2 -2 -1
162 0 -2 1
148 -1 1 0
124 2 1 2
83 -7 -1 2
79 1 0 -5
106 -3 -1 0
134 -1 0 -1
153 0 -2 0
165 -1 0 0
167 -1 -2 -1
163 0 -2 -1
161 0 0 -1
156 -1 -2 0
140 0 -1 -1
116 -2 -2 1
78 0 -2 -1
74 -1 -1 -1
87 -1 -3 0
94 -2 -2 -1
98 0 2 -3
98 3 2 1
100 0 1 -1
97 -1 1 0
99 0 -2 -1
101 0 -2 -1
107 0 0 -4
106 0 -2 -3
110 1 -2 1
115 -2 -2 -1
118 -2 -1 -1
115 1 -1 1
119 -1 -1 -1
119 -2 -1 -1
120 -1 -1 -1
120 0 -1 1
122 -4 0 2
122 -3 -14 -7
147 13 -10 -8
109 -1 4 2
120 1 -1 1
107 0 -2 0
113 0 0 -2
119 -1 -2 0
123 1 -1 2
121 -4 -5 6
128 4 -4 -1
124 -3 -5 -4
133 -1 -6 -4
138 0 3 -9
132 4 1 -2
132 1 1 3
137 -2 -1 -3
139 1 -3 -12
144 -2 -3 -5
154 0 0 -2
160 0 -4 15
165 -9 2 -2
170 8 2 -5
181 -10 -2 3
179 0 -2 -6
186 -1 1 2
192 -2 -1 -5
190 1 -1 1
190 -1 -1 -2
191 4 3 0
195 -5 -2 3
194 4 0 -4
195 -2 0 2
197 4 0 -2
196 -13 -3 1
198 -7 6 -2
122 10 3 1
99 -12 -11 -20
99 -10 -2 -2
106 4 -2 1
110 0 -1 -1
110 -2 0 -2
108 3 0 0
106 -2 -2 -2
107 -3 -1 -1
101 -6 -3 1
103 0 -2 0
118 0 -1 -1
141 0 -1 0
149 -1 0 -1
153 -1 -2 -1
154 -1 0 0
149 -1 0 0
143 0 -3 0
134 0 -3 0
130 0 -4 1
129 -2 -3 0
135 -3 1 -2
147 0 -1 0
143 0 -2 -1
144 -1 -1 -1
143 -1 -2 -1
146 -1 -1 0
143 0 -1 0
142 -1 0 -1
142 0 -1 0
142 -1 -1 0
141 0 -2 -1
143 -1 -1 -1
144 0 0 0
143 -1 0 0
149 0 -1 -1
144 0 -5 -1
150 -4 -1 0
150 0 6 -9
62 4 -7 0
44 -2 -1 3
42 3 -3 -4
46 -2 -1 0
47 -1 0 0
47 -1 0 0
50 -1 0 -1
48 0 -1 -1
43 0 -4 0
49 -2 3 0
51 1 -4 0
42 -4 -2 0
49 1 0 1
58 1 2 0
62 1 -3 0
35 -5 -6 -8
61 0 21 -2
165 1 -2 0
154 -4 -2 -2
137 -2 1 -4
101 0 -11 5
93 -2 -1 3
76 4 1 -3
106 -1 -1 0
134 0 -1 0
153 0 -2 -1
164 -1 -1 0
168 0 0 0
164 -1 -1 0
162 0 -1 0
155 -1 -2 -1
141 0 -3 0
114 3 0 -1
82 1 -2 0
77 1 1 -1
84 0 -3 -1
92 1 -3 -1
97 -1 0 1
97 2 0 3
97 0 2 1
98 -1 0 -1
98 -2 -1 1
101 -1 -1 -1
105 -1 0 -2
107 -1 -1 -2
110 2 -2 4
113 -3 -1 1
112 1 -2 -1
112 -4 0 -3
118 0 -2 0
117 1 -1 0
120 1 -1 0
120 0 -2 0
122 -2 -7 1
133 -2 18 -5
132 3 -5 -3
110 0 -1 0
109 -2 0 7
110 -1 2 4
118 1 -1 1
116 -1 -4 -5
119 1 -1 -1
124 1 3 -4
121 1 1 4
126 1 -1 4
126 -3 -2 2
131 1 -4 1
136 -3 -4 5
133 0 -7 8
137 0 -5 4
138 0 1 0
146 3 -3 -7
145 -3 -3 -11
156 1 -1 1
165 -3 -2 4
177 -3 -3 -4
181 1 1 4
187 -2 0 -8
185 3 -3 3
186 -5 -1 -1
191 6 2 0
192 -6 -3 4
197 2 -1 -3
193 3 1 3
189 -3 -6 -7
188 -10 0 3
187 7 2 -1
203 2 -3 1
209 0 2 -2
219 -4 -4 0
216 -5 16 -6
118 12 -6 -17
94 -5 0 -3
104 -4 -1 0
103 -2 -1 -2
102 1 -1 -1
103 -1 -1 -2
104 0 0 -1
96 0 -5 1
102 0 -3 -2
119 0 1 0
141 -1 -2 -1
152 0 1 0
153 0 -1 0
153 0 -1 -1
152 -1 -1 0
147 0 1 0
129 -3 -3 -1
115 -1 -5 -1
112 0 -2 1
125 0 2 2
141 -1 -2 -1
147 -1 -1 0
145 0 0 0
145 1 -1 0
147 0 -1 0
143 -1 -2 -1
142 0 -1 0
142 -1 -1 -1
142 0 0 -2
142 -2 -3 0
143 -1 -1 -1
145 -1 0 0
144 -1 -2 -1
146 -2 0 0
151 -1 -3 1
154 0 6 -3
88 -4 -9 1
42 -1 3 2
42 -1 -4 -4
41 -4 -5 0
46 -2 0 -1
48 0 -3 -1
53 1 -4 0
45 -1 1 2
44 -3 1 -2
50 -2 -1 2
52 -1 -1 2
46 2 -1 -4
48 -1 -2 -1
52 -2 -2 0
72 1 -2 1
44 -4 0 -5
49 -1 -3 3
144 -1 1 1
159 -1 -3 0
148 -1 -3 0
121 1 1 0
85 -2 -2 -1
82 3 -3 -1
81 -3 -7 -2
102 -1 0 -1
134 0 0 0
152 -1 -1 -1
165 0 0 0
168 -1 -3 -1
166 0 -2 0
161 -1 0 0
155 -1 0 -1
137 0 -1 -2
111 -2 -6 1
78 -1 -2 -1
76 -1 -1 -1
86 0 -2 -1
94 -1 0 -1
100 1 3 0
96 2 -1 1
100 -2 0 2
100 -4 0 1
100 -1 -3 3
102 0 0 -3
104 2 -1 0
110 -2 -3 -2
111 -2 1 -1
112 0 -2 0
114 -1 0 0
115 -2 1 -1
121 -1 -2 -1
119 -1 -1 0
119 0 -1 0
118 -1 -4 -1
124 1 -5 3
128 0 -5 1
110 -3 -1 -4
111 2 0 -1
110 -2 1 -1
113 2 1 0
120 -8 -5 -5
114 1 5 0
123 -4 2 4
117 1 -5 -3
123 -3 -2 0
122 -6 3 1
125 3 -3 0
132 -1 1 -2
130 -2 0 3
134 -3 1 7
131 4 -5 8
139 -3 1 5
138 -5 -3 -2
150 -4 -2 -13
151 -4 1 -4
169 -4 -4 5
178 -1 1 -5
183 2 2 0
186 -5 4 -6
184 6 2 2
188 -6 -2 -1
189 11 -1 -5
191 -4 2 -1
184 -12 3 -1
185 1 0 -1
197 2 -3 0
206 -1 1 -1
210 -2 -3 1
210 0 0 -1
210 0 -2 0
211 -1 -1 -1
218 -1 -6 -1
211 5 -12 21
81 -9 9 6
97 4 -2 -3
100 -2 0 0
100 -1 -1 -1
97 0 -3 1
101 -4 1 1
95 0 -4 -4
100 -1 1 0
118 0 1 -1
138 0 0 -1
149 0 1 -1
154 -1 -3 0
152 0 -1 0
154 -1 0 -1
149 -1 -1 -1
132 -1 0 -1
105 0 -2 -1
89 1 -6 -1
105 0 -3 4
131 1 -1 -1
142 -1 1 -1
145 1 0 1
141 -3 -2 3
145 1 -2 -1
144 -2 -1 -1
142 -1 -1 -1
142 0 0 1
140 -4 1 -1
143 2 1 1
148 1 -2 -1
146 0 -1 0
147 -1 -2 -1
147 0 -2 0
155 -1 8 7
106 -2 -13 4
43 1 4 -3
44 -2 -4 3
42 -5 2 -6
48 -2 -3 -1
53 -2 -1 -1
50 -2 -1 0
50 -1 -2 0
44 0 -5 0
46 -2 1 0
58 -4 -1 -4
45 2 1 0
47 -2 -3 -1
45 1 -2 0
74 -2 3 1
67 -2 -7 -4
51 -2 -2 4
126 -1 -3 -1
153 0 1 0
153 0 -1 0
135 2 0 1
98 -1 -5 -2
85 1 0 -3
88 1 0 1
83 -1 -1 0
104 0 -1 0
133 -1 -1 -1
153 0 0 0
164 -1 -1 -1
168 0 1 1
165 -1 0 0
162 0 0 0
155 0 0 0
138 -2 -3 0
113 2 0 -2
83 -1 -2 0
77 -1 -1 -1
89 -1 -1 0
92 -1 -1 -1
95 -1 -2 -3
97 1 -2 -1
99 -2 -1 2
106 0 -2 -2
99 -1 0 -2
100 1 3 -2
105 1 0 0
110 0 -2 0
110 -1 -1 0
115 0 0 0
116 -3 2 1
119 0 0 -1
119 -1 -1 0
119 -3 -1 -2
121 0 0 0
119 -2 -4 0
129 -1 3 -4
112 2 0 0
109 -3 0 -1
110 0 0 -1
112 3 4 1
118 -1 1 2
119 1 0 -3
123 -2 -2 -1
122 -2 1 -6
123 -3 -3 -3
116 -4 2 -4
126 -1 -1 0
128 0 -1 -10
138 -2 0 -5
134 2 -3 -1
139 -3 -5 7
130 1 -3 5
141 3 -2 0
137 -2 0 -4
146 0 1 -6
155 1 -1 -3
167 -1 -4 5
176 -1 2 -4
184 4 2 4
185 -8 -3 -4
191 7 2 4
185 -2 -2 -6
177 -12 3 3
177 5 3 1
197 4 0 1
208 -2 -2 0
208 -2 -1 -2
204 1 0 0
205 -2 -1 -3
210 1 -2 -1
211 2 0 0
211 1 -1 0
213 -1 -2 -1
222 -2 11 -6
175 1 -23 13
75 -9 7 10
92 2 -2 -2
96 0 0 1
98 1 -2 -1
97 -1 0 0
94 -3 -2 -3
99 -1 1 0
114 -2 1 1
137 0 1 0
149 0 1 0
154 -1 -4 -1
151 -1 -1 -1
155 1 -1 0
147 -1 -3 -2
135 0 2 0
106 0 1 -2
63 -2 1 -1
76 -3 3 0
120 2 0 -1
138 -1 -2 -1
146 3 -1 0
144 -1 -3 2
147 0 -1 -1
142 1 -2 0
142 0 -1 -1
142 -1 0 -1
140 1 -3 -2
143 -2 -1 -1
143 -1 -1 0
143 -2 -2 0
146 -4 -1 -1
153 0 -1 -3
133 2 -4 -9
48 1 1 0
42 1 -3 0
36 -1 2 -1
44 -2 4 0
50 -3 0 -4
50 -2 -3 0
53 1 0 -1
47 1 -6 -2
46 -2 -1 1
52 -2 0 -1
49 -2 -1 0
42 -3 -1 -1
51 9 -3 3
64 2 4 1
77 -2 -2 -3
63 1 0 0
117 2 2 0
145 -1 -2 1
151 0 -1 -2
141 -1 0 -1
108 0 -3 -1
80 0 1 0
89 -1 -5 0
87 0 1 -1
85 -1 -4 0
103 -1 0 0
134 -2 0 -2
151 0 -1 0
163 -1 0 -1
167 -1 0 -3
165 -1 0 -3
162 -1 0 0
155 0 -1 -1
138 -1 -1 -1
114 0 -2 0
82 -3 -3 0
77 -3 1 -2
88 0 -1 -1
91 1 -1 0
95 -1 1 0
99 -1 4 0
100 -2 0 -1
101 -1 0 -1
98 -2 -2 0
99 -1 -1 -1
105 -1 0 0
107 0 -7 0
114 -3 -3 -3
113 1 0 0
116 0 0 0
117 0 -2 0
118 -1 -1 0
122 -2 -1 -1
123 -1 -5 -4
129 0 1 -4
113 -1 3 1
103 -1 -3 0
108 -1 -5 -5
114 0 -2 -3
111 2 0 1
114 -1 0 -3
119 0 -3 4
119 3 2 1
113 -3 1 3
116 1 0 4
119 0 0 4
125 2 -6 0
129 -5 -2 -1
134 -3 -2 -6
132 -1 -1 -2
139 -4 -4 3
139 -2 -1 3
139 3 -2 0
149 1 -1 -3
142 1 -1 -8
153 1 1 7
158 -4 -5 2
173 0 0 -4
180 2 -2 -2
185 10 4 -2
168 -16 4 1
169 7 0 -1
193 -1 -7 -1
210 -2 -3 0
205 -4 0 0
205 -3 -2 2
201 3 -2 -6
206 2 -2 0
206 3 1 0
204 0 -1 -2
205 -1 -1 -1
207 0 -1 1
210 1 -4 0
216 1 -4 0
222 -2 16 -6
142 -2 -24 -21
77 0 3 0
89 3 -1 0
92 -2 0 -1
94 -1 -1 0
95 -1 -1 -1
97 0 0 -1
116 -1 -2 0
135 0 0 -1
148 -1 0 -1
155 -1 -2 0
152 -1 0 0
151 0 0 0
149 -1 0 -2
135 3 1 1
106 -1 -1 -1
61 -2 -5 0
54 0 -1 -1
95 0 0 -1
128 -2 -3 0
141 1 0 0
146 0 -1 -1
143 0 -1 0
144 -1 0 -1
142 -1 -1 0
141 -1 -1 0
143 -1 0 0
146 0 -3 0
142 -1 -1 0
146 0 0 1
145 -5 -3 -3
150 1 7 -4
67 -8 -4 -3
52 19 -3 -4
43 7 0 -1
45 -1 -4 2
54 -1 -2 0
54 -2 1 -1
51 1 -1 0
49 1 -1 -2
45 1 -1 -4
58 -3 1 2
48 1 -1 -1
47 0 -3 -2
54 -1 -1 -6
64 -3 1 0
71 1 4 -5
75 -3 -7 1
115 0 2 0
144 -1 -2 -1
145 2 -4 -3
136 -4 2 3
128 0 0 0
90 0 -3 2
86 1 1 -1
91 0 -3 0
85 -2 0 1
86 0 -5 -2
101 1 0 -1
131 2 -1 3
152 -1 0 0
161 1 -2 0
168 0 0 -2
163 2 -1 0
161 0 -1 -1
154 -1 -1 0
139 0 -1 0
113 0 -1 -1
82 -1 -4 -1
77 -2 0 1
91 -1 -1 0
96 -3 0 -1
96 -2 -1 -2
94 0 3 -2
97 3 1 0
100 0 -3 2
99 1 -2 -1
102 0 1 0
104 -1 -2 -2
107 0 0 2
112 -3 0 -2
117 2 -1 0
117 0 -1 0
117 1 -1 0
116 0 -1 -1
119 2 -1 1
123 -3 3 0
120 -2 -1 3
107 -2 -3 -5
109 0 -2 -1
113 -1 2 1
112 -1 0 -1
116 0 -1 -2
120 -1 1 -2
115 -2 -1 -2
111 -7 -4 -1
111 5 -3 -1
122 -3 2 -2
129 0 -3 0
125 0 -1 4
135 -6 4 2
137 -4 -2 -7
142 0 -3 -5
142 -2 -6 3
145 3 -2 8
141 -7 0 5
138 -1 -1 -8
143 -2 -2 -6
149 3 4 3
162 -8 -4 3
175 11 -9 -5
167 -11 -8 -15
154 -2 -13 0
183 4 -2 0
204 -2 -1 0
203 0 0 -3
199 2 -4 -1
208 3 -3 -4
208 2 0 1
203 2 -2 3
197 -6 -2 -1
199 1 0 0
201 -1 -1 -1
208 5 1 0
211 1 0 -4
209 -2 0 -1
214 -3 0 0
219 1 -10 1
223 -2 19 7
88 -10 2 -11
79 -12 0 3
84 4 -2 -3
86 0 0 -2
90 0 -3 1
97 0 -2 0
115 0 -1 -2
135 -1 -2 -1
149 0 0 0
154 -1 -1 -1
154 0 -1 0
150 -1 1 0
149 0 -1 -1
139 -1 -1 0
114 -3 2 -2
58 1 -5 -2
40 0 -4 -3
77 0 4 1
107 3 -1 -1
134 -3 -2 0
148 0 0 0
144 -1 1 0
143 -1 0 0
142 0 0 0
141 0 -2 0
144 -1 -2 -1
144 -1 1 0
144 -2 0 -1
144 -3 -5 -1
156 -1 10 2
94 -2 -17 3
37 -3 0 2
50 2 -1 -3
44 0 -1 -1
50 -2 -1 0
51 2 -3 -1
48 1 3 2
48 -2 -2 0
43 -4 -2 -4
52 1 1 2
57 0 -6 1
47 0 0 -1
50 -2 1 0
48 -2 0 -4
66 -1 0 -2
79 -1 -6 4
111 3 2 0
138 -1 -3 -2
147 1 2 1
141 -5 -2 0
151 1 1 -1
110 -2 -3 0
84 1 -3 1
89 0 0 -1
91 -1 -4 -1
90 0 -2 0
84 -1 -2 -1
103 2 1 0
133 -3 -3 -3
147 -2 -1 0
162 -1 0 -1
165 0 -3 0
166 -1 0 0
162 -1 0 -1
155 -1 -2 0
137 0 0 0
112 -1 1 -2
81 2 -1 0
76 -2 -2 -2
88 0 -2 0
96 -1 0 1
98 -4 -2 0
100 -1 1 2
96 -2 -4 -1
99 -4 -2 -3
101 0 -2 -3
102 -3 -1 2
102 1 -1 -1
107 -1 0 -1
112 0 -2 0
115 -1 -1 0
115 0 0 0
115 -1 -2 -1
119 0 -1 -2
124 5 0 -2
126 -1 -8 1
113 1 -3 0
113 -1 5 -4
112 0 -2 -2
113 -2 -4 1
114 -3 -3 -1
115 2 1 -1
109 -1 1 1
114 2 4 1
116 -1 -1 2
120 -4 -3 -3
123 2 0 -7
127 0 0 -2
129 -1 -3 5
137 -1 -5 -3
134 2 -2 -7
138 0 2 -5
144 -1 2 1
140 0 -3 8
141 -1 1 3
141 -2 0 -2
142 -2 -1 -7
152 -1 3 1
168 10 8 10
147 -14 -12 5
155 9 7 -7
194 -5 -1 -6
202 0 -4 1
200 -1 0 -1
201 2 -3 2
203 -2 0 -4
203 3 1 -4
194 -3 -3 2
194 0 -5 -1
204 2 -3 0
196 -5 7 0
203 -1 -1 2
199 0 -2 0
200 -2 -1 1
206 0 -2 -2
210 0 0 -1
213 1 -2 0
215 -1 2 1
205 -2 3 -4
133 20 -5 -7
73 -16 5 10
80 7 0 -2
88 0 -3 0
94 0 -1 -1
118 -1 -2 0
137 0 -1 0
148 -1 -1 -1
153 -1 -2 0
154 -1 0 -1
152 -1 0 -1
150 0 -1 0
140 -1 0 0
112 0 1 0
58 -3 -3 -3
40 -3 4 -3
65 -8 5 -6
96 1 -3 -2
125 0 -1 -1
139 0 -3 -1
147 -1 -2 0
145 0 -1 -1
141 0 0 0
140 -1 -2 0
144 -1 -2 0
144 0 0 -1
146 -1 -1 -1
152 0 -1 -1
132 3 0 -7
51 0 5 -5
37 -1 0 -1
38 0 -4 0
53 -1 -2 -1
56 0 1 -1
51 -1 -2 0
50 -1 2 1
42 -1 -3 3
47 0 2 3
53 -1 -1 -2
45 0 -2 0
49 -3 -1 0
53 -4 -2 -1
61 -1 1 0
64 -3 -2 -1
108 0 1 -1
140 -1 -1 -2
148 0 2 0
137 -3 -1 0
150 1 0 -1
162 -1 -2 -1
104 -1 -3 0
90 1 -3 -1
90 -1 -1 -1
88 -2 0 1
87 -2 -1 0
87 0 -2 -1
100 0 -2 -3
132 -2 1 0
150 0 -1 0
162 0 0 0
165 0 -2 0
165 0 -1 -1
162 1 1 0
156 0 -3 -2
136 -2 0 0
112 0 0 0
81 -1 -3 -1
75 -1 0 1
89 -3 -2 -2
92 1 -3 -1
97 1 -1 -1
97 4 -3 0
100 -1 0 2
101 0 0 -1
102 1 0 -1
102 -1 -2 0
103 1 -1 -1
107 0 -2 -1
114 0 -1 -1
113 -1 -2 -1
114 -1 -1 -1
115 -1 -1 0
116 1 -2 -4
125 -1 9 -3
115 -1 -2 0
107 0 -2 -4
109 0 2 -3
115 0 -1 -3
111 0 -1 -2
112 4 -1 0
113 -5 -3 -1
116 2 -3 -4
119 -5 -6 2
115 -2 -7 3
129 -1 1 -1
128 -7 -1 -5
129 -1 -2 -3
133 4 -2 0
141 2 -2 -1
137 1 -6 -6
139 -6 -3 -7
141 -3 2 3
135 -2 0 5
133 -2 0 1
135 1 -1 -4
142 -1 -6 -10
143 -10 2 -13
146 -2 -8 15
168 7 3 -1
197 -3 -5 2
194 2 -1 1
197 -1 2 -7
198 -2 -2 0
200 -7 1 -2
197 -1 -3 0
200 1 1 -3
196 -6 7 -5
196 0 1 2
199 2 -4 -4
201 0 0 1
203 2 -2 1
205 -2 -1 -1
204 2 -2 0
206 -3 -1 1
209 -2 0 0
208 -3 -2 -1
211 -1 0 0
213 -4 -5 -1
227 -8 12 -2
145 6 -17 -19
68 -10 3 3
78 1 -4 -2
90 -1 -2 0
114 -1 0 0
134 -1 -1 0
150 0 0 0
154 0 -1 0
154 0 0 0
152 0 0 0
150 0 -2 -1
141 0 1 0
112 -1 -1 -1
66 -1 -2 -4
48 0 -1 0
42 1 -3 2
65 1 2 2
104 1 -2 -1
129 -2 -1 0
145 0 -1 0
145 -1 -1 0
140 -1 -1 -1
140 0 -3 -1
145 0 -1 -1
144 -1 -3 0
148 0 0 0
149 0 9 -2
67 1 -6 0
41 2 0 0
39 -2 0 0
43 0 -3 -1
52 -2 -1 1
53 -2 -1 -1
52 0 -1 0
47 0 0 -1
40 -2 -1 2
53 -1 0 -2
49 1 -1 -1
48 0 -2 1
51 -1 -1 0
56 0 2 0
57 -4 -8 -6
90 0 0 -1
135 -3 -2 -1
143 1 1 1
140 -1 -6 -1
149 2 2 -1
163 -1 -2 0
162 -1 -1 -1
99 -1 -3 -1
93 0 0 0
91 0 -1 -1
90 0 -1 -1
90 0 -1 0
89 -1 -3 0
103 -1 2 0
134 -1 1 0
150 0 -1 0
161 0 -1 0
164 -1 -2 0
162 0 -1 -1
159 1 0 0
153 -2 0 -2
142 -1 -1 -1
110 -1 -4 0
86 -1 -2 4
72 1 1 0
85 -1 1 0
90 0 0 -1
96 0 -2 -1
93 -1 1 0
104 -1 -1 -1
95 0 -2 0
98 -1 -1 0
98 -1 -1 -1
101 -1 0 0
106 0 -1 0
111 0 -1 -1
114 0 -1 0
116 -3 1 0
115 -4 -4 -4
121 6 5 10
145 -3 -13 1
102 1 2 -2
105 -1 0 -1
104 0 1 -1
114 -2 -1 0
114 -3 -7 -1
113 0 1 2
112 0 0 -2
111 -1 -4 -3
119 1 -1 -2
121 0 -2 -7
130 0 -2 8
132 1 -4 -2
140 -1 2 -4
145 0 2 0
132 -5 -1 10
141 3 -1 4
140 -1 -2 -5
136 1 -5 -2
135 0 1 1
126 -2 -1 6
137 1 1 0
130 -11 -6 -10
146 14 4 -7
175 -7 0 2
188 1 -2 3
199 1 1 0
193 -1 -2 5
192 -1 -1 4
188 1 -2 -2
191 0 -5 -3
193 -6 2 1
193 3 0 -1
201 0 -2 -1
200 -1 -3 3
205 -4 -1 3
201 3 0 -2
207 -1 -1 -1
204 -1 -1 -1
207 0 -1 0
205 2 -1 0
208 -1 -1 0
208 -2 -1 -1
210 0 -1 0
213 0 1 -1
207 2 -7 2
224 -7 24 -10
107 12 -13 -16
64 -5 1 -1
86 -1 -1 0
112 -1 -1 -1
134 0 -1 0
149 -1 0 -1
153 -1 -1 0
153 0 -1 0
152 -1 -1 0
150 0 -1 0
138 -1 0 -1
113 0 1 0
63 -1 -6 0
44 -1 0 -1
43 -1 1 0
45 0 -2 -2
77 0 1 -1
119 0 -4 0
137 -1 -1 3
146 4 -1 3
141 0 -1 -4
138 0 0 0
144 4 1 1
147 -1 -3 2
151 0 6 3
106 -6 -19 3
40 1 3 -1
45 -1 -2 2
46 -6 -2 0
47 1 1 1
52 2 -2 4
52 0 -2 -4
51 -2 -1 -1
43 0 -3 0
55 0 2 0
47 -1 -3 0
47 0 0 -1
51 0 -3 -1
50 2 -3 -3
55 0 -1 -1
77 1 2 -2
141 1 1 0
145 -2 -1 1
138 -4 -4 -2
143 -1 -3 0
160 -1 0 0
163 -1 -1 0
162 -1 -1 0
103 -1 0 0
91 -3 2 -1
93 1 -2 -1
91 0 -1 0
91 -1 0 -2
87 2 -5 -1
99 -1 -2 -2
131 -2 -3 -1
148 0 -2 -1
160 -1 -1 0
164 0 -2 -1
162 0 -2 0
161 -2 2 0
157 2 -1 1
139 -1 -1 0
112 -1 0 -1
82 -2 -6 0
76 1 -3 -2
86 -2 -2 -1
91 -1 -3 -1
96 -2 1 1
96 -1 0 -1
99 0 -1 -1
99 1 0 0
99 -1 -1 -1
101 0 -1 -2
106 1 -1 0
110 1 -1 -1
110 -1 -1 0
110 -2 -2 0
115 -1 -1 -1
108 -2 -6 0
142 3 37 2
145 -7 -14 6
97 0 0 1
107 -2 -6 2
110 0 2 -2
107 1 3 2
114 -2 2 1
113 1 -4 -3
117 3 -2 0
121 -1 -3 4
121 2 -1 -2
121 -3 -1 -6
127 1 0 -1
130 3 -2 0
139 -3 -2 -5
130 -1 -4 -3
135 -2 -3 6
136 0 1 -1
134 1 1 -1
136 -1 -2 -6
125 3 -2 2
122 0 1 0
120 -10 -7 16
155 5 -3 -6
184 -1 4 -3
185 3 -3 -5
187 -1 2 -4
192 -3 -1 -3
192 2 1 -2
187 2 -3 0
190 -4 -2 6
184 4 1 -2
190 0 -2 -6
198 -3 -4 3
200 -1 -1 0
201 1 1 -1
202 -3 -7 1
205 0 -5 2
202 -1 1 -1
207 1 -2 1
205 -1 -1 1
206 -3 0 -2
202 -1 -1 -1
201 0 -1 0
203 0 -1 -1
212 -1 -1 0
215 -1 0 -1
214 -1 -7 -2
205 7 -14 24
74 -11 3 8
78 1 0 -1
111 -1 -1 -2
135 -1 -2 -1
149 0 -1 0
152 0 -1 0
153 0 -2 -1
153 0 -1 0
149 -1 -1 -1
138 -1 0 1
113 0 0 -1
66 0 -4 -1
49 2 1 0
43 0 -1 -2
42 0 -1 1
49 -4 -1 -4
91 10 1 8
113 -21 -7 -9
141 -6 1 -4
149 14 2 7
141 -1 2 3
138 -18 1 7
147 -4 1 2
134 1 4 -14
49 -5 3 3
45 1 -2 -2
45 2 0 -1
45 1 0 1
51 2 -2 -3
50 -2 0 -4
51 -2 3 -3
46 -3 -1 1
48 -1 -4 -2
52 -1 -2 0
49 1 -1 0
55 -2 1 0
54 -1 0 -1
41 -2 -2 -5
64 2 1 -5
127 -2 -4 2
147 -1 0 2
140 -3 -2 -2
142 0 1 -1
155 0 -2 0
160 1 0 -1
163 1 -1 0
162 1 0 0
108 -3 0 -4
91 0 1 -1
87 -2 -1 -1
90 -2 -1 1
88 -3 2 -2
83 1 -2 0
99 1 -1 0
133 0 -2 0
147 -1 -1 -1
161 -2 -1 0
162 0 -1 -1
162 0 -1 -1
161 0 -1 -1
159 -1 -3 0
140 0 -2 0
114 -1 3 -1
83 1 -2 -2
79 2 -2 -1
85 -1 -2 -1
93 0 1 -2
94 -1 -1 0
94 0 0 0
94 -2 -1 -1
99 -2 0 -1
100 -1 0 -2
102 0 1 0
104 -2 -1 1
107 1 -1 -3
110 -2 0 0
114 -1 -2 -1
113 2 4 -2
98 3 -29 -7
188 -7 4 7
118 -4 -4 0
105 -1 -2 -1
101 -1 1 0
107 -1 2 1
111 0 4 1
111 -3 0 -1
110 -5 -1 -5
118 -3 0 -5
119 -1 -2 -1
125 0 -1 3
129 -2 -2 1
132 0 -1 -4
137 -2 -4 4
134 3 -1 1
133 1 4 -7
137 -2 1 -1
137 4 4 8
132 -8 -5 -1
126 5 -1 1
117 -12 -5 -5
115 8 1 -1
166 -5 1 0
183 2 0 3
184 -1 2 3
188 -4 -3 4
188 -2 -4 0
184 2 1 -11
181 -16 -1 -5
181 3 -2 -1
190 -1 3 -1
197 -1 0 1
196 -2 0 3
194 2 -3 -3
198 0 -1 -1
204 0 -1 0
202 -1 -2 -1
203 1 2 0
202 0 0 -1
201 -5 -2 -2
200 5 -3 -1
199 0 0 4
207 1 -2 0
207 -1 0 0
206 0 -1 0
206 0 -2 0
211 -1 -1 -1
217 0 -3 0
224 -4 11 -2
161 -2 -42 -15
59 -5 4 1
109 1 2 -3
136 -1 -1 0
148 0 -1 -1
152 -1 -1 0
153 0 -1 -1
152 0 -1 0
152 -1 1 -1
139 0 -3 -1
112 -1 -1 -1
68 0 -2 -1
45 1 -2 0
44 1 2 0
42 0 3 1
43 4 5 10
44 -22 -3 30
152 18 1 -4
206 7 2 2
211 -12 6 -1
192 0 -11 4
188 -2 9 -7
177 9 9 -16
74 0 -8 1
42 2 0 0
46 1 2 0
41 -1 -1 -2
54 2 -3 -4
51 -1 0 -4
54 -4 1 -2
56 -1 -4 -1
52 -2 -1 1
49 0 0 -1
45 -3 -1 -1
51 1 0 1
52 -5 -2 -3
46 -2 0 0
54 6 -3 0
114 1 2 -1
148 -2 1 0
140 0 -3 -2
138 1 0 0
154 1 -1 0
159 -1 -1 -1
159 0 -2 0
157 0 -1 0
157 0 0 0
101 3 1 -1
87 -1 0 0
87 -3 -2 1
88 -2 0 -2
90 -4 -4 1
83 0 -3 1
95 -1 1 0
131 0 -3 -1
149 -1 -2 0
160 0 0 -2
163 -2 -1 0
163 0 -1 -1
163 0 -3 -1
159 0 -3 -1
138 -1 -1 0
116 1 1 0
79 1 -6 2
75 1 -3 0
83 1 0 -1
87 -3 -2 0
92 -1 -1 0
95 0 0 0
96 -2 -1 0
93 -5 -2 -2
95 -1 -3 3
103 0 -1 1
103 0 -2 1
106 1 1 -1
108 -1 0 0
111 0 0 -2
104 2 2 6
117 -8 39 2
200 -7 -13 -5
106 -4 -4 0
101 -2 -1 0
102 -1 1 0
110 0 -1 7
113 -1 0 2
114 1 -1 -1
112 -1 -7 4
116 1 -1 -3
116 0 -2 -5
125 -2 -2 1
129 0 -3 2
139 -1 -2 -5
130 5 -2 6
136 -9 -1 4
129 3 -2 -2
139 1 6 -7
130 3 2 7
117 5 -2 0
111 -6 1 10
133 7 -6 -3
173 -11 -1 0
173 10 4 -2
194 -1 -1 -4
177 -5 -3 0
175 8 -1 4
182 -11 1 -3
183 3 -2 2
184 -3 0 -2
186 -4 -2 -2
192 0 0 0
196 1 0 0
194 2 -5 4
195 0 0 3
194 -1 -1 -1
198 2 -1 2
200 -2 -2 -1
193 -3 0 0
196 -3 -1 -2
202 -2 -1 1
202 -2 3 -4
200 4 -4 -1
202 0 -1 0
204 -1 -1 -2
206 0 -1 -1
206 1 -1 0
209 1 -1 -1
212 0 -3 0
219 -3 -6 -1
205 8 -6 17
66 -5 8 8
104 6 -3 -6
133 0 -1 0
147 -2 0 1
153 0 -2 -1
153 0 0 0
151 -2 -2 -1
153 1 3 1
138 -1 1 1
111 0 0 0
70 -2 -3 -1
47 -2 -1 -1
43 3 -1 -1
37 -7 -7 -24
42 -7 -19 21
168 14 10 5
218 -5 -3 -11
192 -4 3 -3
202 4 -2 -1
218 0 -2 -1
220 -2 -9 -3
229 3 49 7
60 -12 9 8
46 -1 -6 0
42 -2 -4 -3
49 1 1 0
54 1 -1 -2
51 -2 2 -3
51 2 -3 2
48 0 0 3
49 1 -1 -2
54 0 -1 1
50 5 -2 -1
54 -4 2 -1
49 -2 2 0
41 -9 -7 0
96 3 3 -1
145 -1 0 1
145 0 -1 0
138 -2 -4 4
155 -1 -1 -1
162 -2 0 -1
160 -1 -2 0
159 -1 -1 -1
157 -1 -2 -1
155 -1 0 0
101 -2 -1 2
90 -1 -2 4
89 2 0 0
93 -1 0 -1
92 1 -2 -4
88 -2 -4 -4
97 -2 0 0
129 0 -1 -1
147 0 -1 -1
162 -1 -2 -1
166 0 -1 0
162 -1 -2 -1
162 -1 -1 -1
157 1 0 0
141 -1 -1 1
113 -2 -2 -1
79 1 -1 -2
73 -6 0 0
80 -1 -1 -1
89 0 -1 0
93 -3 -3 0
94 -3 -3 -1
97 -1 -1 -1
97 0 -1 0
95 -1 -2 0
97 0 2 0
101 0 -1 0
104 -1 -2 -2
109 2 -1 -3
112 -1 3 3
99 3 -19 -2
160 8 18 -6
182 5 2 -5
118 -3 0 5
98 -2 -1 -1
105 1 2 2
108 -1 -5 -2
112 3 3 -4
112 1 1 -3
119 1 4 4
118 -6 2 -1
121 0 1 -3
125 2 0 4
127 -4 -1 6
123 1 0 -11
116 -5 -4 5
127 3 3 -2
133 1 1 -4
128 -2 -1 -3
121 -3 -5 -6
115 0 -3 8
144 2 5 -3
174 1 -4 0
180 -1 6 -3
170 0 -6 -1
167 -5 -1 1
180 10 0 -9
172 -4 0 7
173 2 0 4
180 -1 -2 4
183 -1 -3 4
186 -3 -3 -7
189 1 -1 -5
190 -2 -3 -4
194 -3 -1 -2
191 2 -4 2
191 -1 -2 1
187 -3 -4 2
190 2 -2 -1
202 -2 2 -1
202 0 1 1
201 1 2 0
201 -1 -3 1
200 0 0 -2
200 -1 -1 0
200 -1 -1 -1
204 0 -1 -1
205 1 0 0
204 2 -1 -1
205 0 -3 -1
213 0 -5 0
229 -3 27 -7
131 4 -22 -24
84 -4 4 -3
129 -3 -1 0
150 0 -2 3
153 1 -1 -1
153 0 -2 -1
154 -1 -1 -1
149 0 -1 1
139 -4 -1 -1
109 0 4 1
63 -3 -2 0
44 7 1 6
34 -19 -8 -36
70 17 8 -11
204 4 11 13
196 -17 -7 10
181 7 -1 -1
214 0 -6 0
217 -2 -1 -1
221 0 0 -1
222 1 -5 0
234 1 19 -2
150 5 -32 0
32 1 0 -2
47 0 -2 -1
50 4 -2 1
53 1 -3 3
52 -1 2 2
48 0 0 -1
48 2 1 2
50 -3 -1 0
45 -3 -2 0
52 -1 0 -1
56 0 -1 -1
49 2 -2 -2
72 3 4 -2
137 -1 -2 0
150 -2 1 0
138 -1 1 0
147 1 -2 -1
157 -1 -2 0
158 -1 -1 0
158 -3 -1 0
158 -3 -1 -1
157 -2 -1 -1
157 -1 -1 -1
105 -2 -2 1
91 1 1 -1
92 -2 2 -2
93 0 2 -1
95 0 -1 -2
88 -2 0 0
99 -1 0 0
128 0 0 0
146 -2 -2 -1
162 -2 0 0
164 -2 -2 -1
166 0 -1 1
164 0 -1 0
156 -2 1 0
140 0 1 -3
109 1 -2 -3
78 -1 -1 0
73 -4 1 0
79 -1 -1 0
91 -1 -2 0
96 0 -3 -1
99 -1 -3 -1
98 -1 -1 0
99 -1 -1 -1
99 0 -3 -1
100 -1 2 -1
105 -1 -1 -1
107 0 -1 0
112 -2 -1 -1
117 -4 7 2
95 0 -40 1
193 -5 -3 5
166 -9 -6 -1
100 0 -2 -1
100 -4 -3 -1
101 1 -1 0
107 1 3 -1
113 -1 5 -11
106 0 5 1
117 0 -4 5
120 0 -1 3
128 -4 4 -1
124 2 -2 0
120 -7 -4 6
119 6 -5 3
129 2 4 -5
128 -9 -2 4
126 -1 -2 0
115 -4 -1 -7
112 4 -1 7
161 -4 1 -1
174 0 -3 6
178 -2 -2 0
158 -4 -2 -4
168 6 -2 4
171 -7 -3 6
173 9 -6 -1
179 0 2 6
182 -2 -4 -1
173 1 -1 4
189 -1 -2 8
186 0 0 3
184 1 0 -1
185 -3 -2 -4
188 5 -3 -3
188 -8 -2 -2
186 5 2 1
197 0 -3 4
196 -2 -1 0
197 1 0 -1
190 -3 -2 -3
201 0 -2 -1
198 0 0 -3
201 -2 -2 3
198 -1 -1 -1
202 2 -1 1
208 2 -1 0
203 -2 -1 0
205 -5 -1 0
203 0 -3 -1
208 -1 -1 -1
210 -1 -8 0
215 -1 9 17
95 -17 12 7
133 1 0 -3
143 1 2 -2
154 -1 -2 -1
153 0 -2 0
155 0 0 0
148 -1 -1 -1
137 0 -3 0
104 -5 6 -3
57 4 3 7
26 -31 0 3
105 24 8 -8
213 -2 -6 0
178 -17 -6 15
183 11 4 -3
219 -1 -1 -1
211 0 -4 -1
210 3 0 0
209 -1 -2 -2
210 1 -1 0
222 2 0 0
180 0 -61 1
25 0 6 -1
46 1 -2 0
49 -2 1 -1
48 -1 -1 1
49 0 -2 -2
48 1 -2 -1
51 -4 2 -4
42 -2 -1 0
49 -4 -1 -2
55 2 -1 0
49 -1 2 -1
50 1 -6 2
123 0 3 2
154 -1 -4 1
141 3 -1 -2
145 -2 1 -1
157 0 -3 0
154 -1 -1 -1
155 0 -2 0
158 -2 -2 -1
159 -2 0 -1
157 -1 -1 -1
157 -1 -1 0
104 0 0 -1
95 -1 1 0
95 -1 -1 -1
94 0 -2 0
97 0 1 0
93 0 -4 0
99 0 0 0
127 0 -1 0
148 -1 -1 0
165 -1 -1 0
164 -1 -1 -1
165 0 0 1
165 -2 0 2
157 0 -2 1
143 3 1 -1
113 2 0 0
83 0 -4 0
75 0 -1 0
83 -1 0 0
91 -1 -2 0
95 -2 -2 0
100 2 -1 -2
99 -4 -1 1
98 -2 -2 -3
99 -2 -2 -1
103 -1 0 0
106 -1 -1 0
110 -1 -1 0
111 0 -2 2
112 -1 3 0
101 2 -7 -1
195 0 -5 2
163 0 3 -4
103 1 0 2
102 2 1 -2
102 0 0 -1
103 -2 -3 -3
102 2 3 -1
112 3 -7 -2
122 1 0 -3
125 0 2 1
122 -1 -3 -5
120 3 -3 3
117 -6 2 2
132 -1 1 -4
131 10 -6 -4
133 5 6 8
122 -7 -5 -9
111 2 -2 -3
158 -3 3 7
164 -1 -3 -5
168 0 -3 1
164 0 -3 3
164 7 3 -15
167 -10 -1 -2
171 7 2 -5
183 -3 2 -2
174 -3 -6 -2
179 3 0 -5
186 -2 2 -6
183 1 2 2
183 0 -1 6
186 1 -2 13
181 -4 -6 -8
175 2 -3 -4
184 -2 0 -3
191 1 0 0
198 3 -1 1
196 -3 -3 1
192 -2 2 -2
197 -3 -2 -2
192 1 1 -4
200 -2 0 -2
197 -1 -2 -1
200 -1 0 0
195 -9 -3 6
197 2 -1 -1
198 -1 -1 -1
201 0 -2 -1
201 0 1 0
206 1 -1 0
204 1 -4 0
213 0 8 -4
181 10 -14 13
122 3 -1 -1
147 -1 -3 1
150 -1 -1 0
154 0 -2 -1
154 0 -1 0
147 0 0 -1
133 7 0 5
88 -17 -4 -27
61 7 -7 11
157 20 6 -1
212 -13 -1 -4
175 -3 -4 1
193 3 7 -3
216 -2 -3 -1
206 -1 -1 0
205 0 0 -1
202 -1 -1 0
203 0 -2 0
209 -1 -2 0
223 0 0 -1
183 -2 -63 -2
17 -1 3 0
55 0 -1 -1
53 0 0 -1
49 1 0 -1
43 3 -2 1
48 -2 1 0
43 -4 0 -3
46 -1 0 -1
49 1 -3 0
47 0 -2 1
41 -3 -5 -2
90 1 5 -1
152 -1 -2 -1
147 0 -2 -1
144 -1 -1 0
157 1 -1 0
159 -1 -1 -1
155 1 -1 -2
155 -2 -1 1
154 1 -1 -1
155 -1 -1 1
156 -2 -1 0
155 -2 0 0
107 -1 -1 0
99 1 1 0
98 -2 -1 0
98 0 -1 -1
97 0 -1 -1
93 -2 -1 1
100 -2 -1 -1
126 -2 -1 0
148 0 -1 -1
160 -1 -1 -1
165 0 -1 -1
164 -2 -3 -1
168 0 -1 1
162 1 -2 2
143 1 -3 -2
113 1 0 -1
83 0 -5 -1
77 -1 -2 1
85 -4 -1 -1
94 -3 -2 -2
97 -3 -2 0
101 -1 0 -1
103 -3 -2 -1
101 2 -1 -3
100 -2 -1 0
103 1 -1 1
109 1 -1 -1
110 0 -3 0
112 0 3 -3
112 2 1 -2
122 -2 34 -2
219 5 9 3
145 -8 -6 5
109 3 -4 -2
92 -4 -2 3
101 -3 -4 1
107 3 -5 4
115 -2 2 1
113 -6 -2 -9
119 0 -1 0
121 -7 -2 2
117 3 0 -5
122 1 -3 0
127 0 3 7
126 -5 -2 -4
124 2 3 5
116 -9 -4 -7
107 10 3 -8
157 -7 -2 2
156 3 0 -4
159 -5 -5 5
147 2 0 12
169 -4 -2 -5
155 2 0 1
165 0 -1 0
176 -7 1 -11
177 6 -5 0
183 -2 4 6
175 0 -3 0
182 -1 -1 -2
180 0 -1 -7
180 3 2 12
176 -9 -3 8
170 6 1 1
184 -6 -1 -2
187 0 -5 1
181 -2 -2 -1
189 0 0 1
195 -1 0 3
196 2 -3 -2
196 0 -1 1
196 -2 -3 -2
196 2 -1 3
198 -4 -2 -10
169 -3 3 0
191 -4 4 -1
202 0 -2 -1
199 0 2 1
199 0 0 0
200 1 -1 0
200 0 -1 -1
200 0 -3 -2
207 1 2 -6
212 -2 6 -5
201 2 -10 8
142 0 4 2
153 2 -2 -1
152 1 0 1
151 1 -2 -1
143 -2 3 -2
116 -18 0 6
124 29 5 -2
211 -8 0 -5
198 -5 2 -6
178 0 -2 0
205 1 1 -3
214 -1 -2 -1
208 -1 -2 0
202 -1 0 -1
201 -1 -2 0
202 -1 -1 0
207 -1 -2 -1
213 0 -2 0
220 -2 -2 -4
180 5 -64 -2
23 0 6 -2
53 -1 -1 0
50 -1 -2 -2
51 3 -2 -1
48 1 -3 0
50 -3 1 -1
48 3 1 3
55 0 0 0
54 0 0 -2
37 -2 -5 -5
54 1 2 2
137 -3 -1 -1
152 1 -3 -2
142 -1 -2 0
154 -1 3 1
160 0 -2 -2
156 -2 0 -1
155 0 -1 -1
155 -1 -1 0
155 -2 -2 -1
155 -1 0 1
153 -2 0 -1
153 -3 0 0
110 -3 -1 0
98 2 0 0
102 -1 -2 -1
99 -1 0 0
95 0 -1 0
98 1 0 -1
106 0 -1 0
130 1 -1 -1
147 -1 -1 0
159 -2 -1 1
162 -1 -1 -1
169 -1 -1 -1
167 2 2 2
161 1 -5 -3
144 -2 -2 0
115 -1 0 -1
81 1 -2 0
79 4 -2 -1
85 -3 1 2
91 -1 0 -4
99 -2 -1 0
100 -1 -2 0
101 0 3 0
99 0 2 0
102 0 -2 1
98 -1 -3 0
106 -1 1 -1
108 0 -2 1
109 -2 -2 1
105 1 0 -4
119 0 43 0
208 3 -13 3
129 2 -2 -6
114 0 -2 -3
99 1 1 4
102 -2 0 3
107 -2 2 14
103 1 0 2
103 4 -3 -5
117 4 1 2
112 -6 1 3
123 3 -3 -2
125 5 0 -3
120 -8 -2 2
121 0 2 3
118 -2 -6 -7
117 5 -2 -4
155 -6 -3 -1
156 6 0 -3
149 -6 -2 -4
143 13 -2 1
155 -17 -2 8
149 5 1 -7
170 -3 1 1
173 0 -1 7
175 0 -1 -3
173 0 2 -3
170 -6 0 5
177 -1 0 5
178 4 1 -7
178 1 3 -8
172 -8 -4 3
164 7 3 -2
184 -3 -1 5
183 2 -5 -1
182 1 -1 -1
185 -5 -1 4
184 0 1 -5
187 -3 -3 2
190 3 -4 -1
192 2 -2 0
203 10 0 5
192 -10 5 -3
167 7 -3 -2
188 1 -4 -1
193 2 -3 0
198 -1 -3 -1
200 -1 -1 0
198 -1 0 2
199 1 -3 0
196 0 0 0
198 0 -1 0
197 0 0 2
195 0 -3 -1
207 -1 13 -3
172 5 -6 -1
151 1 1 1
149 6 -2 3
141 -13 -3 -4
154 5 7 0
196 2 -1 -4
208 -14 -4 13
183 0 -3 -1
187 4 -6 1
207 -1 -1 -1
208 0 -1 -1
202 0 -1 0
201 0 0 0
201 0 -1 -1
200 0 -2 0
205 -1 0 -1
210 -1 -3 0
216 0 -4 0
224 -1 16 -1
148 1 -30 2
32 -1 8 2
53 0 -2 -1
48 0 0 0
47 -1 1 -1
49 0 -4 -1
41 -1 2 -1
45 -1 0 0
53 0 -1 0
43 1 2 -2
45 1 -6 0
109 -1 2 -1
151 0 -1 -1
146 -2 -2 0
147 0 -1 -1
159 -1 -2 -1
157 0 0 -3
158 0 -1 0
156 -2 -1 0
155 -3 -1 -2
158 -1 -1 -1
156 -1 -1 0
153 0 0 0
153 0 -1 -1
111 0 0 -2
98 -2 -2 3
95 0 -1 -1
97 0 -3 -1
102 2 -2 -1
97 -1 1 1
110 1 -3 -1
128 -1 1 1
151 0 -2 0
160 0 0 -1
167 0 -1 0
171 1 -2 -2
170 2 -2 0
166 1 -1 -1
146 0 -1 -1
114 -1 1 -1
78 -1 0 1
79 2 0 -1
88 -1 -2 -3
95 -1 -1 -1
98 1 -1 -1
98 1 -1 0
99 -1 0 -1
101 1 -1 -1
99 -2 0 -3
99 0 0 -2
106 1 -1 -1
107 0 -1 1
109 1 2 2
94 1 -21 -5
163 12 15 -4
193 -8 -7 -1
134 -2 0 -3
113 -3 -8 -4
104 -2 -1 2
103 1 -3 1
101 4 -4 9
104 -4 -1 -3
107 2 0 -6
108 2 -1 3
114 0 1 10
120 0 1 -3
116 0 -3 -1
119 2 4 4
115 -1 -4 -1
127 5 2 -3
148 -1 -5 3
147 3 1 2
142 -6 -4 -8
149 8 -1 -17
137 -7 -7 10
147 2 1 -1
162 -2 -4 -4
163 4 2 -4
175 -1 -3 3
170 1 1 2
164 -7 -3 -3
169 6 -2 4
177 -4 0 15
183 1 -1 -5
160 -7 -4 3
176 7 3 -4
178 -4 -3 1
173 1 -2 3
180 -2 2 -3
176 1 -2 -9
175 6 -3 3
178 -4 0 1
178 3 -1 -2
192 -2 2 -2
180 -14 0 0
178 -2 -1 -4
173 4 1 3
186 -8 3 -1
183 -1 1 1
183 -1 -3 1
193 1 -6 -2
192 1 1 1
193 2 -2 2
190 -1 1 2
191 -1 -2 -2
196 0 2 -2
189 0 -1 -4
189 -3 -6 2
193 -4 -6 -1
194 4 -11 8
147 -6 2 -6
150 -6 -8 7
182 8 -5 6
208 -4 0 3
189 0 3 -10
182 -3 0 0
200 3 -1 -2
207 -2 -1 1
204 0 -1 0
199 -2 -1 -1
200 0 -1 -1
200 -1 -1 0
200 -2 -1 -1
199 -1 -3 -1
206 1 -1 0
210 -1 -3 -1
213 -1 -10 0
233 -3 46 -6
82 2 -2 0
44 -1 -1 0
51 1 -2 -1
50 0 0 -1
49 -1 1 1
42 0 -2 0
44 1 2 1
49 0 1 -1
53 -2 5 -1
57 -3 -3 0
77 -4 3 0
143 -3 0 -1
145 -2 -3 0
146 1 0 -1
155 -1 2 -1
157 -1 -2 1
158 -2 -3 2
156 0 -1 0
157 0 -1 -1
158 -1 1 0
153 -2 -1 -1
154 0 0 0
154 0 -1 0
153 -1 0 0
111 -1 1 0
99 -1 -1 -1
97 -1 0 0
98 -2 -1 -1
99 0 -1 -1
97 -3 -2 2
108 2 -2 0
129 -2 0 -2
151 1 -2 -4
164 0 -3 0
167 0 0 0
169 -1 -2 -1
172 -1 -1 -1
168 -1 -1 -1
146 1 0 0
116 -1 1 -1
82 0 -2 0
77 -1 1 -1
87 -1 -1 -2
90 0 -3 -1
99 -1 -1 0
100 -1 0 -1
99 0 -2 0
99 0 -2 0
98 0 -2 0
100 -1 0 -1
101 0 0 -1
106 -1 -2 0
103 -1 5 -1
80 1 -46 3
195 -4 0 4
184 -1 3 -13
141 -1 -2 -4
124 -7 2 1
98 -4 1 0
105 1 0 0
102 -5 -2 2
106 -1 1 -4
111 -2 6 -4
115 3 -10 -3
123 -1 1 -1
111 -1 6 -1
125 3 1 3
121 -11 -8 -4
122 5 2 -4
146 -1 -6 5
152 4 1 -4
136 -5 -2 8
144 -3 7 -15
131 1 -5 -1
147 1 1 2
156 -4 -3 9
158 3 0 -7
162 -2 -6 -1
152 1 0 2
171 -4 1 4
176 3 0 2
172 0 6 3
168 -3 -2 -2
155 7 -2 0
173 0 0 3
172 2 -1 -2
173 -4 2 7
176 -1 -4 1
173 -2 0 -2
174 -2 0 -1
179 2 -2 -7
182 5 2 6
189 -2 -2 -1
179 -1 -5 2
171 2 4 -2
183 -2 -5 1
191 0 2 -2
174 1 0 -2
187 -1 -1 1
190 -1 -4 1
192 -1 -1 4
189 -2 -1 -3
188 2 -3 2
182 1 -3 0
188 -1 3 4
188 -1 3 3
185 -3 -3 -1
186 2 1 0
185 0 -4 0
193 -5 9 -6
175 10 2 3
203 -2 1 -9
193 -3 -3 -1
186 5 -7 1
196 0 -3 0
203 0 -3 -1
203 -1 -2 0
202 -1 0 -1
199 0 -1 -1
198 0 -2 0
200 0 -2 -1
201 0 -1 -1
203 0 0 3
200 0 -2 1
202 2 0 0
210 -2 -2 -1
215 0 -10 -3
237 4 58 5
68 5 5 -4
46 -1 -1 -1
46 -1 0 -2
49 -1 -2 -2
52 3 -2 1
41 -3 -4 -2
48 2 -1 2
49 -3 0 -1
61 0 -2 -2
68 -6 -2 0
122 1 2 -1
148 -1 -3 0
145 0 0 -1
154 -1 -2 -1
159 -1 -1 0
159 -1 -1 -1
160 0 1 -1
157 0 -1 1
153 -3 -1 2
153 0 -1 2
153 1 -1 -1
152 -1 -1 -1
154 1 -2 0
155 2 -3 0
112 1 -1 0
97 0 2 1
95 -1 -1 0
94 1 -2 -1
97 1 1 -3
98 -1 -3 1
107 -3 -2 -2
130 3 -2 2
154 -1 -4 -1
165 0 -1 -4
171 -1 -2 0
173 0 -1 -2
172 -1 0 0
167 0 -1 -1
148 -3 1 -1
114 0 -1 2
84 -2 -3 -2
74 -1 -1 1
87 1 -3 1
90 -2 -3 0
96 0 -1 -1
98 0 0 0
97 -1 -1 -1
96 -1 -2 -1
98 -1 -1 -1
99 0 -1 0
101 0 0 0
107 0 -1 -2
104 1 4 0
85 -2 -36 -4
194 -5 -2 -1
181 2 4 -15
151 -2 7 -4
128 3 0 0
118 -1 -3 -5
111 2 -5 5
104 2 -4 6
105 -6 0 0
115 -2 -5 -7
111 -5 0 -1
117 -3 -4 0
122 8 -2 -2
118 -3 -2 -2
119 -1 3 -6
145 -2 -2 1
143 4 0 0
137 -5 -6 -2
151 10 -3 -12
124 -1 -2 0
144 4 2 0
147 0 2 0
152 3 -5 -3
155 -3 -3 10
152 -2 -1 -2
170 4 -3 -2
169 -4 -2 4
172 0 4 0
161 -9 -10 3
160 6 -5 1
176 -8 3 -5
171 2 -7 -3
174 -5 0 -4
172 2 -3 -1
172 -4 -1 4
175 1 -2 -1
170 -4 -2 -4
173 0 0 -6
179 -4 -2 3
177 -1 -2 0
183 6 1 0
182 0 2 2
178 -3 -1 -3
179 1 0 2
192 -2 2 2
186 -2 2 -2
189 1 1 -1
180 0 0 5
182 -6 -1 -7
174 1 -3 -8
184 0 -2 -2
182 -2 -4 -2
179 3 -4 1
178 2 -2 3
165 -7 0 -3
181 8 1 2
193 4 -3 -4
187 -6 -5 5
187 -1 2 -4
194 -1 -3 1
204 0 0 -1
205 2 -1 -1
196 -3 -2 0
197 -1 -1 -1
198 -1 -1 -1
198 0 -1 0
198 -2 -1 0
199 -1 -1 1
201 -2 -1 0
200 3 -3 0
190 1 -1 1
200 -5 -1 -3
205 -1 -4 -1
216 1 -3 -3
198 -2 -18 -10
41 -8 3 5
46 -1 1 1
48 4 -4 1
50 2 -1 -1
47 0 2 -2
43 -1 -2 -3
53 -1 4 -2
54 -1 1 -2
59 -3 -5 -2
106 -2 2 1
145 0 -1 0
145 0 -4 -3
149 -1 -1 0
156 -1 -1 -2
159 0 -1 -1
159 0 -2 0
160 -1 0 0
156 -1 -2 0
156 -1 -1 2
157 0 -1 2
156 1 -2 -1
155 0 -1 -1
154 0 -3 -1
156 1 -4 -1
109 0 -3 1
97 5 -1 -3
102 -2 -2 1
97 0 -1 -1
97 -1 -2 0
97 -1 -1 -1
102 0 0 -1
127 -1 0 -2
150 0 -2 0
162 -1 -4 0
170 0 -1 -1
171 0 -2 0
170 0 -2 0
167 0 0 -1
148 -1 0 -1
118 0 -2 -1
84 2 -1 -1
77 2 -1 1
85 1 0 -1
93 -1 -2 0
95 -3 -1 3
96 1 -2 -1
97 0 -1 -5
98 -2 0 0
99 0 -1 0
99 0 -2 0
102 0 -1 0
104 -1 0 -1
102 0 4 -1
92 1 -10 0
200 0 -10 -2
179 -3 -2 -12
153 6 -7 -6
141 -1 2 1
125 -1 3 -4
116 0 3 -2
105 -4 4 5
105 3 2 -5
108 0 -1 1
107 0 4 2
116 0 3 1
107 -5 -2 -5
124 2 -2 -3
137 -4 -4 6
144 -1 -1 -8
135 2 -5 1
147 5 1 -6
125 -1 3 2
147 1 -2 -1
148 -1 -1 -1
154 4 2 -3
137 -3 -6 0
144 -1 4 3
153 0 3 9
165 -7 3 -9
171 3 -3 -12
149 -6 -8 6
162 2 3 -2
177 -2 2 -3
164 0 -4 3
165 -4 -2 -9
175 3 -3 0
178 -5 -1 -5
174 4 2 -1
170 -8 -1 -3
172 -1 2 5
165 1 1 -1
171 1 0 5
181 -3 0 -1
175 -6 -5 4
176 2 0 -4
184 0 -1 1
178 0 0 -4
185 0 1 -1
187 0 -3 -1
181 -2 -4 0
178 0 -1 1
180 0 -2 4
177 1 2 -6
173 -1 2 -1
183 5 2 1
167 -10 -1 -8
162 8 -9 5
185 7 2 -8
193 -8 3 2
180 2 -4 -3
192 -2 0 -1
203 -1 -1 0
203 0 -1 -1
203 -1 0 -1
200 0 -2 0
196 0 -1 0
198 -1 -1 -1
198 0 -1 -1
199 -1 -4 -1
203 0 -2 0
201 -2 -6 -1
204 2 2 -2
173 -2 0 3
165 -6 -1 -6
198 11 1 -8
200 -4 0 0
214 -2 -5 1
162 -18 -44 6
29 -1 5 -6
52 -5 2 2
46 -2 1 -5
51 -4 4 -3
48 -4 -5 0
45 -2 -5 1
52 -5 1 -1
50 -6 -5 0
56 -3 -2 1
131 1 3 -3
147 -2 -2 0
146 -1 0 -1
154 -1 -1 -1
157 0 -1 0
160 0 -1 0
160 0 -1 0
161 0 0 0
159 -1 -1 0
155 0 -3 -2
157 -1 -2 -1
155 -1 -1 -1
156 0 -1 0
156 0 -1 -1
156 -1 -2 0
110 1 0 0
98 2 3 2
94 0 -1 -1
97 1 -1 -1
96 0 0 -1
97 0 -2 -1
102 -1 1 0
130 1 0 0
155 0 -1 0
167 0 -1 0
171 0 -2 0
172 0 0 -1
167 0 0 -1
165 -2 -3 1
145 -2 1 1
115 -2 -4 -3
83 -1 0 0
77 1 -3 0
88 -1 0 -1
92 1 -5 -2
95 3 -2 -1
100 -3 0 2
98 1 0 -5
98 -1 -1 0
98 0 0 0
98 -1 -3 -1
102 0 -1 0
103 1 0 1
103 0 5 0
97 -4 -5 -7
198 -4 -8 -9
178 1 -5 -10
164 -6 4 -14
146 4 2 -10
134 -1 -1 -6
126 0 -3 0
109 -1 -2 -2
96 5 3 -6
109 -5 -3 8
116 2 5 6
113 -7 -7 -2
115 1 0 -4
143 -6 -2 1
136 -1 -1 -4
135 1 -2 7
144 1 -13 1
113 0 -8 5
141 -1 -3 3
149 2 -2 4
147 -3 2 -3
141 -2 1 -15
153 7 -2 -6
154 -9 5 1
142 1 -4 1
156 -4 -5 -1
145 -1 -1 1
171 1 0 -2
171 2 -3 2
163 -1 -4 -3
169 -4 0 2
168 1 0 -1
166 3 -2 -4
170 -2 1 5
163 -1 2 -2
162 0 -3 -1
161 5 -1 2
168 -2 -2 -4
163 -4 -1 1
162 0 1 -4
173 -1 -1 -2
172 -4 1 -3
177 -3 -1 -2
185 1 -3 -1
174 -1 2 -3
178 0 -3 2
173 0 -3 -1
171 -3 2 -7
180 -2 3 -2
176 5 -7 5
163 -2 -5 -2
159 -5 0 1
177 15 3 -3
196 -12 3 1
187 8 0 -4
187 -2 2 3
201 3 3 -2
202 1 -1 0
197 1 -1 -2
195 -2 -1 0
195 -2 -1 -2
196 -1 -1 0
197 -1 0 0
198 -1 -2 -1
199 0 0 0
199 -1 1 1
202 -2 0 2
204 -1 4 10
186 5 -4 -2
153 -5 -3 -3
172 6 9 -10
150 -7 -8 0
170 1 -7 -3
218 0 58 6
73 14 5 0
48 -3 6 -3
51 6 5 1
53 0 4 -1
49 2 -2 -2
42 -1 -2 -1
48 1 -4 -2
43 1 0 -2
67 4 -7 1
102 -1 3 0
147 0 -2 -1
144 -3 -1 -1
151 0 1 -1
157 0 -1 0
159 0 -1 -1
160 -1 -1 -1
159 -1 -1 -1
159 0 -1 -1
155 -1 -2 -2
156 0 -3 3
157 -1 -2 0
156 1 -1 -1
157 -1 0 -1
155 -1 -1 1
155 -1 -1 0
107 1 2 0
94 2 1 -1
95 1 0 0
92 0 -4 -1
91 0 1 -1
94 0 0 0
104 -2 0 0
132 -2 -2 -1
153 0 -2 -1
167 -1 -1 -1
170 0 -2 -1
170 0 -1 0
168 -1 -2 0
163 0 -1 -2
147 -1 -1 0
116 0 1 -1
87 -1 -3 0
78 -2 -2 -1
85 0 -1 -1
94 0 -2 -1
96 1 -2 0
99 -1 2 -1
98 -2 2 -1
95 -4 1 0
99 0 -1 -1
98 0 -2 0
99 -2 -3 -1
99 -5 -2 1
94 -2 3 1
101 1 19 3
202 3 -9 -9
174 -3 -2 -10
159 2 5 -6
152 -4 1 -6
132 0 0 -12
138 -3 -3 -5
103 1 -1 -8
97 -2 -8 0
100 6 5 4
108 -3 -8 4
116 4 3 -1
139 -2 -4 0
131 -4 -4 -10
134 2 4 9
135 -2 1 5
117 1 -6 0
140 0 0 -3
137 -2 -1 3
146 0 -9 2
143 -1 -3 4
142 4 7 -5
137 -3 6 4
149 1 2 1
154 -1 -3 -5
140 3 2 -2
167 -4 -5 6
157 2 -1 -8
161 -3 -3 0
167 -2 9 6
164 2 1 0
162 -6 -2 -1
161 -2 -2 0
155 0 -1 0
165 -1 -1 3
167 8 -4 -6
161 -9 1 -1
155 8 -2 -3
163 -5 -1 1
167 -3 -1 3
170 -1 0 0
176 -4 -2 9
166 0 0 8
172 1 -1 -1
175 0 -4 0
170 2 -5 -1
172 -1 1 -1
163 4 2 6
168 -5 0 0
162 -8 1 -2
158 14 6 3
192 -6 7 -2
182 -3 0 -3
182 1 -3 -1
195 2 1 0
204 1 0 -1
201 -1 -2 0
194 -1 -2 -1
190 -1 1 0
191 0 -1 -1
193 0 -1 0
198 -1 -2 -1
199 0 -1 -1
199 -1 -1 0
199 -1 -2 0
202 0 0 0
202 -2 -5 -6
205 8 -4 -6
153 1 1 -6
172 6 7 -7
148 -11 -7 5
147 9 6 4
179 -9 -8 -3
185 13 -53 -4
31 -5 5 1
43 -1 -4 3
51 2 7 -4
51 -5 -2 -6
41 -2 -1 2
46 2 1 3
48 -3 -5 0
50 -1 2 4
86 -1 -6 -1
142 -2 1 -1
146 -1 -3 -1
145 0 -1 -1
156 -1 -1 -1
157 -1 -1 0
159 0 -1 0
159 0 -1 0
159 -1 0 0
157 0 1 -1
155 0 0 0
157 -1 0 -1
156 0 1 -1
154 -1 -1 0
157 0 0 0
158 0 -2 1
158 0 -2 1
108 0 3 -1
95 0 0 2
91 -3 0 0
97 0 -1 -1
91 -2 2 1
94 -1 -1 -1
105 0 0 -1
132 2 -3 0
153 0 -1 0
166 -1 -2 0
169 -1 -1 0
170 -1 -1 -2
170 1 -1 -2
168 -1 -1 2
146 -2 -1 -1
120 0 0 1
83 -2 -4 0
78 0 -1 -1
89 -1 -2 -2
93 -3 0 -1
99 3 -1 0
97 -1 -2 -1
99 -1 -1 1
96 0 1 -4
99 -2 -1 0
97 0 -3 0
101 -2 -5 0
97 0 1 -3
91 -2 3 2
110 -2 52 5
210 -1 -10 -11
177 -4 2 -6
161 -5 -4 1
154 -4 7 -11
144 5 -4 -7
140 -6 -5 -7
116 -5 0 -5
113 2 0 5
102 -5 -8 1
120 -1 -4 -4
140 0 -2 -4
131 -1 -2 -4
133 6 -1 6
133 -6 -2 11
114 -2 -2 3
140 1 3 -1
141 0 3 -1
145 -3 -8 -4
134 8 -1 1
135 -9 -6 4
132 -4 -3 -2
150 3 -3 3
146 1 -5 1
141 0 4 -3
159 -4 1 -3
153 -2 1 -2
154 0 2 2
155 7 -4 -4
155 -7 2 4
156 4 -5 -4
155 3 -2 -3
167 21 1 8
170 7 0 -12
157 -7 -1 -1
152 4 -12 1
159 -3 3 -2
163 0 -3 -3
168 -2 2 0
157 2 -3 3
167 1 -3 13
166 -2 -1 6
164 -1 -4 3
166 -5 -1 2
158 0 -1 -4
166 -1 -3 0
161 3 7 5
161 -10 -6 -5
154 0 -6 5
178 10 3 -11
188 -9 -7 0
175 -3 -8 5
190 0 -3 0
198 -1 -2 0
195 -2 0 -2
193 -3 -1 0
186 -2 -3 -1
192 -1 0 0
196 1 -2 -1
193 0 0 0
196 -2 -2 -1
199 -1 -1 -1
202 -1 -1 0
200 -1 -1 0
201 -1 -1 -1
204 -2 -4 -2
210 3 15 15
169 -2 -8 -3
161 2 4 -10
158 -10 -9 5
157 20 1 -3
158 -13 -13 -2
186 5 22 10
140 -25 -34 14
36 2 5 -3
45 -2 1 -2
48 -3 2 -2
47 -3 4 -12
49 6 -2 -5
51 -5 -2 3
50 2 -3 5
65 2 -8 0
115 2 2 -3
152 -3 0 0
142 0 -3 0
151 0 0 0
157 -1 -1 0
158 1 -1 -1
156 -1 -1 -1
157 0 -2 -1
158 1 0 0
157 -1 1 0
155 -1 0 0
157 0 -1 0
156 0 -1 0
157 1 -1 0
155 0 -1 -1
155 -2 2 -3
155 -1 0 -1
110 -1 0 0
96 -1 1 -2
95 0 -2 -1
89 -1 -2 0
95 0 -2 0
96 -1 0 0
110 -1 -1 -1
136 -1 -1 -1
154 0 -2 1
166 -1 -1 0
170 -1 -1 -1
170 0 -1 -1
171 -1 -1 -1
167 0 -1 0
151 -2 2 0
120 -1 -4 -2
82 -1 -3 3
78 -1 1 0
88 2 -1 -1
92 1 -2 1
96 3 -1 3
96 2 1 0
92 -2 -1 0
95 -1 0 0
97 -3 -1 0
97 1 -2 1
98 0 -1 -1
96 -1 -2 0
90 0 2 0
105 4 57 -1
218 1 -9 -12
184 -3 4 2
178 -2 2 -1
168 3 5 1
149 -3 -9 9
144 -1 -1 6
125 2 -1 11
102 -2 -4 -3
104 5 4 -5
137 -2 -2 -3
123 2 3 -10
134 6 5 14
131 -2 3 10
120 4 -6 -4
135 -1 0 -1
138 2 -5 1
144 -2 -1 -4
138 1 2 -8
133 -2 0 6
125 0 -5 -1
146 6 -1 -4
145 -4 2 -5
139 -3 0 -1
158 -1 -1 -3
160 16 -4 7
145 -15 -4 -2
138 -22 -1 2
150 -4 -4 -2
155 7 0 2
139 0 -2 -7
132 6 2 -6
120 4 -5 10
115 -12 18 16
166 18 -5 -1
163 -4 3 6
162 -2 -1 -7
157 -2 3 -1
160 4 1 3
166 3 1 -5
158 -4 -6 -4
157 -5 0 2
165 23 7 13
162 8 -2 0
162 0 5 8
151 6 3 -2
151 -8 -6 1
169 13 6 5
188 -13 2 1
170 -4 -1 5
186 1 -6 1
196 -2 3 -1
197 -2 -2 -1
187 0 0 -1
187 0 -2 0
187 0 -1 0
191 -1 -1 -1
193 -1 -1 -1
194 0 -2 0
197 -1 -1 -1
200 -1 -1 -1
203 -1 -1 0
202 0 -1 0
202 0 -1 -1
206 -1 0 0
207 -2 1 -2
199 0 -17 -5
153 0 5 -19
157 18 -7 0
148 -16 7 0
117 -6 -5 1
143 -3 0 4
224 -4 45 1
61 4 6 -3
44 0 -1 0
45 0 2 -3
51 -2 2 -1
53 -5 -7 -1
58 2 4 -1
55 1 -3 6
52 2 -4 1
76 2 -1 -1
145 0 -1 0
149 0 0 0
145 0 -1 -1
156 0 -1 -1
159 0 -1 -1
158 -1 -1 0
156 -1 -1 0
155 -1 -1 0
154 -1 -1 -1
156 -1 1 -1
156 0 0 -1
155 -1 -1 -1
154 0 -1 0
155 -1 -1 0
155 0 -1 -1
155 0 -1 0
155 0 -1 -1
109 0 1 0
95 -1 2 1
95 -1 -1 0
97 1 -2 -1
97 -1 -1 1
103 1 -2 -1
109 -2 0 0
135 0 -1 0
154 -1 1 -3
166 0 -1 -1
171 0 -1 0
170 -1 0 0
170 0 -1 0
167 -1 -1 -2
149 1 2 -3
117 -1 -3 2
80 1 -3 1
74 -3 1 0
87 1 -2 -1
91 2 -1 -1
96 -2 -2 2
95 3 -2 -2
95 2 0 -1
96 0 -3 2
97 -1 -1 -1
97 0 -2 0
99 0 -2 0
96 0 -1 0
89 0 -2 -1
103 1 58 1
224 4 -12 -7
194 -1 3 6
179 -4 -5 10
164 -4 -6 16
152 4 2 8
147 0 -1 11
139 -3 -4 4
112 5 -3 4
124 -4 -2 -1
128 3 0 -8
129 -3 -3 14
128 -7 -14 5
112 5 0 -2
132 -1 2 -4
142 -3 -1 1
136 -2 -3 -3
139 5 2 -15
122 -1 -5 3
131 -1 -3 0
141 -1 1 3
139 0 -1 -4
140 1 -1 -5
148 1 1 1
141 -1 -4 -10
117 -12 -3 7
117 10 4 -4
117 11 3 -7
103 15 -5 -1
114 2 3 -12
126 -11 -17 4
143 3 -6 -1
161 -2 4 -2
107 19 7 -1
131 -11 0 4
142 -24 -13 -4
153 -3 12 19
154 31 -4 -9
154 25 -4 0
148 -4 6 11
157 7 8 6
158 36 -6 -18
93 25 -26 5
131 -9 11 24
155 7 -6 -11
143 -7 -8 12
180 12 10 -5
178 -10 0 1
172 4 -1 -5
196 3 -1 2
195 -1 -4 0
193 -1 -1 -1
191 0 -3 -1
191 0 -1 -1
192 -1 0 -1
192 -1 -1 -1
196 0 0 0
198 0 -1 -1
198 -1 -1 -1
201 1 -1 -1
204 0 0 0
204 1 -1 -1
202 -1 -1 0
203 -4 -1 0
205 -4 -4 -2
212 6 1 -17
175 13 3 9
148 -12 3 -9
105 -4 3 -1
88 5 2 -1
116 1 4 9
198 -8 -1 -10
179 8 -59 1
22 2 7 0
45 -3 -2 -2
47 -1 1 1
43 2 -2 2
45 0 -1 2
58 -1 0 2
50 5 3 -2
61 -1 -10 -2
118 1 6 0
147 3 1 1
145 0 -3 0
149 -1 0 0
159 -1 -1 -1
157 -1 -1 0
156 0 0 -1
156 0 0 0
155 0 -1 -1
155 0 0 0
154 -2 2 1
152 -1 0 -1
155 0 -2 0
154 0 -2 -1
155 0 -2 -1
156 0 0 0
153 -1 0 0
152 -2 0 0
108 0 0 0
96 -1 -2 1
96 -2 0 4
98 0 -1 -1
99 -2 -1 -1
104 0 -2 -1
112 1 -1 0
135 1 0 0
154 0 -2 0
167 -1 -2 0
170 -1 -3 -1
172 -1 -3 0
171 -1 -1 -1
168 0 -2 0
153 -1 -1 0
121 0 0 -2
82 3 -3 1
75 -3 1 -2
85 -2 2 -1
93 0 -2 0
96 0 -2 1
96 0 1 -4
101 -2 -4 0
99 -1 0 -1
96 -1 -1 0
98 -1 0 0
97 0 -1 0
93 -1 -1 -1
86 0 -3 -3
107 4 55 10
222 6 -7 2
193 2 1 10
182 -3 -3 12
169 5 0 14
138 -4 -5 8
155 -2 -5 -3
155 10 -3 -5
117 -5 1 3
117 3 -1 -1
118 1 1 3
129 -2 -3 -3
105 0 3 -7
132 -3 -1 -1
143 -2 -5 0
134 4 -2 4
127 -6 -6 -4
119 3 -7 0
126 -1 1 -2
133 -3 1 -4
132 2 -2 -9
130 4 4 1
143 -2 -4 -4
148 1 2 -13
123 -9 -2 9
136 2 1 -2
129 -6 -10 -8
115 -2 3 7
96 -12 -2 1
89 -19 5 -3
77 -11 15 -8
157 2 2 4
160 0 3 -5
137 5 1 -1
122 -1 -6 -11
113 0 -5 -14
86 -11 0 -7
105 13 5 -18
103 -14 -4 -3
88 -7 1 -1
87 -3 -8 -1
74 -3 -19 1
86 -9 6 2
39 -17 -6 -27
151 5 2 9
176 -10 0 -4
161 -6 -6 5
175 2 -2 -1
191 0 -3 0
195 0 0 -1
192 0 -2 -1
195 -1 -2 0
194 -1 -2 0
190 0 -1 0
193 -1 -1 -1
197 -1 -1 0
197 -1 -1 -1
198 0 -1 0
200 0 -2 -1
200 0 0 -1
201 0 -1 1
199 -3 0 1
202 -4 -2 -6
209 16 1 9
204 8 1 4
162 -10 2 -5
117 -3 6 -3
81 6 2 0
92 0 2 0
108 2 0 7
165 -6 -7 -2
218 -12 33 -33
72 -4 0 -5
38 -2 -1 0
48 -1 3 0
46 -1 3 -1
44 -1 2 0
43 -1 -1 -1
53 -1 3 0
45 0 -3 -1
74 -1 3 -1
143 -2 -2 0
143 -1 -2 0
147 -1 -2 -1
158 -1 0 0
159 0 -2 0
158 0 -1 0
157 0 -1 -1
157 -1 0 0
155 -1 -1 0
155 -1 0 -1
154 0 -1 0
154 0 -1 0
154 -1 -1 0
153 -1 -1 -1
153 0 -1 -1
153 0 -1 -1
151 0 -3 0
153 0 -1 0
107 -1 -1 -1
102 1 0 1
99 1 -2 0
98 1 -1 0
99 1 -2 -1
107 -1 0 0
115 -3 -2 -1
138 -2 0 0
155 -1 -1 0
167 -1 -2 -1
171 0 1 1
171 0 0 0
172 0 -2 0
169 -1 -1 -2
149 1 1 0
124 -2 -1 0
84 -1 0 -2
74 0 2 0
85 -1 2 1
92 -2 0 -1
92 1 -1 1
99 -1 3 -1
95 -3 -5 0
101 1 0 0
99 1 -1 -1
98 -1 -2 -2
98 -1 0 0
95 0 -2 -1
94 0 2 -1
100 1 25 -1
211 -2 -10 5
194 -1 -5 12
198 -3 2 10
168 -5 2 12
134 -4 -5 0
129 -3 5 -10
131 -4 -4 1
106 2 -1 -1
115 -7 -2 0
125 0 -4 -14
102 2 2 -7
127 1 0 -1
137 0 -3 0
130 0 3 3
132 -5 -7 -2
128 -4 0 -2
130 0 0 1
133 -5 -2 -1
135 0 -5 -3
125 0 3 -4
147 -1 -7 -1
138 2 7 -2
116 0 -5 -4
133 3 0 3
134 -1 -2 -11
101 9 6 6
107 -9 -11 0
110 24 -2 -8
102 15 -13 -10
98 3 20 -2
116 -4 -5 -3
127 -4 2 -12
106 -10 5 4
70 -16 -2 3
69 10 -1 32
93 -16 15 -15
77 10 -14 9
75 -3 -4 5
49 5 0 0
47 -3 -4 -1
47 5 3 -1
36 -8 -11 -6
99 30 -1 2
171 -17 -3 -4
151 11 3 -1
193 3 -2 2
197 1 -1 -1
196 -3 -1 -1
193 -1 -1 0
192 0 -2 0
196 1 -1 0
194 -1 -2 -1
190 -1 0 0
193 -1 0 0
198 0 -2 -1
198 0 -1 1
197 -2 0 -1
196 -2 -4 0
201 -2 -1 0
201 -6 -6 -13
214 33 1 9
187 -17 4 -5
149 -18 0 1
106 2 4 -5
93 7 -1 0
85 0 0 -2
94 -2 1 0
108 7 7 5
158 -8 -5 -20
211 43 10 11
141 -24 -41 23
26 10 0 -5
48 -5 -2 0
51 -3 0 -3
51 2 4 1
47 1 -2 -1
53 1 1 1
49 0 -1 -3
41 0 -12 -3
115 -1 3 -1
147 0 -1 1
142 0 -5 -3
151 -3 0 -1
160 0 -1 0
159 -1 -1 0
160 -1 -1 -1
158 -1 -1 -1
157 -2 0 0
156 -1 -1 0
156 -1 -1 -1
155 -1 -2 -1
154 -1 0 0
154 0 -2 -1
154 1 0 0
152 -1 -1 -1
153 0 -1 0
152 0 -4 -1
154 0 -2 -1
110 0 0 0
102 -1 0 -1
97 0 1 -1
96 -1 -5 -3
101 1 0 0
107 -2 -2 -2
116 -1 1 -1
134 0 0 -1
155 -1 -2 -1
168 0 -1 -1
171 0 0 0
171 0 -2 -1
171 1 -2 0
168 -1 -1 -1
154 -1 -1 0
120 0 -4 1
81 -3 -4 -2
76 1 -2 0
85 -1 0 1
96 1 -2 -2
97 -3 -1 0
97 2 -7 -2
96 -2 -4 -1
98 1 1 1
96 -1 -1 0
99 0 -2 0
99 -1 -1 0
96 0 -1 1
95 -2 6 -1
73 -2 -36 1
191 -5 -4 8
200 -1 -3 10
196 2 7 13
175 -1 3 4
127 2 -5 -12
126 6 11 3
136 3 1 17
121 -2 3 1
118 -1 2 -6
109 0 -1 -4
119 -1 -3 5
133 -1 -1 1
133 0 0 3
130 -2 -5 -1
120 1 2 0
127 1 0 1
133 -2 -4 0
130 -4 -1 -3
119 -1 1 0
138 -1 -2 -4
137 4 -2 1
120 -11 -12 13
124 4 -2 -2
126 -5 -5 -3
110 11 4 1
131 9 1 6
106 -14 -1 -6
81 -10 -7 -1
67 -1 -4 0
57 1 1 -4
77 1 0 3
108 4 1 -6
94 12 2 -7
91 6 -5 4
95 -3 6 31
72 -12 1 -10
57 -4 -9 10
73 -1 -12 10
43 -3 3 -1
45 8 3 7
25 -21 -17 19
139 32 16 -12
155 -26 -7 4
155 8 7 -5
188 -2 -1 -1
193 -2 -2 0
195 0 -1 -1
193 -1 -2 0
193 -1 -1 -1
191 0 -2 -2
191 1 -2 0
194 -1 0 0
191 -1 -1 -1
192 0 -2 0
195 0 -1 -1
195 0 -3 1
200 -3 1 0
195 -7 -2 -3
206 16 2 8
203 -10 13 -25
121 -6 5 -1
94 10 -6 0
82 8 0 -2
88 0 -5 -4
95 -5 -3 0
107 3 -2 -1
132 6 2 2
172 -5 -12 -19
202 10 17 -52
89 -20 16 2
39 7 7 -4
43 -1 -4 1
47 0 -1 -1
45 0 -1 -1
41 1 0 -1
45 -3 -2 -2
53 -1 -2 -1
45 3 -1 1
59 2 8 -3
141 2 -2 0
145 -1 -4 -2
143 0 -1 -1
159 -1 -1 0
162 0 -1 0
160 0 0 0
160 0 -1 -1
159 0 -2 0
159 -1 -1 -1
157 -1 -1 0
157 -1 0 0
155 -1 -1 1
155 1 -1 -2
153 -1 -1 0
150 -1 -1 -1
155 0 -1 -1
153 -1 -2 0
152 0 -1 -1
153 -1 -1 -1
114 -1 0 0
103 -1 -2 0
102 -1 -2 -1
96 0 -1 2
100 3 -1 0
105 -2 -2 -1
114 -1 0 0
137 1 2 0
154 -1 -1 0
166 -2 -2 -1
171 0 -1 -1
170 -1 -2 0
174 -1 -2 -1
167 0 -1 0
153 0 -1 -1
120 -2 -4 -1
82 -2 1 -3
74 1 -1 -2
84 -1 -1 1
93 0 -2 0
97 -3 1 2
97 -1 1 1
97 1 -4 -1
101 -1 -2 -2
96 -2 -1 0
99 -1 -1 -1
99 0 0 1
93 -2 -3 0
98 -3 6 -3
73 -3 -40 5
179 -12 -6 11
200 2 1 9
199 -2 8 10
179 -4 -3 14
130 1 -4 -2
135 0 -2 0
152 13 0 4
131 -1 2 -1
106 3 5 -3
115 -6 -2 0
131 -1 -2 1
134 -3 0 2
129 1 -1 -7
121 0 4 0
125 -4 -4 -2
134 1 -2 -1
133 -1 -1 1
123 -4 0 5
138 0 -4 -4
134 -3 2 1
118 -2 -23 -2
112 -2 1 0
138 3 -4 -8
122 2 -6 9
86 -13 -7 -7
75 16 7 5
74 5 0 -3
60 -2 -1 -1
58 -1 3 5
63 -1 2 17
103 -8 -9 16
106 10 -5 -16
63 -9 -8 2
85 3 0 34
105 -12 2 -1
82 3 7 -6
62 -1 -37 0
89 -5 -33 -11
23 -12 0 -13
39 -4 -5 26
150 6 20 -13
137 -14 -7 9
144 11 5 -2
198 -3 -4 1
177 -3 -1 1
183 2 1 -2
191 -2 -1 0
188 0 -2 -1
190 -1 0 -1
185 -1 -4 0
189 -4 -1 -1
188 -1 -2 0
190 0 -1 0
190 -2 -3 -1
194 -1 -1 0
191 -6 1 2
196 6 3 13
201 15 3 -24
145 -18 1 1
131 5 -3 -2
96 -7 -1 3
95 -11 -3 -4
92 -5 -1 4
110 10 3 3
139 1 0 -1
162 2 0 7
169 -15 -10 -16
205 21 12 -39
101 -17 -35 14
40 3 1 -3
50 0 -2 -1
50 -1 -1 1
50 0 -1 0
45 -2 -1 0
42 -1 -2 1
53 2 2 5
58 0 0 -1
50 4 -14 -6
104 4 2 0
151 1 -5 0
142 0 -7 1
152 -1 -3 0
162 0 -1 -1
162 -1 -1 0
161 0 -1 0
160 -1 0 0
159 -1 -1 0
160 0 0 0
157 -1 -2 -1
158 0 0 0
154 -2 -1 0
154 1 -1 0
155 0 -2 0
154 1 1 1
154 0 -1 0
155 0 0 0
152 -1 0 0
153 0 0 0
115 -1 -3 -4
106 -1 -2 -2
102 -1 -2 3
102 -2 -5 -1
96 1 -4 0
103 -2 -2 -1
111 -3 0 -1
136 -3 1 -1
153 -1 -1 -1
166 0 0 -1
171 0 -1 -1
171 -1 -2 0
170 0 -2 0
168 0 0 -1
152 -1 -2 -4
125 0 -2 -2
84 -1 -7 1
75 0 1 0
82 -1 -2 -1
92 -1 -3 -1
93 -1 -1 1
95 -1 -4 2
97 1 0 -1
99 0 -2 0
96 -1 0 0
99 0 0 0
96 -1 -3 0
98 -2 -3 -1
99 -1 2 -1
84 -1 -6 -4
114 7 44 3
217 -2 -10 10
190 0 3 13
186 -3 -6 4
158 2 -4 10
131 -5 11 4
147 1 11 1
119 2 -2 0
110 -3 -2 0
131 1 4 1
135 -2 -1 -1
132 -6 -3 -7
116 -4 2 0
129 -1 0 0
128 0 -4 0
129 0 6 1
119 -4 -7 -7
130 -2 -3 -3
134 14 0 0
140 6 8 4
119 2 -36 1
121 11 -3 -2
98 -13 4 4
65 2 5 14
75 11 8 -13
82 -12 -5 2
52 0 2 4
50 2 -2 -3
45 -7 -29 -9
97 -10 -3 -4
109 -5 6 -14
60 -3 8 -5
40 -1 -4 37
100 -5 -21 -3
76 1 10 8
83 -9 -13 -7
28 2 -26 -4
98 -16 0 -28
57 3 6 12
162 -4 7 -1
129 -9 -4 12
170 8 13 -4
196 -3 -1 -2
184 1 -1 -3
178 -1 0 0
184 0 -2 -1
185 -1 -1 0
186 0 -1 1
184 -3 -1 0
185 2 -1 -1
187 0 0 0
191 -1 -2 0
190 0 0 3
194 -3 -1 0
195 2 -1 0
199 28 -14 -24
160 -43 -14 18
92 7 2 -5
102 -1 -8 -6
134 -2 -4 1
135 4 -7 2
135 3 -3 0
158 -3 2 -1
164 -5 -2 -1
169 -2 0 -1
160 -8 -8 -13
200 18 26 -14
98 -12 -17 9
38 5 3 3
47 -2 -1 2
52 3 0 -1
52 -2 -4 -2
49 -1 -4 0
51 0 1 -2
39 -1 -8 0
56 -1 0 -1
52 -2 0 0
63 2 3 -3
131 -1 0 0
146 -1 0 -2
143 0 -1 -1
159 0 1 -1
162 -1 0 -1
160 -1 0 0
162 -1 -1 0
161 0 -1 0
161 -1 -1 0
159 0 -1 0
157 -1 -1 0
157 -1 -2 -1
159 0 0 -1
152 -1 -5 -1
156 0 -2 -1
153 0 2 0
152 -1 -1 0
155 0 0 0
153 -1 -3 0
151 0 -2 0
114 0 2 0
104 -1 0 0
100 -1 -3 0
103 0 -3 0
101 3 1 2
100 -3 -1 -1
113 -1 -2 -1
137 -1 0 -1
153 -1 -2 0
167 0 0 0
171 -1 -2 0
170 1 0 -2
171 -2 -2 -1
167 -1 0 0
151 -1 -1 -2
126 -1 -2 -2
86 1 -6 -1
74 0 0 -1
87 1 0 -1
92 1 2 1
94 2 -1 3
94 -1 0 -2
97 -2 -1 0
99 -1 -3 -2
98 1 -1 0
99 -1 1 -1
93 0 -4 -2
97 1 -4 -1
102 0 0 -1
94 -1 -2 0
100 -10 11 -19
211 3 -13 -3
195 -4 -5 4
201 -4 6 -6
170 3 0 1
162 -2 -14 8
143 3 -17 10
103 -1 6 2
128 -5 0 0
131 2 -4 4
136 2 2 -9
107 1 -3 -1
119 1 -2 -2
127 1 -2 -1
122 -1 1 0
124 -1 -6 -7
127 1 -1 -4
129 -3 -1 -11
106 26 -13 14
119 -10 2 -13
118 5 -11 -3
81 -11 -13 11
63 0 -7 7
80 -7 -2 -4
65 4 1 1
45 -3 -3 3
57 1 4 -1
40 -1 4 -8
61 2 4 -14
101 -16 -30 10
57 1 -3 0
52 13 0 23
110 -6 6 -2
99 17 4 5
73 -18 -26 -21
47 6 15 -24
49 -9 11 -9
82 20 12 19
163 -8 4 -4
119 0 0 5
171 1 -2 -3
195 -1 -2 3
180 1 -2 -4
179 -1 3 0
179 0 0 -1
185 -1 -1 1
178 1 -1 0
177 0 -2 -1
179 -2 -1 2
185 2 0 -1
189 -2 0 0
191 0 -3 -1
189 -2 -4 -5
201 22 11 35
164 -33 -6 -6
96 7 20 -4
62 4 1 -19
122 7 -14 -9
99 1 -3 6
124 -5 0 5
159 -1 -1 -5
167 -1 -2 -1
161 1 -1 0
166 1 0 3
164 -12 -13 -20
211 40 16 -8
117 -17 -14 15
34 6 4 0
47 2 0 -1
49 -1 -2 -3
54 2 -1 0
48 -5 0 -1
48 -2 -4 -3
44 -1 0 1
51 4 1 0
55 1 3 3
46 3 -9 -3
88 -6 5 -1
147 -1 -2 -2
140 2 -2 1
148 0 0 0
162 -1 0 0
164 0 1 -1
164 0 1 1
163 0 -2 -1
161 -1 -2 -1
161 0 -2 -1
158 -1 -1 0
156 -2 -1 -1
157 0 -1 0
156 -2 -1 -1
154 0 0 1
152 -3 0 0
155 1 -1 -1
153 0 0 0
152 -1 -2 0
152 1 -3 0
150 -1 -2 0
115 3 -1 -1
104 0 -1 -1
102 -2 -1 1
101 2 -1 -2
99 -2 -2 -1
102 -1 -2 0
109 0 0 -1
131 0 1 0
153 -1 -2 1
166 2 0 -2
170 -4 -1 0
171 1 -2 1
171 0 -1 -1
169 -1 -1 -1
154 -1 -3 -3
126 1 -1 -2
82 -1 -3 -1
74 -1 0 -2
83 3 0 -1
91 2 0 2
94 1 1 2
95 -1 -2 2
97 -1 -1 -1
98 -2 0 -1
94 -1 -1 0
98 -1 0 -1
98 0 -2 -1
102 -1 0 -1
100 0 -2 -1
102 -1 7 -1
79 0 -26 10
163 -8 22 23
210 5 -6 -7
193 1 -5 -1
157 -4 7 2
182 -1 17 -4
114 -4 -12 -9
122 2 -1 -2
124 0 -4 0
131 0 4 0
107 0 -5 1
125 -1 4 0
124 -3 0 0
121 -3 -5 -3
119 0 -1 -11
124 -1 4 1
133 -5 1 -1
129 -21 9 -3
97 -5 -12 4
76 -13 -10 -2
76 6 5 -1
72 -6 -4 10
84 3 2 -3
66 0 1 0
43 -5 -15 -6
87 -5 15 -12
54 -9 -3 3
45 2 -7 0
102 -4 5 0
46 5 3 -3
53 6 3 4
65 4 16 -7
64 -7 -6 -4
98 6 -1 -7
54 2 30 17
108 -30 -44 -8
47 7 43 6
164 -20 -4 -2
116 3 -4 9
178 -1 3 0
196 -1 -3 -1
191 0 2 -1
184 -2 -2 -3
179 0 -2 -1
181 -2 -2 -1
181 2 -1 -3
174 -3 -4 -1
177 -2 1 -2
177 -2 -4 -1
185 -1 0 -1
192 3 0 -1
190 1 -3 0
188 -3 0 -2
162 2 0 2
58 9 -2 4
77 8 2 -22
102 -5 -21 3
103 10 21 4
125 1 12 -7
116 -2 -4 -4
145 1 -5 0
159 -5 0 -2
167 -8 -4 -3
175 -3 -5 10
200 11 16 -41
84 -12 2 4
47 4 -1 -2
43 -2 1 2
48 -6 -2 -1
48 -1 -1 0
54 1 -5 0
55 -1 -1 -1
50 -2 2 -1
45 -1 0 0
49 -4 -1 -1
48 0 -2 -6
60 -2 -6 -5
115 -3 4 0
141 1 0 0
139 0 1 0
158 -1 -1 -1
165 0 -1 -1
164 0 1 -2
164 -1 -1 0
162 0 -1 -1
162 -1 -1 0
161 -1 -1 -1
160 0 -1 0
160 -1 -1 -1
157 0 -2 1
157 -3 -2 -1
156 1 -1 0
155 0 0 -1
154 -1 -2 0
156 0 -2 -1
152 0 -2 -1
149 -1 -2 1
152 -1 -2 1
115 1 0 0
106 0 -1 0
104 -1 -1 0
100 -1 -1 -3
99 1 2 1
94 0 -3 0
106 0 1 0
127 -2 0 0
152 -1 -2 0
165 0 0 -1
171 -3 -1 0
170 0 -2 -1
172 0 -1 0
170 0 -1 -1
155 1 -1 -3
126 0 0 1
81 -3 -3 -1
73 0 0 0
84 -1 -2 1
91 1 0 -3
95 -2 -1 1
96 -1 -1 0
95 1 -1 -1
95 1 -1 -1
98 1 0 -1
96 -1 -3 -1
96 -2 -1 0
101 0 -1 -1
104 -1 -2 0
103 0 0 1
100 -3 9 1
84 -1 -7 -18
200 12 -3 -12
198 -4 -3 -1
177 4 -11 -3
180 -6 9 4
121 -21 19 8
133 -4 -1 -1
132 1 3 2
117 -2 -5 -5
118 -1 -1 -1
128 0 0 -3
131 7 -1 -2
126 8 4 -1
121 4 4 0
127 -6 -3 5
125 13 -2 2
103 -2 -2 -9
95 -6 8 0
83 -6 7 -4
68 0 -5 4
82 5 0 -6
59 -5 1 -1
43 0 -6 2
54 -7 -9 2
102 9 -35 1
32 3 6 4
55 -1 9 1
97 -3 12 2
56 1 4 8
57 -11 -2 -3
50 -18 -4 0
62 -11 33 2
71 -2 -28 -12
83 5 42 -28
89 25 8 -6
129 -12 -8 -3
106 2 12 0
189 -1 1 -4
193 1 -1 1
191 0 -1 0
185 -2 -2 -1
182 1 0 -2
179 1 -2 -1
180 0 -3 2
176 0 -3 -1
168 0 -4 1
179 1 0 2
180 1 -3 -1
187 1 -2 -2
184 -2 0 0
182 4 -4 4
188 -3 -2 1
177 -1 6 -4
105 0 1 0
84 -4 2 -25
99 15 4 -16
95 6 -9 4
132 14 -10 -4
115 -3 -16 2
134 7 -1 -1
161 -1 -1 -5
193 26 0 20
181 -17 5 -9
61 2 -12 4
39 -3 -1 0
44 -2 -5 -2
47 0 -2 1
53 -3 -1 1
49 -3 -1 2
57 -2 -5 -1
49 -1 -2 0
43 0 2 -2
44 2 -2 2
55 -1 2 -2
56 -3 2 -5
74 -2 5 -2
132 1 -2 1
129 0 -5 -2
142 -2 1 0
164 -1 -1 0
165 -1 -3 -1
164 -1 -2 2
161 0 -2 -1
162 -1 -1 -1
162 0 -1 -1
162 0 -1 0
160 -1 -2 -1
160 -1 -1 -1
157 -1 -1 0
157 -3 -1 -1
157 0 -2 0
157 0 0 0
154 -1 -1 0
152 -2 1 1
152 -1 0 0
153 1 0 -3
149 1 -1 -1
118 0 -1 0
109 -2 0 1
105 0 -1 -2
102 0 1 0
99 -1 0 0
96 -1 -2 0
101 -1 0 4
129 0 -1 2
153 1 -1 -1
168 0 -2 0
171 -2 -1 -2
171 -1 0 2
170 2 0 -2
168 -2 -1 0
151 0 0 -1
124 -2 -4 1
85 -1 -4 -2
73 0 0 -2
82 0 -3 -2
87 -1 1 -2
94 0 1 2
96 -1 -1 1
98 -1 -1 0
97 0 -1 -1
97 -1 -1 0
96 -1 -2 -1
100 -1 -1 -1
101 0 -2 -1
107 -1 -2 -1
108 0 0 0
106 -1 0 -1
93 0 -11 2
131 -2 34 2
218 2 -10 -3
190 -3 0 -6
166 -1 -41 4
131 -3 6 0
117 -3 -1 -3
117 2 -3 -5
112 -4 7 -7
128 0 0 0
126 -1 -3 0
117 -6 -1 -5
121 1 -1 -2
127 3 -4 2
117 6 4 -1
114 -3 1 0
90 -5 -5 3
60 1 4 -4
80 1 -3 -5
86 0 6 1
89 -5 -6 8
54 2 3 0
46 -2 -5 -9
60 -1 11 1
98 -12 -25 -5
39 3 -6 14
70 -12 -8 5
45 1 3 -1
55 0 -3 3
73 -10 -4 1
76 -9 -4 -2
79 -6 27 2
81 -7 -25 -12
107 -4 -31 -4
115 10 15 0
118 2 9 7
173 -7 1 1
184 -3 -3 0
183 -3 -1 -1
186 0 0 4
182 -1 0 2
177 -1 -1 -1
176 -2 -1 0
174 -2 -2 0
173 2 -1 2
172 1 -1 -1
183 0 0 -3
178 -8 -2 1
186 5 1 -1
186 -1 -4 0
192 -1 -2 -1
194 0 0 -1
189 -2 9 -1
137 2 -8 1
87 1 -7 2
84 -11 8 -33
99 11 -6 -13
88 4 21 -9
133 2 -2 1
133 -5 -3 -1
165 -3 0 -9
136 -7 -9 -1
43 3 -4 1
49 0 1 -1
46 -1 0 -1
44 -1 -2 -1
53 -1 -2 -1
52 0 -6 -1
56 0 -3 -1
54 0 -2 0
51 -1 -5 0
45 0 4 0
48 -2 -1 -1
50 1 -7 1
56 -1 -10 1
106 -1 -1 0
134 -1 -3 -1
124 0 -2 -1
153 -1 0 0
167 0 -2 0
168 0 2 0
162 -1 1 -1
163 -1 -1 -1
161 -1 -2 -1
163 0 0 -1
159 0 -1 -1
162 0 -1 -1
161 -1 -2 0
160 -1 -1 -1
160 -1 -1 0
158 0 -1 0
156 -3 -1 0
156 1 -1 1
155 1 -1 -1
155 -1 0 -1
154 -1 -1 0
152 -1 -2 0
114 -1 -1 -3
106 -3 -2 1
102 1 0 0
101 -3 -3 0
102 1 -1 -1
93 -1 -2 -2
96 1 1 -2
127 -2 -1 -4
150 -2 -1 0
165 -1 -2 -1
171 -2 -1 -1
172 -1 -3 1
174 1 -2 0
169 1 2 0
156 -2 -1 1
127 1 1 -3
79 -1 -7 0
74 0 1 1
82 -3 -4 0
89 0 -4 1
92 0 -1 1
96 -1 -1 2
96 -5 -1 -2
95 0 -1 2
97 0 -1 -1
97 -1 -2 0
100 0 -1 -1
100 -2 -3 -1
106 -1 -1 0
107 -1 0 -1
106 -1 2 0
97 -2 -2 -1
111 -1 41 -1
228 1 -6 -5
196 -1 -4 -4
190 -7 10 -7
131 -5 -2 -1
124 -6 7 -1
109 2 -4 -2
116 2 1 -1
128 -1 -2 -2
114 -3 -4 -2
121 6 -1 -4
132 -2 3 -3
117 -3 -19 -3
122 12 1 -6
114 -4 -2 -2
67 1 5 0
67 2 -2 3
54 -3 -8 5
76 0 -4 -4
71 -3 -2 0
65 4 -6 1
50 3 -4 -1
64 -4 -25 -9
89 21 -8 -5
81 -10 -5 -1
45 -4 1 -2
50 2 -2 -2
49 -1 2 -3
42 6 -5 -5
45 6 -1 8
44 -9 11 -4
96 12 6 -9
74 -6 -23 -12
107 11 -6 -5
141 8 0 1
164 2 4 -2
177 -1 -2 -2
176 2 -1 0
176 1 -1 2
171 -3 -4 -3
172 3 -1 0
172 1 -1 1
175 -1 1 0
174 2 0 -1
173 -5 1 -6
172 0 -2 -1
191 1 -2 0
194 -2 -2 -3
195 0 -4 -1
193 -1 -4 -1
194 -1 -3 -1
196 2 0 -3
168 0 -4 -2
105 -3 6 -2
73 0 -16 3
67 2 12 10
82 7 -31 4
116 2 -7 -2
135 -4 0 -4
145 1 -4 -2
94 0 -12 -5
43 -2 2 1
43 0 -1 -1
41 -1 -3 -1
49 -2 1 -1
52 0 -4 0
54 1 -2 -1
57 -1 0 0
50 -1 -2 -2
46 -1 -2 0
40 -3 -2 -2
51 1 -3 -1
53 2 5 -3
66 -3 0 3
125 -1 1 1
129 0 -6 3
129 0 1 -1
159 -1 -2 -1
165 -1 -1 0
165 -2 -1 -2
165 2 0 -1
166 0 -3 -1
162 0 -1 -1
162 -1 1 0
158 -2 0 0
162 -1 -1 -1
162 0 -2 -1
161 0 -1 0
161 0 0 0
157 -1 -2 0
157 -2 -2 -1
156 1 0 0
155 -1 -2 0
156 0 0 0
153 -1 -1 -1
149 -1 0 0
114 -1 1 0
104 0 1 -1
105 -1 0 0
101 0 -3 -1
98 -1 0 0
91 -1 -2 0
93 -4 2 -2
128 1 3 1
151 0 0 -1
164 0 -1 -1
170 0 -1 3
171 -1 0 0
172 0 -1 -1
173 0 -5 0
154 -2 0 -1
129 -1 1 -1
83 0 1 -3
70 2 1 -1
84 -1 1 0
91 0 -2 -1
95 -2 0 -1
97 0 0 0
98 -1 -2 -2
102 -1 1 3
99 1 -1 -1
97 -1 -2 -1
101 0 0 0
104 -1 -2 -2
110 6 -3 -1
112 1 1 -1
107 0 1 -1
103 -1 -4 0
116 -2 41 -2
224 -2 -11 -4
207 5 9 11
159 -6 -18 5
104 2 5 -1
122 0 -5 0
115 -2 -1 -1
126 -1 -3 -5
103 -2 0 2
131 8 3 -1
133 2 2 3
127 0 2 -3
105 -7 -10 -18
76 -9 7 6
58 0 2 3
78 -1 -5 3
48 -6 -3 1
47 5 -3 -4
60 4 16 1
68 0 -10 -11
85 3 12 0
50 -6 -3 4
64 -5 -21 4
66 5 17 2
115 15 -1 7
51 -1 1 -4
42 -16 3 0
43 4 -4 -1
47 0 5 6
33 -10 -14 -4
92 16 1 -2
101 -11 -19 -10
105 15 -16 -15
164 2 -31 1
167 -2 1 0
181 -1 -3 0
187 -1 2 -1
183 -1 2 0
169 -1 0 -1
165 -2 1 -1
168 -1 -5 -5
178 1 -1 3
166 -2 -7 0
166 2 0 0
175 1 -1 -2
192 -2 -1 0
194 0 0 -1
200 -1 -1 0
195 -1 -1 -1
197 -1 -1 -1
197 -1 -2 -1
196 -1 0 -1
177 0 1 0
121 -7 -4 -2
77 0 1 1
43 0 -9 -3
85 -3 0 -2
83 2 21 3
137 2 -3 3
150 7 13 8
81 0 -7 1
47 3 -2 -2
42 -1 0 -1
41 0 -5 0
51 -2 -1 -1
51 0 -1 0
54 1 2 2
58 -1 1 1
49 2 0 0
44 0 -3 -1
46 0 0 1
48 -4 -4 -4
46 -3 -9 0
93 -4 10 0
136 -1 -5 2
128 -1 -6 0
143 -1 1 0
159 0 -3 0
161 0 -1 0
162 0 -1 0
163 -1 -1 0
164 -2 -1 -2
160 0 -1 -1
162 -1 -1 -1
162 0 -1 0
163 0 -1 0
161 0 -1 -1
160 0 -2 -1
159 0 -1 -1
159 -1 0 -1
157 0 -1 0
157 -1 -1 0
158 -1 -1 0
155 -1 -1 0
153 0 -1 0
150 -1 -1 0
112 -2 -2 -3
106 0 -2 -1
104 0 -1 -1
99 -1 -1 0
100 1 0 -1
93 0 -3 0
96 1 -4 0
126 -1 -2 1
150 1 0 -2
166 1 0 0
171 0 -1 0
172 -1 -2 0
171 1 -3 -1
168 0 -3 -1
154 2 -1 0
125 -1 1 0
85 -3 -3 3
73 -5 0 0
84 1 -3 -2
94 0 -7 -1
97 1 0 -1
96 -1 -3 -1
97 -3 -1 -1
98 -2 -1 1
97 0 -2 -1
99 0 -1 0
101 -3 -1 -3
106 3 -1 5
104 -16 0 6
112 5 1 0
109 0 -1 0
108 -1 3 -1
103 -4 3 -6
209 -7 -8 -7
211 -2 10 -10
116 -3 1 3
106 -3 0 -1
112 -1 -3 0
118 0 0 -7
109 6 2 -2
129 -2 -1 2
120 8 -18 -6
122 11 -4 -3
113 4 -2 1
105 -18 -2 -5
47 -1 -5 0
73 6 19 0
56 4 -5 -1
46 -4 0 -3
45 0 3 -3
47 -1 0 -4
81 -4 0 10
73 2 16 -5
59 -2 -26 -4
74 -1 -21 2
34 -1 -10 6
108 6 32 3
91 -13 0 -2
73 -15 -7 -1
37 4 7 -1
31 -7 -13 -26
93 19 24 -6
131 -14 -17 -5
127 16 10 -13
167 -3 -7 3
139 1 10 -16
185 -1 -6 1
178 0 2 -1
191 3 3 0
177 0 1 1
163 -1 0 0
160 -1 -2 -2
172 5 5 9
175 -3 -4 0
161 -1 0 -1
172 0 -4 0
185 2 -3 3
194 1 0 -1
194 -1 0 0
201 -1 -1 -1
197 -1 -1 -1
201 -1 -2 -1
205 0 -2 0
202 0 1 0
188 -3 2 0
132 -1 -9 -1
83 0 -5 1
41 -1 3 -1
59 0 17 -2
81 -2 1 1
143 -4 -4 4
157 -4 7 -6
59 -1 3 0
49 -3 -3 -4
47 -3 0 1
48 -2 -2 -1
49 1 -1 1
54 -2 0 -1
62 -2 2 2
60 -2 0 1
47 -4 0 0
41 -4 -1 0
49 -2 -2 -2
49 -4 -1 -3
60 2 -2 0
121 2 5 -2
136 0 -3 -3
134 0 2 -1
150 -2 0 0
151 -2 -2 0
156 0 0 -1
156 0 -3 0
162 -1 -1 -1
163 -2 -1 0
162 -2 -1 0
160 1 -2 0
160 -1 0 0
159 -1 -2 -1
164 0 0 0
161 -1 -1 0
159 0 -1 -1
159 -1 -1 0
158 -1 -1 -1
156 -1 -2 -1
158 0 -1 0
155 0 -2 -1
153 -1 0 0
151 0 -1 0
111 -1 1 -4
104 0 -1 -1
102 -1 -1 0
98 0 -1 0
98 -1 1 0
94 -1 -3 -1
92 -1 -1 -1
129 -2 -1 1
149 2 2 0
163 0 0 0
171 -1 0 -1
170 0 -1 0
174 -1 -4 0
169 -1 0 -1
154 0 -1 3
131 -3 2 -1
88 -1 -2 -4
75 0 -1 -3
80 2 -4 2
90 -2 -2 -2
96 -1 2 0
97 1 -1 0
101 -2 -1 0
101 -2 -1 -1
99 -1 -1 -1
99 -1 -2 1
104 -4 3 2
102 6 -1 29
137 -1 -18 5
110 -1 4 -2
113 -2 -1 -1
114 -1 9 -2
87 2 -33 4
189 -7 -6 1
193 -1 -33 -2
104 -3 3 -2
117 2 1 5
110 -2 2 -9
104 3 1 4
129 -6 -3 -2
117 -3 -6 -7
104 5 -8 -3
71 1 9 -1
86 -1 -10 -1
77 -8 8 -3
50 -4 -16 0
85 4 -17 2
38 3 2 -1
51 1 13 2
52 1 0 4
50 2 0 -8
48 8 -4 -3
70 -4 -4 9
53 -1 -3 -6
83 9 -23 4
75 11 -20 -6
72 1 54 6
59 7 0 1
37 3 0 3
33 -12 -17 -36
61 10 27 -5
146 -15 -24 -9
129 10 8 -8
179 -10 -12 4
160 0 10 -2
145 -2 4 -1
167 2 -8 -2
177 -3 8 2
183 1 1 0
170 1 -6 0
173 0 -2 0
169 1 1 0
167 -7 -8 3
155 6 2 -2
167 -1 -1 0
181 -1 0 -1
187 0 1 -1
195 -2 -1 0
197 0 0 0
198 -1 -1 0
200 -1 -1 0
205 -1 -2 0
210 -1 -1 0
209 -1 0 0
200 -1 1 -1
156 -1 -9 -1
95 -1 1 -1
52 4 -2 2
47 3 3 2
58 -3 -28 -1
131 5 -9 -9
168 -4 17 -6
65 -2 4 -4
54 -5 -4 -4
49 -3 -2 6
52 -3 -1 2
54 0 -5 -5
56 1 -4 -2
61 -1 1 0
51 0 -1 0
46 0 -2 0
45 0 1 -1
54 0 1 -2
45 -1 -4 -2
81 0 5 0
142 -3 -2 -2
128 0 -6 0
146 -1 3 0
155 0 -2 2
151 -1 -3 0
150 0 -1 -1
150 0 -1 -1
152 -1 -1 -2
152 -4 -1 3
155 -5 -2 -1
159 -1 2 1
160 -1 -1 -1
159 -1 -2 0
161 -1 -1 0
161 -1 -1 -1
159 1 -1 0
159 -1 -1 -1
157 -1 0 -2
157 -1 0 -1
157 -1 -1 0
153 -1 -1 0
154 1 -1 -1
150 1 -1 0
112 -1 4 -1
105 0 -1 0
102 -2 -1 0
98 -1 -3 -1
99 0 0 -1
90 -3 -2 0
96 1 -3 -2
124 -3 0 2
147 -3 -3 -2
167 -2 0 -1
172 -1 -1 0
170 -1 -2 -2
174 1 -3 0
169 -1 -1 -1
153 -2 -1 0
128 4 0 2
89 2 -5 0
77 1 2 -1
83 -2 0 -2
93 0 0 -1
100 -1 0 0
99 -4 1 0
103 -2 1 0
102 -2 -2 -1
99 0 -1 0
101 -1 1 0
97 0 -8 3
122 -6 4 -2
112 2 2 0
113 -2 -1 0
113 0 -2 -1
114 0 1 0
110 -3 4 0
130 -1 27 -3
209 -5 -34 2
106 2 2 -3
114 0 0 -5
115 0 1 1
123 1 -3 4
125 -2 -4 6
130 -4 -3 -3
111 5 3 12
89 -9 5 -1
58 -7 -1 9
53 0 -5 3
38 0 -17 -1
83 -5 -20 -8
38 2 -1 9
61 -8 -10 1
54 0 -6 0
44 3 3 1
53 -1 -10 0
54 4 0 -4
51 -2 -6 8
78 5 8 8
110 -6 -10 4
76 30 18 11
96 10 -21 -2
23 -7 -6 -19
53 8 12 9
147 -9 -15 -8
129 11 11 -4
178 -3 -6 5
173 -3 -3 2
172 -1 13 2
151 1 7 2
168 1 -3 -1
186 -2 1 2
186 1 -4 0
169 -2 1 -1
166 -2 0 -2
155 -4 -1 4
152 -2 0 -2
167 -1 0 -2
171 -1 -1 0
185 0 0 -1
190 0 -2 0
194 0 -1 -1
198 -1 -1 -1
199 1 -1 0
202 0 -1 -1
204 -1 -1 0
209 0 -2 -1
209 0 -1 0
204 -1 0 -1
167 -2 -3 1
100 -4 3 0
58 1 -4 2
36 -5 1 -1
57 4 18 4
89 -6 18 2
168 0 -4 -3
70 -7 -1 1
54 -2 -3 -6
49 0 2 0
51 0 -1 -1
57 3 0 -3
60 4 -1 2
64 -1 -1 0
50 -1 -2 -1
47 0 -3 -1
46 -2 2 1
50 -1 -3 2
42 0 -13 -4
103 0 4 0
141 -3 -2 0
130 0 2 -1
159 -1 -1 -1
159 -1 1 -4
155 -1 1 -2
151 -3 -1 0
150 -3 0 -1
147 -1 -1 -1
146 -3 -4 0
152 -1 -2 -1
148 -1 0 1
151 -3 -1 -1
153 -4 -2 -2
157 0 -2 0
159 2 0 0
158 0 -1 -1
157 0 0 0
156 0 -2 1
156 0 -2 1
155 1 -1 -1
152 0 -3 -2
152 -1 0 0
148 -1 -1 0
111 0 -1 -1
102 0 -5 -1
100 0 -1 2
96 -2 -1 1
94 0 -2 -2
91 -1 -3 0
94 0 -1 -1
124 0 1 -1
146 0 -2 0
164 0 0 -1
171 0 -1 0
173 -1 1 -1
170 0 -3 -1
170 -1 0 -1
156 -1 0 -4
129 2 1 -2
87 -1 -5 -1
76 -1 -4 -1
90 0 -4 -2
95 -2 -3 2
96 1 0 -1
98 0 -1 0
103 -2 0 0
102 -2 -3 -1
99 -1 0 0
100 0 -1 0
101 -1 -2 -1
115 0 1 0
114 -2 -1 1
118 2 0 -4
120 1 -1 0
119 2 -1 -3
120 6 2 -5
105 0 -31 4
191 -5 -8 -5
130 5 3 -2
113 -1 0 7
127 1 -9 5
124 1 1 -2
128 5 1 1
110 3 -5 9
79 -9 1 9
39 10 -7 7
78 -4 2 -12
48 -4 3 -4
40 -3 -15 5
79 3 0 17
60 3 -2 4
58 -8 7 3
57 8 -7 6
47 -1 -1 1
50 1 1 -1
67 -1 6 3
45 5 -10 3
89 -2 -6 5
68 -12 3 2
41 0 -32 -4
110 15 -30 2
41 7 11 16
149 -3 -10 1
114 -2 2 8
168 2 -4 2
174 1 3 -1
184 0 -4 -1
184 0 7 1
150 -3 -8 -3
159 -1 -2 -1
191 0 0 -2
173 -4 -5 -3
161 2 3 -6
157 -2 -2 2
154 0 -3 0
164 0 -2 0
172 -1 -1 -1
173 -1 -1 0
185 0 0 0
193 -1 -1 -1
196 -1 -2 0
196 0 -1 -1
199 -1 -1 0
201 -1 -1 -1
205 -1 -1 0
209 -1 -1 0
209 -1 -2 -1
208 1 -1 0
183 -2 -4 -2
116 -1 0 1
70 -2 -3 -1
41 0 0 0
48 -2 5 -3
81 2 32 -6
171 -3 -4 3
100 10 -17 -2
46 0 -2 1
54 0 -2 0
58 -7 -1 1
56 4 0 -5
59 -2 -2 0
63 -7 -1 -1
52 0 1 2
46 0 -1 -1
53 0 0 1
45 -5 -2 -2
57 -9 5 -1
135 -2 1 -1
133 0 -5 -2
138 -1 2 -1
165 -1 -1 -1
161 0 -2 0
161 0 -1 0
158 1 -1 0
158 0 0 -1
153 -2 -2 0
151 -1 1 -1
150 0 -2 -1
149 0 0 0
147 0 0 0
144 -1 -2 0
148 0 -1 -1
148 -1 -2 0
152 -1 -1 0
152 -1 -1 0
153 -1 0 -3
153 5 -1 -4
150 -2 -2 0
150 0 0 -1
154 0 -1 -1
151 -2 -2 -1
112 -1 4 1
100 -1 -2 -1
101 0 1 3
98 1 -5 -2
95 -2 2 1
92 2 -2 -1
95 0 -1 0
125 0 0 0
148 0 -2 -1
165 0 1 0
171 0 0 -1
173 0 0 0
175 -2 -3 -2
166 -1 -3 -1
155 -2 2 -3
131 -3 -2 0
85 -2 0 2
76 0 0 1
85 -1 -2 -1
93 -2 -2 1
97 0 -2 -1
100 -1 -1 -1
101 2 -1 -1
100 1 -1 0
101 0 0 0
101 0 -2 0
104 -1 -3 -2
110 -1 2 0
118 0 -2 1
116 -1 0 -3
114 -2 -2 -1
115 -1 2 -2
111 8 -1 -4
124 -10 2 -11
107 -24 17 -2
110 -21 -7 6
121 6 1 -6
137 -6 3 -2
125 -1 0 -1
125 1 5 -1
75 5 -13 -6
59 -3 3 -4
34 0 -23 -1
88 -4 -18 -6
41 5 18 -14
57 -4 1 4
41 1 5 4
58 -11 -11 26
74 2 1 5
43 1 -2 -1
45 -6 -6 -4
55 5 33 16
70 8 18 -4
64 1 -4 5
38 -3 -27 -20
89 11 -28 -2
25 4 3 11
52 -15 0 0
134 -2 6 -10
112 -4 3 14
164 4 -4 2
159 1 -1 0
164 -2 1 1
183 -2 -2 1
184 -3 3 -3
156 2 -24 3
165 -4 8 -9
178 -1 -4 3
152 -2 -1 -2
153 0 -1 -2
159 -4 2 -3
159 0 -1 -2
167 -3 -1 0
171 -1 -1 0
175 0 -3 0
177 -2 -1 -1
192 1 -2 0
197 0 -2 -1
196 -1 -2 0
197 0 -2 -1
201 0 0 0
206 1 -2 -1
209 0 -1 -1
209 0 -1 1
207 -4 -2 0
195 1 1 4
131 -1 -6 -1
82 3 -1 -2
45 0 2 0
40 0 -9 -1
78 1 -27 4
164 -4 26 -5
102 2 -14 0
48 -7 -6 4
50 -4 4 -5
58 -4 -2 -1
58 0 -1 -2
62 0 5 -5
57 2 -3 1
47 -1 -1 2
49 1 0 -2
53 0 0 -2
45 0 -6 -3
98 -1 0 -2
139 -1 -1 -1
131 2 -3 -1
153 -1 1 0
163 -1 -2 0
160 -1 -1 -1
161 0 -1 1
160 -1 -2 -1
163 -1 0 0
160 0 -2 -1
157 0 1 0
156 -2 -1 0
154 -1 0 -2
148 -2 0 0
146 0 -1 0
146 -1 -2 0
147 0 1 0
143 -1 0 -1
141 -1 -2 0
145 -4 -1 -2
147 -3 0 -2
149 -3 -2 -2
153 1 -2 -3
152 -1 -1 0
149 0 -1 -1
111 -3 2 1
103 3 1 -1
99 -1 -1 3
97 0 0 0
95 -1 1 -1
89 -1 -3 -1
92 0 -3 0
125 0 0 0
148 0 -1 -1
163 0 -1 0
171 -1 0 0
171 -1 -1 0
174 -1 -1 0
170 -1 0 -1
157 -1 -1 0
126 0 -1 0
89 -1 -5 0
74 0 -1 -2
83 -1 -2 1
94 -1 -1 0
98 -1 0 0
100 -1 -4 -2
103 4 -2 1
102 -1 -2 0
101 0 -1 -1
100 -1 -1 -1
105 -1 1 -2
109 -1 -3 -1
114 -1 -1 0
119 -1 0 -1
118 2 0 -2
117 -5 -3 -8
116 -26 -9 -18
142 33 -26 -23
124 14 1 2
171 24 -27 -3
113 -3 6 1
134 2 2 2
120 2 3 7
118 6 2 -10
50 -17 -21 -5
98 13 -19 -9
20 -7 -29 -6
110 6 -2 12
49 7 -1 1
48 -9 -9 -9
72 11 -5 10
92 -8 -3 0
64 -6 -2 1
39 -4 -5 3
45 -4 -20 -4
59 10 -4 0
39 -4 -12 -6
92 -16 -18 8
49 -12 28 -11
71 3 -1 0
34 4 -27 -7
113 8 13 -15
101 -7 -10 20
165 3 -5 0
161 -2 2 -2
165 -1 -2 -1
161 0 -2 -1
189 -1 -5 0
182 -1 1 -2
175 -3 -5 -3
180 20 -7 -19
149 -14 -3 1
154 7 -2 -2
162 3 -1 1
166 1 -4 -1
163 -2 -2 0
173 -2 -1 0
174 -2 0 0
175 -1 -1 -1
179 -1 -1 0
185 0 -1 0
194 -1 -1 0
197 0 -1 0
196 -1 -1 -1
198 0 -1 0
202 -1 -1 0
205 0 -2 -1
208 -1 0 0
204 -2 -4 -1
199 2 -2 0
140 6 -5 3
82 -1 1 2
45 0 0 -1
45 1 -1 2
59 -4 -43 -2
159 -3 13 0
105 6 -21 1
59 1 -8 -5
60 -2 -2 1
57 -3 -3 -2
57 -2 0 -3
61 -7 1 0
50 1 -4 -1
55 -2 -6 -2
50 -1 3 -1
47 0 -3 0
58 -1 -5 0
119 0 3 -2
136 -1 -2 0
134 -1 3 -1
160 -1 -2 -1
160 -1 -1 0
162 -1 -1 0
161 1 -1 0
160 1 -1 -1
159 -1 -2 0
163 -1 -1 -1
164 -1 0 -1
161 -1 -2 0
155 -1 1 0
156 0 -1 -1
151 0 0 -1
148 -1 -1 -1
147 -1 0 0
143 0 0 0
142 1 -2 -1
143 0 -1 0
142 0 -2 0
143 0 3 -1
144 0 0 -1
146 -1 -1 -1
149 0 0 0
107 -5 1 1
98 0 2 -1
97 0 -1 0
97 -2 -3 1
97 0 0 -1
92 -2 -1 1
93 0 -3 0
124 -2 -1 -1
147 -1 0 1
162 -1 -2 -1
173 0 0 -1
174 1 0 -1
175 -1 -1 0
170 -1 0 0
156 -1 0 0
127 -2 1 -1
86 0 0 -1
76 -3 -1 1
87 2 2 -2
94 0 -2 -2
100 1 -2 -1
99 -1 -2 0
101 1 -8 3
97 0 0 -1
102 1 -1 -1
101 0 -1 -1
104 0 -4 2
114 0 1 2
115 0 -1 -2
119 0 -1 0
121 -3 -5 -2
136 3 35 25
165 -44 2 -8
79 -8 -15 0
51 8 -3 5
83 -1 5 -25
152 45 -7 8
123 4 -12 -2
109 0 3 -4
67 -8 -14 2
80 -7 13 24
72 9 -8 11
38 -3 -7 9
104 -1 -25 0
34 1 13 4
51 -4 -3 -1
53 -9 -1 0
52 5 0 -8
44 -6 -5 -2
47 2 -3 -1
43 3 -8 1
67 2 -14 -15
49 -3 8 -12
90 1 -41 -3
61 -3 -12 0
39 -11 -11 -20
71 7 29 0
121 -9 -26 -3
143 6 17 -13
172 -8 -7 2
180 2 8 3
164 2 -3 0
160 -2 5 2
186 -4 -8 -1
193 4 6 30
171 -17 3 -6
100 3 1 2
93 -9 3 -4
106 -11 0 -1
123 -15 -3 2
137 3 -2 1
163 12 0 1
176 7 -2 -2
176 0 -2 -1
176 0 0 1
174 -1 -3 -1
179 -1 -1 0
189 0 -1 -1
193 -1 -2 -2
193 0 0 0
193 0 0 0
197 -1 -1 -1
199 -3 -2 -1
205 0 0 -2
205 13 -1 2
187 8 2 -1
128 -5 -7 1
59 -2 -2 -2
43 0 -1 -1
37 -5 0 -5
44 4 -40 6
146 -12 15 5
132 0 -17 2
55 2 5 -5
61 7 0 1
56 -1 -4 0
65 -3 -2 1
60 -3 -4 3
47 -3 -2 0
50 1 -2 0
50 -1 4 1
45 -1 -5 0
74 -1 6 -2
133 -2 1 2
133 3 -5 -1
146 -1 2 -2
161 0 -2 -1
161 0 0 -1
157 1 -1 0
158 -2 -1 -2
160 0 -2 0
161 1 -1 -1
160 0 -2 -1
162 0 -1 0
161 1 0 0
159 1 -2 -1
155 0 -1 -2
156 -1 0 0
153 0 -1 0
151 1 0 -1
146 -2 -1 -1
148 -2 -1 0
146 -1 0 0
143 0 -1 0
140 -1 -4 1
141 -1 -2 0
140 0 0 1
139 1 -1 -1
107 0 0 0
99 -1 -3 -1
100 1 -2 0
96 -1 0 -1
100 0 0 -2
95 -2 -2 1
91 1 -4 -1
126 -1 0 -1
148 -1 -4 0
165 -1 -1 -1
175 0 0 -1
173 0 -1 0
176 -1 0 0
172 -1 0 -1
157 -1 -2 -4
131 0 -1 0
84 -2 -1 1
79 1 1 -3
86 1 -2 0
92 -1 -2 -1
100 -1 -1 0
100 0 -1 -1
101 1 0 -3
100 -2 0 2
99 0 -2 -1
101 -1 -1 -1
104 0 0 2
109 -2 1 0
117 4 2 -2
118 -2 -2 -6
122 -6 -2 3
142 -5 24 -10
128 -3 -32 -4
46 -7 0 -13
33 -9 -25 1
117 -5 10 -5
150 -18 9 -3
103 -4 -21 -6
81 7 -4 -4
62 -2 3 -8
89 8 6 -7
43 -4 -10 0
71 -5 -22 -5
110 5 -45 -16
24 -7 6 -2
53 12 2 1
70 1 -4 -4
60 12 10 -3
54 -3 -3 7
42 3 -2 -3
39 -2 -6 2
71 -7 6 -8
72 12 14 -15
78 -6 -16 24
55 11 -6 9
51 -11 12 19
138 -5 -31 -19
123 9 23 -13
174 -5 -7 3
176 0 -5 -1
191 -1 2 -2
154 -1 -3 3
167 -6 0 -7
193 13 0 14
176 -14 -9 7
121 8 -1 4
148 0 -9 -13
147 11 -8 -9
126 1 -1 1
90 10 -4 2
80 8 -4 -2
83 -5 -4 1
123 -23 -1 -6
161 -4 -1 -2
174 0 -2 0
169 0 -2 -2
175 1 -2 -2
185 -2 1 2
194 1 2 -1
189 -1 -1 -2
191 2 -3 0
193 0 2 -4
196 9 1 12
179 -21 2 -6
139 -25 -3 2
105 -10 3 -2
88 7 -2 -3
68 12 4 1
46 6 2 -1
41 -3 -1 -1
50 -3 -20 1
124 4 27 -4
149 -1 -6 5
64 6 -1 -4
61 -5 0 1
59 2 -5 -3
60 -3 0 0
52 -4 -1 0
48 -5 -2 5
49 2 1 0
57 1 0 0
46 -1 -13 -2
95 1 8 0
137 -2 -1 -2
129 -2 -6 0
155 -1 0 0
158 0 -1 0
158 0 -1 0
157 0 -1 0
156 0 -1 0
156 0 -2 -1
157 0 -1 -1
155 -1 -1 0
155 0 -1 -1
156 -2 -1 0
156 -3 -1 -2
153 0 1 -1
154 -1 0 1
153 -1 -2 0
152 0 0 -1
153 -1 -1 0
154 -1 -2 -1
149 1 -2 -1
143 1 0 0
142 0 -1 -1
140 -1 -1 -1
138 0 -4 -1
131 0 -1 0
104 -2 -2 -1
101 0 -4 -1
105 -2 1 0
103 2 -3 -1
98 0 0 -1
91 -2 0 3
91 0 -4 -1
123 1 -2 1
148 0 -5 -1
166 0 0 0
174 -1 1 0
172 -2 -1 -1
177 0 0 0
173 0 1 0
158 -1 -2 -2
131 0 -3 -3
88 1 0 -1
77 -1 -2 3
87 -3 0 1
93 -2 -2 -2
100 0 -1 0
100 -1 -1 0
99 -1 -1 0
101 -1 0 1
97 0 -1 -1
101 1 0 1
104 2 -3 0
105 4 -3 0
110 -8 -1 -6
117 0 0 -1
152 0 3 1
137 -1 -16 -3
156 14 -17 8
80 22 37 -7
73 20 -31 21
113 17 -7 -3
110 31 -17 -6
69 -18 -6 -1
61 -3 -7 5
77 3 22 22
72 14 -9 -7
70 2 32 -5
74 -11 -31 7
87 3 35 2
56 -6 2 9
59 -4 11 1
48 4 -2 -2
54 -3 8 0
83 -3 -15 -15
35 -2 7 -2
45 2 0 0
41 5 -6 4
69 -16 17 -18
63 11 12 -12
35 1 -28 -5
110 14 13 -9
128 -6 3 11
181 0 -9 2
167 -3 0 -2
195 1 2 5
182 -2 -3 7
153 -9 -6 -19
200 14 -4 -19
149 -17 -3 8
114 9 -2 -8
127 -3 0 -1
138 6 11 -1
102 -3 25 0
161 9 -14 -16
126 -2 -5 -12
112 3 5 8
91 -1 4 -1
82 7 -2 -1
112 -2 0 -3
157 -3 -2 0
162 0 0 1
167 1 -2 -2
184 -2 1 0
194 1 2 0
188 -2 -1 -1
190 1 -3 -1
176 -9 5 -5
137 6 -3 2
99 28 4 2
104 17 1 3
109 -6 6 3
118 -2 -14 -2
92 -4 2 1
57 0 5 5
48 2 0 -3
51 4 -12 -4
116 6 28 1
153 -7 5 -10
68 8 -4 -10
61 -3 13 2
65 3 -4 -3
66 -3 0 0
52 1 -6 0
55 -1 -2 2
50 1 -3 0
57 -1 -2 -2
55 2 -10 -3
112 -2 7 2
135 -1 -1 0
133 -2 2 1
158 0 -2 -1
157 -1 -1 0
158 0 0 0
156 0 -1 -1
156 -1 -1 -1
156 0 -1 -1
156 -1 -1 -1
155 -1 -1 -1
159 0 -1 1
157 -1 -1 -1
157 -2 0 0
155 -2 1 1
152 1 2 -2
153 0 -1 -1
153 -3 -2 1
152 0 0 -1
154 0 -3 0
153 -1 -1 -1
149 -2 -1 -1
149 2 -2 0
144 0 0 -1
136 0 -2 -1
133 0 -3 -1
108 0 1 0
103 1 2 -2
100 -1 -1 -1
100 0 -1 0
97 -2 -3 1
91 2 1 2
87 -1 -3 2
124 1 -1 -2
148 -1 -3 0
165 0 -1 0
175 0 -1 -1
176 -1 0 0
176 0 0 0
171 0 -1 -1
159 0 -1 -1
130 -1 -1 -1
88 2 -6 -1
75 3 0 0
83 -1 -4 0
92 -2 1 -1
100 2 -1 -1
101 -2 -1 -1
101 -2 -3 0
99 2 -2 -3
98 -1 -1 0
95 0 -2 1
97 -1 0 1
103 -8 1 -5
132 3 3 -5
143 -2 1 -1
153 -1 -1 -1
154 -5 -5 -2
164 4 11 2
147 -11 8 -4
147 3 -22 -2
69 -3 -1 5
51 -10 -13 -9
68 7 -10 4
69 7 4 13
102 9 -23 -1
65 0 8 13
97 2 32 3
50 5 -1 0
45 -8 6 -8
53 -1 -11 -9
52 -7 28 -2
56 0 -4 -1
34 0 -9 5
83 -5 9 15
61 17 -9 -21
37 -17 -1 4
49 0 2 -1
40 -2 -7 4
39 -5 -13 -10
59 18 40 9
128 0 -30 16
163 4 2 -2
166 0 -2 1
187 -1 0 -1
198 2 1 4
172 -9 -12 -15
201 15 15 -47
106 -16 -8 7
84 3 -1 -1
74 -2 4 -1
72 0 -5 0
63 -4 -4 -2
52 2 1 -1
57 -7 -7 0
54 6 -12 4
71 -11 -4 -15
120 21 3 -5
121 1 1 0
121 0 0 -1
140 0 1 -1
155 -1 -4 1
158 0 -3 -1
184 0 4 0
194 -1 1 0
192 -2 -5 -2
189 6 5 10
153 8 -7 -17
98 -23 10 -3
78 -4 1 -3
61 -8 1 -2
52 6 1 0
64 -3 -1 2
64 -2 -3 6
61 -3 -9 -1
37 -4 -2 -1
50 0 10 -2
106 -6 30 0
157 0 -13 1
83 -3 -8 2
56 -2 23 -3
68 -3 5 -3
57 -1 -2 -1
48 0 -2 -1
50 1 1 1
54 4 4 -4
43 1 -3 0
62 -3 2 -2
139 -1 -2 -1
129 -1 -7 -2
144 -1 3 0
159 -1 -3 0
159 0 -1 -1
156 -1 -1 -1
155 0 -1 -1
155 0 -1 0
155 -3 -1 -1
155 1 -1 2
157 -1 -1 1
154 0 -2 -3
155 -2 -1 0
156 0 0 0
153 0 -1 -1
154 -1 0 -1
151 -1 -2 0
153 0 0 -1
155 0 -1 0
155 0 0 0
150 0 -1 0
147 0 0 -1
146 0 -1 0
144 -1 0 -1
139 0 -1 -1
137 -1 -2 -1
103 -2 -2 -5
99 -2 -4 -1
95 -1 -1 -2
97 0 0 -1
92 -2 2 -1
83 0 0 -2
84 -1 0 -1
118 0 -1 -3
148 -1 -3 -1
164 -1 0 -1
173 -1 -1 1
176 -2 -1 0
176 0 -1 -1
172 0 1 0
156 -1 -2 -1
132 0 2 -1
86 0 -1 1
70 0 -1 -1
85 2 -3 -1
90 1 -3 -1
92 -1 -1 0
98 -1 0 -1
99 -2 1 1
94 -1 -1 -1
94 -3 -1 -1
88 -2 1 -1
93 6 0 22
177 10 -2 -2
180 -1 -32 2
132 2 3 -3
151 3 0 3
148 -11 -5 -9
138 -10 3 0
73 1 -10 14
72 -1 -3 0
33 -12 -13 -26
72 29 13 -1
92 -16 -28 -13
94 6 5 -22
71 -3 7 4
73 -1 -15 -9
109 15 29 1
53 -2 -1 -2
53 0 6 5
58 2 10 -7
70 3 50 1
64 -5 -3 1
40 -1 2 -1
34 3 -5 1
103 -9 -1 7
71 26 -2 13
37 -3 0 1
47 -1 11 1
34 -3 -10 18
131 -1 -37 -15
139 4 23 -15
174 -9 -3 2
176 -2 -2 -3
194 -1 1 2
187 -8 -11 -14
200 12 16 -34
105 -13 -18 9
62 6 -1 -7
52 0 -1 0
51 -3 0 6
47 -5 -3 1
50 11 6 3
54 19 -9 20
119 27 1 5
61 -8 -8 -10
35 -10 -8 5
68 -16 5 3
132 -2 0 -1
123 -1 -2 -1
140 1 -4 -1
145 -1 2 0
160 0 -2 0
183 -2 0 0
202 -1 -5 -2
207 8 10 22
143 -13 -16 8
58 3 -1 0
53 7 6 10
67 5 17 18
86 18 -4 -2
51 -5 -3 1
57 -3 -4 3
55 2 4 -1
46 -1 -2 0
43 -2 -6 1
51 -10 8 -1
82 2 29 -1
157 -4 -28 -2
80 5 -2 -1
64 -4 11 3
66 -4 1 1
51 -2 -1 0
48 0 1 1
48 -3 1 1
52 1 4 -1
44 -1 -11 -1
82 2 8 -2
142 -2 -3 1
132 2 1 1
157 0 -1 -1
157 0 -1 0
157 -1 -1 -1
153 -3 -1 -1
153 -1 -1 0
154 0 -2 0
156 -1 -2 -1
155 2 -1 1
153 -1 -1 0
155 1 1 -1
154 -1 -1 0
153 -1 -1 -1
153 0 -1 0
153 0 -1 -1
151 0 -1 0
149 -2 -2 -1
149 -1 -2 -1
150 0 0 0
146 0 -2 -1
143 0 1 0
140 0 -1 0
140 0 -1 -1
137 0 -2 -1
135 2 -1 0
105 -2 2 -2
96 0 1 -1
94 0 1 0
93 -1 0 0
87 -1 -5 0
82 1 -1 -2
78 0 -3 0
118 0 -2 0
146 -1 -1 -1
167 -1 -1 0
176 -1 -4 -1
177 -1 -1 -1
176 -1 -1 -1
172 0 -1 -1
156 0 -1 -2
130 0 4 0
86 -4 -2 0
73 -2 1 0
86 -1 -1 -1
95 0 -3 0
97 -2 0 2
97 1 -2 -3
98 0 0 0
96 -4 -1 -2
94 0 -1 -2
88 5 2 2
109 -2 51 -4
197 -6 20 6
162 41 -7 -16
136 -14 -3 4
149 -5 7 0
132 12 -17 16
133 32 -8 -22
63 -13 15 4
44 -5 2 -14
60 9 9 -7
82 -18 -15 -4
52 7 23 -19
64 -9 -12 7
47 4 5 -12
103 -12 -19 7
108 3 -15 4
39 4 2 0
48 -1 2 -1
49 0 -5 3
65 -3 43 -1
69 -7 -2 9
46 4 -3 -5
43 -3 -3 -1
49 1 0 -1
56 0 12 -1
59 -4 4 -4
37 6 -14 -5
93 17 38 -10
126 -5 1 17
182 10 -12 6
172 1 0 -2
185 1 1 3
193 -3 -7 -4
201 3 21 -13
114 -6 -14 3
77 -6 3 -1
53 -8 0 7
49 3 -4 -3
72 1 -24 -15
67 10 -8 0
53 12 13 6
56 5 -43 -20
178 -15 -6 -1
180 1 3 2
78 4 -13 -10
88 7 -21 -4
111 -4 -1 1
120 -2 1 -1
131 0 1 -2
146 -1 -4 0
157 0 -4 1
186 -2 -3 -1
211 2 0 6
179 -14 -10 2
53 0 7 2
55 -3 -10 -14
55 -1 -17 5
130 -12 6 -1
160 -5 5 -1
70 3 -3 -1
47 -2 1 -1
49 -1 0 1
46 -5 2 -8
50 6 -12 -2
58 -2 11 -3
75 3 30 -6
163 3 -24 1
77 6 -7 3
71 -1 15 0
66 -4 -4 -2
51 -2 -1 0
46 0 -4 2
51 -4 0 -1
49 -3 -1 -1
50 2 -7 -1
117 -3 2 2
141 1 -2 3
137 -2 2 0
158 -1 -2 0
157 0 -1 0
157 0 0 -1
155 0 -1 0
153 -1 -1 -1
153 -1 -1 -1
153 0 -1 -1
153 -1 -1 -1
152 -1 -1 -1
154 -1 -1 0
152 0 -1 -1
152 0 -1 0
152 -1 -2 2
150 3 0 4
152 0 -1 -1
150 -3 -1 -1
148 -1 -1 0
146 0 -1 0
142 0 -1 0
138 0 -2 -1
136 1 -1 -1
134 -1 -1 1
132 -6 -1 0
129 -6 -1 -1
107 2 -1 2
99 -1 -4 0
97 0 -1 -1
93 -2 -5 -1
89 1 2 -1
79 -3 -1 2
75 1 -1 -1
114 0 -1 -1
146 0 0 0
167 -1 -1 -1
178 0 0 1
177 -1 -1 0
179 0 -1 0
175 -1 0 1
157 -1 -4 2
130 0 1 -1
90 0 -3 0
77 -4 1 -4
87 -2 -1 0
98 0 -3 0
101 -2 -1 0
100 -1 0 -3
101 -3 -1 -7
104 6 -5 4
110 19 -9 -5
79 -16 5 11
56 -23 -6 -17
138 -14 -28 -2
134 23 18 -29
191 -14 -14 -3
171 37 -3 -35
80 -25 2 10
68 6 -11 -1
30 -8 -11 -12
68 -8 8 -14
79 -17 -4 8
49 7 13 0
70 -9 -17 2
64 -4 -14 3
78 9 27 1
96 -4 -29 1
114 -4 -26 0
42 -5 4 -3
45 1 -6 -1
52 1 0 -3
35 2 -13 5
90 -6 -20 2
41 -3 6 0
45 -2 -4 0
50 0 -3 0
36 -2 4 -3
41 8 4 12
52 -5 15 26
108 -7 -31 -10
139 5 7 -12
157 1 -3 1
174 1 -1 4
193 -5 -5 -11
202 10 10 6
149 -9 -12 8
114 1 9 4
108 2 -4 -1
79 6 -4 1
47 -11 -1 0
108 -2 6 -8
82 2 8 -2
76 -37 2 -12
88 11 13 -4
202 -10 -11 1
199 -3 13 6
148 2 -20 4
105 2 9 1
109 -1 -1 0
113 2 -4 0
123 -4 -1 0
138 2 0 -2
161 -1 -2 -3
194 0 -1 -1
221 -1 27 0
117 6 -2 -1
109 12 -28 6
76 -13 -1 10
76 -26 3 -28
87 9 30 -10
173 -5 4 3
86 -6 -2 2
46 2 0 -2
44 1 -1 1
44 -1 -4 0
45 -4 -11 1
59 0 -2 0
66 5 41 0
187 -4 -3 1
82 -2 12 -1
82 -6 9 1
66 1 2 2
50 0 -2 -1
48 2 -3 -2
52 0 -1 1
47 -3 -1 0
61 -5 2 -2
134 0 -3 -3
138 1 -2 1
145 -1 -1 2
156 0 -1 -1
155 -1 -2 -1
155 0 -1 0
152 -1 -2 0
151 0 0 0
152 0 0 1
152 -2 -1 -1
152 0 -1 0
153 0 -2 -1
154 0 0 0
153 0 -1 -1
153 1 0 0
151 -1 0 1
148 1 -3 0
146 -1 -1 0
148 0 -1 -1
145 1 -1 -1
141 -2 0 -1
139 0 -1 -1
134 1 -2 1
130 -4 0 -1
130 -4 -2 -2
134 0 -2 -1
151 0 1 0
112 0 -3 1
100 -2 -2 0
97 -3 -2 -1
93 1 -5 1
89 0 -1 -1
81 0 1 1
73 -2 -1 0
114 -1 -2 -3
146 0 -1 0
167 -1 -1 -1
176 -1 0 -1
179 -1 -1 -1
181 -1 -3 0
178 -1 -2 0
159 -2 0 -1
129 0 2 -2
96 -2 -3 1
80 0 0 -1
93 -1 0 2
100 -1 -2 1
106 -1 2 -1
107 0 -1 2
107 -5 5 3
82 1 -2 3
52 -11 -14 -3
81 2 -17 11
110 10 -12 -7
164 7 -17 3
186 14 3 33
215 -41 26 -18
90 -10 -8 -7
54 -2 -9 -10
35 -8 6 3
76 56 10 6
98 -9 -9 -1
57 -13 -4 3
58 -3 16 8
77 -4 6 -3
85 -2 5 -1
89 7 25 7
114 2 -42 -4
124 8 -8 7
53 3 1 -31
54 10 -3 -7
50 -3 -6 1
38 1 4 0
51 1 -10 -1
51 -1 -4 0
47 0 -4 0
46 -1 -3 -2
40 2 5 -1
32 2 -26 -12
115 0 5 -12
122 1 41 7
178 3 -10 0
171 -1 -3 -1
191 -4 -6 -8
200 6 7 5
149 -11 -7 8
119 5 3 -1
122 0 -7 -1
139 -1 0 -1
131 -1 0 -1
94 1 -3 -2
99 -2 -2 3
125 -4 -4 -2
124 13 -8 -4
179 0 1 7
198 10 -2 3
192 6 -5 6
144 2 14 -7
126 -4 1 2
131 4 -2 0
120 -3 -2 -2
124 -1 1 -1
131 0 -3 -1
159 0 -5 0
206 -1 2 1
209 -3 6 -4
113 4 -10 -2
127 -11 5 -4
121 5 -6 4
130 15 -11 5
173 3 -4 10
155 18 -1 2
77 -8 -8 -2
53 1 1 0
51 0 -1 -2
47 -1 -3 -1
47 0 -12 -1
77 0 -12 -1
71 -1 27 3
188 2 -6 2
81 5 10 -4
93 0 -3 -8
54 -2 -4 0
47 0 1 0
44 0 -1 1
56 -2 -1 7
44 1 -10 0
80 1 9 -2
143 4 -5 2
132 -1 -1 0
153 0 0 -1
157 -1 -1 -1
154 -1 -1 0
153 -1 -1 -1
151 0 -1 0
149 -1 0 -1
150 1 -3 0
158 4 0 3
151 3 -3 2
151 1 -1 -1
153 -1 -1 -1
151 0 -1 0
149 -1 -1 0
149 0 0 -1
147 -1 -2 -1
144 -1 -1 0
142 0 0 -1
139 1 2 -2
142 -1 -1 -2
132 -2 0 -2
130 -5 -3 2
141 1 -1 0
158 0 -1 0
171 1 -2 0
179 -1 -1 -1
119 -1 0 -3
102 3 -1 0
98 -1 -2 -1
94 0 -5 -1
86 0 -1 1
77 0 1 -3
76 -1 -2 -1
116 -4 -1 0
149 -2 -1 -1
165 0 -2 0
175 1 0 0
180 1 -2 0
182 0 -4 -1
178 -1 -3 -1
160 1 -2 1
136 -1 0 3
94 3 -5 -3
84 -1 -4 1
94 1 -1 1
98 -1 -3 -1
108 -2 -2 -3
106 1 -11 2
115 -7 -19 4
35 -13 -7 -3
89 4 -14 -2
152 -13 -8 -19
148 4 -1 -5
143 22 -10 5
162 -32 -27 14
43 21 6 -11
46 3 -13 7
101 1 3 39
99 -1 1 -13
71 -7 9 29
83 -20 -21 -6
28 3 -4 0
73 -5 45 -5
86 8 15 1
77 -7 -10 -3
82 -6 12 15
113 -1 -28 7
126 -10 -20 -2
81 10 24 9
72 -2 -6 -3
40 0 -1 0
44 -2 0 -2
48 -2 -4 -2
45 -2 -2 0
49 0 1 1
45 2 2 2
36 -1 -5 -5
60 6 32 8
112 3 -40 3
163 -2 -8 0
166 -2 1 1
183 -6 -5 -9
197 8 13 13
150 -10 -10 6
108 5 5 -2
132 -1 -1 1
136 0 -2 0
140 -2 -3 -1
143 -1 -2 0
136 0 -5 0
131 3 3 -1
114 -2 13 -4
116 -4 7 -3
131 -2 -11 3
120 4 -22 2
154 2 0 -7
169 -11 -2 1
148 -7 2 4
122 -1 0 -1
126 -2 -2 -1
127 -2 1 0
131 1 0 1
157 -1 -3 0
204 1 4 -2
208 0 -9 1
165 -8 -1 -1
140 -7 -5 -3
140 -10 -3 -3
115 -4 -1 4
111 -2 -22 3
71 10 2 -2
65 4 -8 3
76 -5 -4 -3
56 -2 2 1
51 1 2 0
49 -1 -9 -1
72 -1 -13 0
63 -1 26 -4
185 0 -2 0
91 0 -13 -1
84 -3 -14 -2
57 1 -5 -3
47 2 2 0
47 -3 0 0
57 -2 -3 1
54 4 -3 6
115 5 3 -1
137 1 -2 -1
136 0 4 -2
156 -2 0 -1
156 0 -2 0
153 -1 0 0
152 -1 -1 0
153 1 1 -1
146 1 -1 -1
152 -2 -1 0
154 -2 -2 1
152 -1 -2 0
151 1 -1 -1
153 1 0 0
150 -1 -1 0
148 0 -1 -2
147 -1 -1 -1
143 0 -1 1
139 -2 0 0
137 -2 -2 -1
136 0 -3 2
136 -4 -2 0
140 3 -2 -1
157 1 -1 1
174 0 -1 0
181 -3 -3 -1
185 -1 -2 -1
185 0 -1 -1
115 -3 -2 0
103 1 -1 1
95 -1 -1 0
94 0 0 -3
81 -2 -1 0
77 0 1 0
67 0 -2 0
109 1 4 -2
147 -1 -2 0
166 -1 0 0
174 -1 -1 0
176 -1 -2 -1
181 0 -2 -1
177 0 -2 0
161 -1 -2 -1
131 -1 1 -2
93 0 -6 -1
81 -1 -2 -1
92 1 1 -2
100 2 -2 3
108 1 -1 -1
106 -2 -5 1
118 -2 15 -4
135 -6 2 -12
144 19 -5 10
150 -8 9 -10
99 4 -4 4
77 -5 -5 9
77 8 -4 -3
55 -4 -5 -3
48 6 -2 -3
48 -4 -5 3
113 -14 -8 20
125 17 16 -1
106 9 13 -15
55 -4 6 1
57 3 28 4
76 0 -21 -10
98 25 -28 2
81 -17 -15 0
99 -20 9 13
133 7 6 29
112 1 -11 14
54 27 6 -2
50 -1 -4 0
45 0 -1 0
41 -1 5 0
48 -1 -1 0
48 0 0 -2
42 1 7 3
28 -3 -19 8
128 7 -14 1
126 1 27 -5
171 -5 -4 -1
175 -7 -7 -6
203 11 18 43
159 -8 -15 10
85 7 6 -4
126 -2 -2 0
131 -1 -2 0
147 -1 -1 -1
144 -1 -2 0
146 -1 -1 0
147 -1 0 0
145 -3 -5 1
141 -4 -3 0
138 -2 0 0
140 0 -2 0
150 -2 -2 1
160 4 -2 -3
152 0 1 0
150 1 3 -1
128 -1 1 -1
134 0 -1 -1
129 -1 0 -1
126 0 -5 -1
154 -1 -5 -5
195 1 0 -2
218 -3 -3 0
169 0 -2 -1
153 2 -2 0
137 0 -4 -1
129 -2 -5 0
123 -1 -3 -2
101 -1 -12 2
97 0 -3 2
92 0 1 0
58 -1 3 0
46 0 6 2
50 -1 0 3
64 -5 -6 -1
69 -2 24 -1
177 4 5 -5
109 -1 -35 -2
81 -2 -4 3
48 -1 5 -2
49 3 -4 0
53 1 10 -1
46 1 -5 -1
58 1 2 -1
132 -2 -1 0
128 -1 -5 -1
148 -1 3 0
154 0 -1 0
153 0 -1 0
153 0 0 0
150 0 -1 -1
148 0 0 -1
151 -1 -2 0
149 0 -1 0
149 -3 0 -1
149 1 -1 1
149 0 -1 -1
149 -1 -1 0
150 -1 -2 0
146 1 1 -1
143 -1 0 -1
141 0 -3 1
138 -2 -2 1
134 -5 -1 -3
134 -3 -1 0
153 1 -1 -1
175 0 -3 0
182 0 -1 0
188 -1 -1 0
187 0 -1 -1
189 -1 -1 -1
189 -1 -1 0
118 -1 1 -1
92 -2 0 0
88 0 -1 0
82 0 -2 -2
80 2 -1 -2
71 0 1 -1
61 0 -1 0
110 -1 0 1
146 1 -1 0
166 0 -1 0
175 0 -2 -2
181 1 -1 0
182 0 -1 0
178 0 -1 0
161 0 -4 -2
136 1 2 1
93 0 -6 -1
80 0 0 -2
90 0 -2 -1
102 0 -3 1
107 4 1 1
111 1 -2 -3
105 0 -9 -4
134 0 6 -3
129 -22 -5 12
99 -25 -2 -3
72 6 -9 9
89 -2 0 -5
67 -6 3 -5
39 -1 -9 -1
74 -4 -19 3
80 3 -6 -10
88 16 0 -2
73 -12 -8 15
92 4 -11 -6
45 -5 -1 1
49 0 -5 4
75 7 -14 -3
61 -23 1 -36
131 19 6 7
90 -16 -14 8
85 -20 -15 -16
98 44 -9 -32
52 -18 2 2
47 -1 -5 0
47 -1 0 0
41 -1 -2 -2
51 1 -4 -1
48 0 1 3
35 -4 -11 -9
77 3 40 -8
118 -7 -26 -1
159 -11 -2 -1
175 -4 -3 -5
194 12 18 47
167 -21 -29 19
75 9 14 -8
118 1 -5 -2
124 0 -1 1
137 0 -4 -1
148 0 -1 -1
154 -1 -2 -1
159 1 -2 -1
159 -2 0 -2
156 2 -5 -2
156 3 -3 -1
154 -1 0 0
165 0 -3 1
171 1 -2 0
168 0 1 -2
162 -4 1 0
152 0 -2 -1
135 0 -1 2
137 -2 -3 1
129 0 -1 0
124 -2 -6 -1
152 1 -4 -2
189 -2 2 -2
218 2 -5 -1
186 -1 3 -2
164 4 -1 0
151 -2 -1 -4
139 0 -3 1
129 -1 2 0
122 -1 1 -2
114 1 -2 -3
102 -2 1 0
64 0 4 0
46 -1 5 -4
51 -1 -4 -1
70 -6 -5 -1
67 -3 24 0
175 0 4 -3
129 3 -39 -2
63 -1 -14 4
50 -1 7 3
51 0 -2 0
47 1 1 1
46 -2 -7 0
77 -6 9 2
134 -1 -5 -2
132 2 0 -1
150 -2 2 0
154 0 -1 0
153 0 -2 -1
154 -1 -1 -1
149 -1 -3 -1
146 -2 1 0
150 -1 -1 -1
150 -2 0 -1
150 -1 -1 0
149 0 -1 1
149 0 -2 0
148 -1 -1 -1
146 0 -1 -1
145 -2 1 1
136 1 0 0
139 -1 -1 -2
135 0 0 0
134 -1 -5 1
166 2 -1 -1
184 -1 -1 0
193 0 -1 -1
191 -1 -1 -1
189 0 0 0
190 1 0 0
190 0 0 0
190 0 0 0
112 2 -1 0
93 2 0 -2
87 4 -1 -3
82 0 -5 0
73 1 3 -1
67 0 -1 1
61 2 -5 0
104 -3 3 4
143 1 -2 -1
163 -1 -1 0
175 -1 2 -1
178 -1 -1 2
181 0 -1 -1
177 -1 0 -1
160 0 0 -1
136 -1 1 -1
93 0 -4 -1
81 -1 0 0
88 0 1 4
102 -5 -4 0
107 -7 -4 -5
111 -4 -2 1
126 14 5 -6
119 21 -13 7
152 19 -2 17
127 0 -6 -11
135 -28 8 7
78 -3 -7 2
61 0 7 4
64 -2 2 6
80 1 -22 4
109 1 -3 -11
92 -16 -8 -1
101 7 16 -9
66 -11 -9 4
36 0 6 -2
46 1 -5 0
88 -15 6 -6
85 9 -9 5
96 15 5 -6
104 -4 -5 26
145 23 10 -38
93 -2 -2 4
68 7 2 -4
56 9 -7 -7
48 0 1 0
41 -1 -2 0
47 -1 -2 0
48 -2 -1 3
45 0 -10 21
130 0 -19 9
117 -12 28 -3
180 1 2 2
181 -11 -5 -8
184 14 -14 -12
46 5 13 1
102 0 0 0
115 -1 -1 -1
128 -1 -1 -1
136 -1 -3 -1
149 0 -1 0
158 -1 0 -1
163 -1 0 -1
168 -1 -2 0
169 -3 -1 -2
171 -2 3 4
173 1 -3 -1
170 -1 -1 -1
169 -1 0 -1
171 0 0 1
161 -1 1 -1
147 -1 -4 -1
142 -2 4 0
140 0 -4 -1
128 0 0 3
129 -1 -3 0
143 1 -5 -1
190 -1 -3 1
220 0 -1 -1
189 0 -3 0
173 -1 0 -1
155 0 -4 -1
144 -1 0 -1
134 -1 0 -1
128 0 -2 0
117 0 -4 1
106 -1 4 -2
66 -2 5 -2
46 0 -2 2
55 -5 -4 5
69 2 -3 -2
56 -2 17 2
168 -5 4 0
127 0 -41 3
51 -6 -10 -2
50 -2 8 3
45 -3 -2 0
52 3 1 -1
45 -2 -9 -1
100 0 5 1
137 1 -2 -1
133 -1 2 -1
155 -1 -1 0
153 0 -1 0
153 0 -1 0
153 -1 0 -2
151 2 -1 0
150 -3 -1 -1
151 -2 -1 0
151 -1 -1 -1
148 0 -2 -1
149 -1 -2 -1
146 -1 -1 0
147 -1 0 -1
143 0 -2 0
140 0 0 0
138 -1 0 -1
136 0 0 1
132 -2 -2 2
163 3 1 -4
186 -2 -2 0
195 0 -1 -1
196 -1 -1 -1
192 -1 0 0
189 0 -1 -1
187 0 -1 0
189 -1 -1 0
190 0 -1 -1
107 1 1 0
90 3 -3 0
84 -4 1 -3
78 4 -3 -1
77 -5 -3 -1
66 3 0 -1
60 1 -3 3
107 -1 -2 0
141 -1 -1 -1
162 -1 -2 -1
173 0 -4 0
178 1 0 -3
182 -2 -1 0
178 0 0 0
159 -1 1 0
136 0 1 1
94 0 -2 1
80 1 -1 -1
89 -1 -3 0
101 5 -2 7
124 0 0 1
137 -15 -7 8
139 -2 -13 2
144 4 0 -3
109 -4 -12 0
58 6 7 -6
69 3 -9 -6
58 6 3 2
63 -12 0 -5
73 6 7 -20
89 4 1 3
96 7 -5 3
126 19 11 -8
79 -4 -11 3
48 -2 4 -6
43 -3 -3 0
47 -2 1 1
47 1 -5 -2
77 6 -7 28
113 -24 7 3
99 -7 -11 -3
45 5 -27 7
96 -1 14 -1
125 -11 2 -5
68 1 -5 -3
41 -2 2 2
47 4 -1 -1
43 -1 0 -1
40 0 -15 -12
94 -1 41 -14
122 -7 -25 -17
158 -8 -6 4
182 0 -13 -14
211 7 25 -51
75 -14 -7 3
68 -3 -1 4
104 2 3 0
116 -1 -1 -1
128 0 -1 1
136 0 -2 -1
146 0 -1 0
154 1 -2 -1
162 1 1 0
169 -1 -3 -2
174 -1 2 -2
174 0 -2 0
175 0 -3 0
173 0 -3 0
172 0 1 1
170 0 -3 -1
163 -1 -1 -2
148 0 -1 -1
147 0 -1 -2
136 -3 0 1
130 -1 0 2
130 0 -2 0
139 0 -5 0
184 3 0 -4
217 -2 1 0
191 -2 -3 0
167 -1 -1 0
158 0 0 -1
145 -1 -1 -1
135 0 -2 -1
131 -1 -1 -1
124 0 0 1
109 0 6 2
65 -2 5 -2
52 1 5 3
62 2 -2 4
74 1 -9 -2
43 2 -2 4
152 1 -5 -5
152 0 -9 -5
59 -1 -5 0
41 -4 3 1
48 -4 4 2
46 0 1 -1
51 -2 -2 -1
124 1 -1 -2
134 1 -6 -1
144 0 3 -1
158 -1 -1 0
152 -1 -2 -1
153 0 -1 -1
153 0 0 -1
151 2 -1 0
151 0 1 -1
149 -1 -1 0
148 0 0 0
146 -1 -4 -1
146 -1 -2 -1
144 -1 0 -1
146 -1 1 0
141 -1 -1 1
137 -1 -3 -2
138 1 -1 0
132 -2 -5 -2
157 -1 0 0
184 -1 -1 -1
192 -1 -1 0
195 -1 -2 0
195 0 0 0
193 0 -1 0
191 0 -1 -1
189 -1 -2 0
194 -2 -1 0
195 -2 -1 0
105 -2 1 0
80 0 -1 0
77 0 -2 0
78 0 -3 0
73 -1 0 2
64 -2 0 1
55 0 -7 -1
105 0 2 0
143 -3 0 -2
163 -3 -1 -2
176 -1 -2 -1
177 -1 -3 0
179 0 -1 -1
176 0 -1 -1
161 0 0 0
134 -1 -2 0
93 -1 -5 0
76 1 2 -2
91 -2 0 3
103 -1 0 3
111 2 0 -1
111 2 0 -2
119 4 -10 5
81 -11 -8 12
80 -17 -2 15
98 9 -8 -7
74 9 4 -1
58 -13 -5 -9
90 15 6 3
83 -12 -20 -3
90 21 13 -5
129 -9 5 10
85 15 18 12
61 5 -3 -7
46 -3 -3 0
46 0 -1 -2
46 1 -4 0
49 1 0 -1
46 3 5 4
58 -8 -13 4
68 6 -3 -5
32 -2 -9 5
97 -2 14 -5
135 2 4 5
81 -20 -13 6
41 4 -4 -1
40 -2 -1 -1
42 -2 4 2
40 -5 -4 14
137 -4 -16 12
122 -11 24 2
187 3 -1 -4
201 5 43 31
111 16 -31 1
36 0 2 -1
73 -1 3 0
110 -4 0 0
119 1 -1 1
126 1 -3 2
135 -1 0 -2
142 -1 -1 -1
149 0 0 1
157 -2 -1 1
170 1 0 -3
174 -2 3 1
175 2 -3 -3
178 -2 -2 1
175 0 -5 0
173 0 -3 0
168 -1 -2 -1
160 0 1 -1
149 -1 -2 0
144 -1 0 -4
141 1 -1 -3
131 -1 -1 0
129 0 1 -1
137 1 -2 0
180 1 2 0
218 0 1 -1
199 -1 -9 0
164 0 0 -1
161 0 0 -1
148 -1 -1 -2
135 0 -1 -1
130 -1 -2 0
125 -1 0 -1
105 0 -4 -4
61 -2 2 3
51 -3 0 -1
54 2 1 1
74 1 -7 -1
36 0 -15 1
145 -6 -4 -5
157 0 33 -1
60 -3 -3 -1
46 6 -3 -4
53 -4 2 1
48 -3 -3 -1
64 -1 7 -1
136 0 1 0
134 -1 -4 1
151 -8 3 4
158 1 -2 -1
153 -1 -1 -1
153 0 -1 0
153 -1 0 -1
149 -1 0 -1
149 0 -1 0
148 0 0 0
147 0 -1 0
146 -1 -3 -2
147 0 0 -1
144 0 0 -1
146 0 -2 -1
141 0 -1 0
136 0 1 -1
129 0 -2 -2
144 -1 2 -2
182 -2 -2 -1
193 -1 -3 -1
191 -1 0 -1
192 0 -2 0
195 0 -1 -1
192 -1 -2 -1
192 -1 -1 -1
194 0 -2 0
200 0 -2 -1
201 -1 0 0
102 -1 2 -1
77 1 -3 -1
73 0 -1 -1
70 0 -1 0
69 -2 -1 1
63 -4 0 0
56 0 -5 -1
104 -1 3 1
144 -2 -4 2
164 -1 -2 1
173 -1 -2 0
174 -1 -2 -1
176 -1 -1 0
173 -1 -1 0
157 -2 3 -2
135 0 2 -2
95 0 -3 -2
79 -3 -1 5
91 -2 -4 1
97 -1 0 -3
107 0 -2 0
111 -9 1 -2
99 -6 -31 6
122 40 2 5
106 -23 -1 1
85 7 18 9
85 -15 -20 -10
94 8 7 -26
74 -12 1 -2
51 -2 -5 -1
79 -6 28 -22
111 -8 8 -2
56 -3 4 -1
63 4 -8 0
46 -1 1 3
48 -3 -2 3
50 -1 -5 -3
51 -2 -4 -2
52 -4 -4 0
61 11 -18 -9
58 -13 -3 5
36 -1 -8 -10
105 1 10 0
112 -8 33 -11
139 22 -12 2
36 -5 6 1
41 3 0 0
33 2 -14 0
91 2 36 -10
120 -6 -17 -7
166 2 -2 2
189 -2 -4 2
168 0 -35 7
38 5 17 2
51 -2 -1 0
73 1 1 1
111 1 0 0
120 1 -1 1
126 -3 2 -5
135 1 -1 3
140 1 0 0
149 0 0 0
151 -2 -3 0
160 -1 1 -2
168 -2 -2 0
174 0 -3 -1
176 0 2 -2
173 0 -4 -3
169 -2 -4 -2
165 0 -1 0
155 -2 1 0
144 1 2 -2
142 -1 1 -2
139 1 -2 -2
128 -1 -2 -1
125 -1 -2 0
141 -1 -1 0
167 -5 -1 -1
215 -1 2 0
202 0 -10 -1
161 -1 2 1
156 -3 -2 0
153 1 -2 2
142 1 -2 0
131 2 -2 -1
126 -1 3 0
95 0 -8 1
50 -2 -6 4
50 -1 -3 -3
58 0 4 2
68 -4 -2 1
32 1 -27 2
151 -2 1 -4
158 1 33 -1
70 3 -1 5
39 0 -3 2
55 -1 -8 -4
48 -1 -11 -3
85 -3 9 1
138 -1 0 1
144 -3 6 -2
176 -11 -10 3
154 0 0 -1
154 -1 -1 -1
152 -1 -2 -1
154 1 1 0
149 0 -1 -1
149 0 0 -1
147 -1 -1 -1
147 0 0 0
143 -2 -5 1
144 -2 -2 0
140 0 1 1
143 0 -3 0
139 -1 -2 -1
133 0 1 0
130 -2 -3 2
168 0 0 0
192 0 0 0
193 0 0 1
193 0 -1 -1
192 -1 -2 -1
194 0 -1 0
195 -1 -3 -1
200 -2 -1 0
202 -1 -1 -1
203 1 -1 -1
204 1 0 0
102 -2 -1 -4
71 2 -1 -1
74 0 -1 1
70 -3 -1 -3
66 2 1 0
59 -1 0 -3
54 0 -2 0
104 -1 0 -1
144 -2 -1 0
160 1 0 -3
172 -2 -1 0
172 0 -3 0
175 0 -1 -1
172 0 -1 0
158 0 -3 0
136 0 0 0
91 0 -5 1
71 -1 -11 -4
114 4 6 -9
99 -9 -6 -5
105 4 1 10
134 12 -5 -14
134 -19 -3 4
65 -8 0 -14
70 4 -3 -6
127 10 -24 -19
98 8 26 -26
76 -7 -14 0
57 1 25 0
85 0 -8 -6
56 1 14 10
122 0 -40 -6
104 -4 -24 -5
50 -10 3 -1
56 3 -11 -2
55 2 -5 3
41 0 0 0
43 -2 5 -3
49 2 3 -2
71 -2 -3 -2
58 4 -3 -8
57 6 -11 -15
108 -3 16 -9
105 0 -32 -2
106 -6 37 -6
126 -10 -32 1
30 -2 6 0
40 4 -20 15
124 5 -12 2
119 4 3 5
189 0 -19 -18
209 7 30 -43
63 -14 6 1
46 1 13 -1
57 -1 -6 -1
68 -1 1 0
102 0 -1 0
118 -1 -2 -1
129 0 -3 0
131 -1 -3 -1
140 1 -1 3
146 -2 -1 1
153 -1 1 -1
157 0 0 0
163 -1 -2 -1
173 -2 -3 1
170 0 -1 2
170 -1 -3 1
170 1 -1 -2
163 0 -1 -2
151 0 2 -1
139 -1 -1 0
133 0 -2 0
133 -1 -1 0
126 0 -1 0
122 -1 0 0
135 0 -2 -1
160 0 -4 0
207 -1 2 -1
206 -1 -12 -1
159 0 0 -1
159 0 -4 -1
148 0 1 -1
141 -1 1 0
127 -1 -2 -1
126 0 2 0
88 -2 -3 -1
45 -2 -1 -2
57 0 1 -1
61 0 1 0
76 -1 -6 0
28 0 -31 -1
139 -1 7 5
135 -6 10 4
105 0 -9 -2
38 -1 10 0
61 0 0 -3
44 -2 -12 1
111 -1 4 4
135 0 -6 0
149 -1 0 0
157 1 -1 -1
158 -1 -1 0
154 -1 0 0
154 -1 1 0
150 1 0 0
148 1 -2 -1
149 2 0 0
147 0 -1 0
147 0 0 -1
145 0 -1 -1
145 0 1 -1
140 0 -3 0
139 0 -3 -1
138 0 0 0
128 -1 -6 -2
150 -2 2 -1
185 -1 0 -1
193 0 -1 -1
193 0 0 -1
193 0 -2 0
193 0 -1 0
194 -1 -1 -1
201 -1 -2 0
207 -1 -2 0
206 -1 0 -1
201 0 -1 -1
201 0 0 0
103 0 1 -2
80 -1 -2 -2
78 -6 -1 0
72 -2 -2 0
64 0 0 1
59 1 -1 -1
49 -3 -2 -1
101 1 1 2
142 -1 -4 0
162 0 2 -2
173 0 -1 0
171 -1 -3 -1
175 -1 -2 0
172 -1 -2 -1
158 -1 -2 0
135 -1 0 -1
90 1 -5 -1
73 -1 -7 -1
106 -4 16 -18
125 13 -2 0
140 -16 -6 -1
119 -9 6 0
105 -1 -16 5
61 4 6 -1
129 -11 9 -12
99 4 14 -13
86 -4 -6 19
52 2 -5 4
89 7 -19 2
96 -5 -46 3
113 0 -3 4
120 0 12 5
100 8 30 3
69 0 -10 -4
54 1 -8 2
51 4 -1 -3
38 -2 2 0
38 2 3 6
63 -13 0 -15
115 -3 -5 1
57 -9 -9 8
96 12 8 6
131 -9 21 29
186 41 -12 2
56 -1 3 12
95 -13 -24 4
21 5 -6 2
78 4 46 -7
126 -8 -12 -14
144 9 13 -5
211 5 34 28
107 6 -30 6
31 5 2 -2
45 -1 14 -1
71 -1 -7 2
70 1 0 -2
100 0 -2 -1
118 0 0 1
126 -1 -2 0
132 0 1 1
135 0 0 1
144 0 -1 0
150 0 2 0
153 0 0 0
159 1 -5 -1
161 0 1 -2
167 -1 -2 1
166 0 0 1
163 -1 -3 0
162 1 -1 1
150 0 1 -1
137 -1 0 0
131 2 0 -1
129 0 -1 -1
125 0 -2 -1
122 1 1 1
129 -1 -2 -1
157 1 -3 -2
201 5 0 -1
223 -5 8 2
163 1 3 -1
158 0 1 1
148 0 1 0
139 0 -3 -2
130 -1 0 0
119 -1 1 -3
72 4 -5 -1
43 1 4 3
52 0 8 3
63 -4 -10 -2
77 2 -12 -6
26 -2 -20 1
128 1 12 -2
157 1 13 -3
117 -4 -23 2
31 -1 16 -1
52 1 1 0
56 1 6 -1
135 1 -1 0
136 -2 -9 1
154 0 -1 -1
160 0 -2 -1
156 0 0 -1
152 -1 -2 -1
153 0 1 1
151 -4 1 -2
149 0 -1 -1
147 2 -1 0
146 0 -1 0
146 -1 -1 -1
146 0 -2 0
146 0 0 -1
139 0 -3 0
139 0 -3 -1
136 0 0 0
134 -2 2 2
174 0 -1 0
193 0 -2 0
192 -1 -1 -1
194 -1 0 0
192 -1 -1 0
195 -2 -2 -2
202 -1 -1 0
205 0 -2 -1
209 0 -1 -1
205 -1 -1 -1
204 -1 0 0
205 0 0 0
104 -1 1 0
76 -1 -2 0
74 0 -1 -1
69 4 -2 2
64 -2 -3 -1
51 -1 3 0
44 0 -1 -1
101 -3 0 0
142 -1 -2 0
162 0 0 -1
171 -1 -1 0
174 -1 -2 -1
176 -1 -1 0
175 -1 -1 -1
160 0 -2 0
138 -1 2 -2
88 3 -4 0
76 -1 1 -1
79 -11 -6 -2
107 -1 1 9
114 1 0 -3
126 -2 -1 -1
116 3 -15 -14
72 3 22 -9
93 -9 -18 8
95 5 -3 7
79 -6 -10 18
89 3 3 1
88 -2 39 4
91 -10 -29 -2
91 -8 -30 2
126 -3 38 -3
98 -6 45 -15
54 -5 -3 3
45 0 -2 1
51 -5 1 6
53 10 0 -7
44 -3 -11 2
75 -22 -7 -2
75 -16 -6 -4
100 16 32 4
122 -28 9 -9
67 6 12 21
94 18 9 -8
47 -3 6 5
44 6 -1 -2
26 -4 -32 10
114 3 -7 3
116 11 -3 16
193 6 -22 -22
162 -27 -32 7
29 1 12 -5
42 -9 -2 -1
47 2 16 2
84 0 -14 -1
68 1 2 0
98 0 -1 -1
114 -1 -2 -1
125 0 -2 0
132 -1 0 0
135 0 0 -1
139 0 -2 0
147 -1 -1 0
148 0 -1 0
152 0 -1 0
154 -1 -3 -1
161 0 -1 -1
162 0 -1 -1
162 0 1 -1
156 0 -1 -1
147 1 1 -1
131 2 -1 0
120 1 -1 3
129 -2 0 3
124 -3 -1 0
119 -4 -2 -2
128 0 -1 0
149 0 -2 0
188 -2 3 -1
231 -2 10 0
155 -1 6 -1
153 -4 -2 0
148 0 -2 -1
135 0 -1 1
130 -3 -1 -1
110 1 3 0
52 1 -3 -1
47 -3 1 4
57 -5 1 0
65 2 -4 1
70 -3 -3 0
34 1 -6 -2
95 7 21 0
159 -4 2 -2
124 4 -22 13
41 3 6 -1
42 3 -4 0
71 -3 11 0
141 0 -2 -1
136 0 -2 -1
157 -1 -1 -1
156 -1 -1 -1
151 0 -1 -1
150 0 -2 0
152 -1 -1 0
150 -1 0 0
148 0 -1 -1
147 0 -1 0
147 0 -1 0
147 -1 -1 0
145 -1 -2 -1
144 -4 0 -2
136 -2 -4 -4
138 0 0 -2
132 -1 -5 0
158 0 3 -1
190 -2 0 0
192 -1 -2 0
194 -1 -1 -1
194 0 -1 0
197 -1 -1 0
203 0 -1 0
208 0 -1 -1
206 0 -1 -1
206 0 -2 0
206 -1 -1 0
206 -1 -1 0
206 0 0 0
106 -2 1 2
80 0 0 -3
74 -4 -2 -1
71 2 1 -1
62 3 -1 1
55 1 3 -1
42 -1 -2 0
95 3 1 -1
142 1 -1 -1
163 -1 -1 1
171 0 -1 0
175 1 -1 0
177 0 -1 0
175 0 -1 -1
160 -1 -3 -2
138 0 2 -1
88 -3 -5 -5
71 5 -2 4
117 19 0 -5
118 -11 -2 4
104 4 -3 3
117 1 7 3
82 2 -4 6
77 -8 9 -4
87 13 13 -3
109 -16 -10 14
74 1 6 4
62 1 -40 -23
111 2 -5 4
48 5 4 0
107 5 -51 1
129 -3 29 3
81 -4 -34 5
97 -4 -34 -19
38 3 1 4
63 -1 4 -5
50 2 2 -2
47 -2 11 -9
58 -1 -8 -6
94 -16 -12 7
72 -6 -13 7
121 -16 8 12
81 -5 14 -5
56 -9 -7 2
37 -3 6 -8
46 12 -8 23
135 6 2 -5
134 4 -4 6
114 6 0 -4
164 15 10 4
95 -3 -19 1
33 -1 1 3
48 3 -1 -1
48 0 10 -3
92 0 -8 2
64 -4 3 0
101 1 -2 -1
118 -1 0 2
124 -1 -2 -2
129 0 -1 -2
134 -1 -2 -1
138 -1 -3 -1
147 1 -1 0
148 0 -1 0
150 0 -1 -2
154 1 -2 -1
159 0 -2 -1
159 -1 -1 -1
159 -1 2 0
152 -1 -1 -1
143 0 7 1
118 2 -5 0
123 -1 2 2
136 1 -6 -2
140 6 -1 -1
132 2 -1 1
124 -5 -1 0
151 2 2 0
185 3 -1 0
227 1 13 1
154 0 4 2
146 2 2 -1
143 -2 0 2
133 -2 -3 -2
122 1 -2 -3
95 1 -11 -1
42 0 2 -2
48 0 -1 0
55 0 2 -1
70 1 -4 5
63 0 -2 -1
40 0 5 3
75 -1 21 0
158 -2 -12 -5
136 2 -2 -1
57 0 2 -5
30 -3 -18 -2
107 4 2 -3
143 -1 -1 1
142 -2 0 -1
157 -1 -2 0
155 0 -1 -1
151 0 -1 0
150 0 0 -1
148 -1 -1 -1
148 0 -1 0
148 -2 -1 0
149 -2 -1 -1
147 -1 -1 -2
147 0 -2 0
148 -3 -1 0
143 0 -2 0
140 0 -3 -3
136 0 -1 -2
133 0 0 0
174 -2 -1 -1
195 -1 -1 -1
192 -1 -2 0
195 0 0 0
194 -1 -3 -2
200 0 0 0
206 0 0 -1
205 -2 -1 -1
205 -1 0 0
203 -2 -1 0
205 -2 0 0
206 -1 -2 -1
205 -1 0 0
109 -3 -2 2
80 1 6 -4
78 -5 -1 -2
73 -3 0 -2
68 -1 -3 -1
60 -1 -1 0
52 0 0 0
104 -1 -2 0
141 0 -3 0
161 0 0 -1
171 -1 -1 0
171 0 -2 0
174 0 -1 0
176 0 -1 -1
162 0 0 -2
137 1 3 -1
98 0 2 -1
97 -4 -4 -1
96 -1 -2 0
94 1 0 -1
106 -2 -1 -1
113 -1 3 3
76 -6 -9 6
69 0 1 -3
110 -2 12 6
100 3 -4 -4
66 0 -18 5
78 -9 24 2
105 6 -7 -14
44 -8 -21 -3
106 -2 -15 -1
99 7 30 -3
127 6 -52 -4
95 -13 1 4
53 6 6 -4
52 2 -5 3
59 4 14 -2
43 2 0 8
51 -1 -2 -3
60 4 4 4
46 12 5 23
105 30 -3 -18
41 -10 -1 2
35 8 -1 -3
38 6 3 4
58 -5 51 -4
185 3 -8 -2
171 1 -4 -5
185 5 12 35
143 -16 -10 9
44 1 0 -2
38 -2 6 -1
44 0 -1 2
50 1 15 -5
100 -3 -8 0
74 -1 2 0
101 -4 1 0
120 -4 -2 -1
124 -3 1 1
126 1 0 -1
134 0 -1 -1
140 -1 -1 0
143 0 -2 -1
146 -1 -2 -1
150 1 2 0
150 1 0 1
153 0 -1 -1
156 0 0 0
157 -1 0 0
152 -1 -4 -1
148 0 4 -1
118 -1 -5 -2
127 5 4 3
127 -16 -6 -5
110 -38 1 1
122 -16 -3 -4
123 3 0 0
133 3 -6 0
177 0 -2 -2
203 0 5 -8
152 -4 0 0
151 -1 -2 1
141 -3 -1 1
133 -3 -2 1
117 -2 9 3
60 0 0 -1
43 0 -2 1
49 1 -3 -1
55 3 -2 0
64 4 1 0
59 0 -3 1
47 0 8 -2
59 0 20 2
166 2 -7 1
142 -5 15 -3
56 -1 11 4
36 -2 -9 10
124 1 0 3
144 1 -5 -1
148 -1 1 0
159 -1 -2 -1
154 0 -2 0
152 0 -2 -1
149 -1 1 0
149 0 -1 0
148 -1 -1 -1
149 0 0 0
146 0 -2 -1
146 0 -1 -5
147 2 0 -3
144 -1 -1 0
141 0 -1 0
141 -1 -3 -2
133 1 -7 -1
148 -1 1 0
187 -1 1 0
196 0 -1 0
193 -1 -1 -1
194 -1 -1 -1
198 0 0 0
203 0 -1 0
203 0 -2 -1
205 0 0 0
205 -1 -1 -1
207 -1 -1 0
209 -1 0 0
207 -1 -1 -1
207 -1 0 0
101 0 1 -2
78 2 -1 0
77 0 -3 2
73 -4 -1 0
66 -1 -3 -1
66 -1 -2 -1
62 -4 -1 0
116 -1 0 0
147 0 -1 -1
164 0 -1 0
171 1 -1 0
171 0 -2 0
174 -1 -1 0
175 -1 -1 0
164 -2 -1 3
138 -3 1 2
98 -3 -3 0
70 1 0 0
86 0 -2 0
98 0 -1 0
104 0 1 1
107 1 -14 -8
88 11 -12 -10
92 0 -6 1
103 -12 16 7
98 -4 12 7
36 -3 -18 30
123 16 -1 -1
78 -4 21 4
75 -3 -16 -14
104 4 -2 0
93 -2 -7 -10
151 9 -31 -11
77 0 73 7
64 -13 0 3
47 -5 10 -3
58 0 10 18
60 10 -14 -22
29 -3 -1 7
43 -10 -8 -26
98 3 38 -27
98 -18 -19 7
39 -6 0 -3
50 -12 10 16
31 2 -34 10
119 -8 -1 2
168 11 10 3
177 -20 7 7
152 -16 -18 5
25 1 10 -1
42 -7 -6 -6
38 -5 0 3
50 -2 0 1
52 1 14 -3
106 -1 -14 -3
78 -1 7 1
103 0 -1 0
117 0 0 -2
122 2 -3 -3
129 -3 -2 0
131 -1 -1 0
136 -1 1 -1
142 -2 -1 0
146 0 -1 0
148 -3 -3 -2
149 -4 -3 -2
152 -2 -2 0
157 0 0 0
159 0 -2 -1
156 0 1 1
146 -2 4 2
135 -1 -8 0
124 -6 3 -2
111 7 -7 1
96 11 3 -2
109 7 -4 3
98 4 1 -3
114 -22 -6 -4
159 -3 7 -1
180 4 -5 -2
151 -1 -2 0
147 0 -3 0
138 -2 2 -3
130 -3 1 -6
102 3 -14 -1
45 -1 3 3
47 2 -6 -2
52 1 -6 -2
57 0 4 -2
66 0 4 0
57 1 -7 -2
51 -4 3 3
47 0 12 -1
168 -1 0 0
135 -2 23 3
75 3 -17 1
69 1 7 -2
139 2 0 0
142 0 -5 0
151 -1 -2 -1
155 -1 -1 0
152 -1 -2 -1
150 -1 0 -1
149 0 -3 -1
147 -1 0 -1
148 0 -1 0
147 -1 -1 0
149 1 1 1
145 -1 -1 0
143 -1 -2 -1
144 0 -2 -1
142 -1 0 -1
137 0 0 4
133 -1 -8 0
161 -1 0 0
190 -2 -2 -2
194 -1 -1 0
194 -1 -2 -1
198 1 -1 0
204 -1 -1 -1
205 -1 -1 0
205 1 -1 0
205 -1 -1 -1
207 0 -1 0
209 0 -1 0
209 -1 -1 -1
208 0 -1 -1
208 0 0 0
104 -2 3 -1
76 -2 2 -1
75 -1 0 -1
76 -1 1 0
67 0 0 0
71 1 -2 0
80 0 -1 -1
125 -1 -1 -1
151 0 0 0
162 0 0 -1
167 0 -2 -1
170 -1 -2 0
175 0 -1 0
178 -1 0 0
162 -1 -3 1
140 1 3 -3
95 -1 -3 0
78 -1 1 0
87 -1 0 0
95 -1 -5 0
113 -2 -3 -2
116 -5 10 3
50 -1 -9 -4
82 -4 0 -2
72 2 12 2
45 -9 -19 -8
95 5 18 -19
75 -8 -5 4
72 4 -2 -7
69 2 -26 -5
100 6 -3 -1
93 0 21 1
116 -1 28 -3
124 -6 27 -7
76 9 -18 -7
36 -8 9 -3
59 4 22 -2
158 6 12 16
47 4 1 0
40 0 10 22
97 -5 0 -7
41 5 -9 12
79 -1 -3 2
101 -10 -6 -12
140 16 3 -30
109 -13 3 -2
113 -2 -29 1
195 27 7 -49
54 -19 4 2
48 3 -4 3
63 -7 12 -1
55 1 -4 2
45 -1 -1 1
59 -4 18 -2
116 3 -7 0
82 1 4 0
110 0 -3 -1
115 -1 2 -1
125 0 -1 -1
128 1 2 0
129 -1 1 0
135 -3 -5 0
141 -1 -2 0
144 1 0 -1
145 -1 -2 0
146 0 -3 -1
152 -1 -1 0
155 -1 -1 -1
156 -1 -1 -1
156 -1 0 -1
153 0 -1 0
146 -1 -1 0
134 2 2 -1
130 -1 1 -2
135 -2 0 -1
139 0 -6 0
130 1 -3 -1
169 1 -4 0
186 0 2 -2
170 -1 -2 -1
154 -1 -2 -1
146 -1 -1 -1
135 1 -3 -1
129 -3 13 -2
67 0 -2 0
46 0 4 -1
47 1 -6 -1
53 -2 -6 -1
66 0 12 -3
75 -1 6 -4
63 0 -13 -2
56 1 2 -3
35 2 -18 5
146 -2 6 3
137 -2 19 -1
99 -3 -29 -1
82 4 8 0
147 0 -5 -1
141 -1 -1 0
154 -1 -1 0
154 0 -4 0
153 -1 -1 0
150 -1 0 -1
151 -1 -1 -1
148 0 -1 -1
148 0 -1 0
147 -1 -2 0
146 0 -2 0
146 0 0 0
143 -1 -1 -3
142 3 -2 -2
141 -4 1 0
136 0 1 -5
135 0 -3 -3
175 2 1 0
192 -2 -2 -2
195 -2 -1 -1
195 -1 -2 -1
202 0 -1 0
205 0 -1 -1
205 0 0 -1
205 -1 -1 -1
207 0 -1 0
209 0 -1 -1
209 -1 -2 -1
210 0 0 0
207 -1 0 0
207 -1 0 0
108 -1 4 1
80 -3 3 -1
77 0 -1 -2
78 2 -1 0
69 -1 -2 0
67 -5 0 -2
87 -2 -2 -1
129 -1 1 1
153 0 -1 -2
162 0 -1 -1
166 -1 -1 0
170 0 -3 -1
175 -1 -2 -1
179 0 0 0
164 -1 1 -1
140 2 6 0
98 -1 -3 0
77 1 0 -1
86 -1 -1 -3
96 1 2 3
102 -4 -5 4
146 1 20 -13
62 -10 -7 8
71 0 8 8
69 -13 3 -6
85 25 24 -11
92 -11 -16 8
43 0 0 1
70 -7 -8 -3
76 -3 -9 -4
103 -7 -11 -3
106 -6 12 11
99 -2 41 -1
129 4 12 8
121 -10 -16 7
50 10 11 -2
66 -1 8 0
111 -9 -5 -2
58 9 -7 6
56 -8 1 -1
46 -2 2 -4
120 -9 -7 -1
121 -2 -5 -3
165 9 36 19
120 4 -5 -2
102 -7 -6 -8
173 1 45 -6
95 1 -20 5
44 -1 0 0
50 4 0 3
52 3 6 -1
60 1 0 -1
50 3 -6 -3
56 5 6 2
117 3 -2 -2
89 6 -1 1
110 0 -1 1
122 1 2 -1
122 2 2 0
126 3 0 0
130 2 0 -1
137 4 -3 0
139 0 0 -2
142 -1 -2 1
142 0 -1 -1
147 2 0 0
154 0 -1 0
155 0 -1 0
154 0 -2 0
156 0 -1 0
154 0 0 -1
149 1 -1 -1
145 -2 3 0
140 -3 -2 -1
145 0 -3 -1
181 1 3 0
160 -3 -1 2
195 -1 -4 -2
193 0 -1 2
171 0 -1 1
151 1 -1 0
142 0 0 -1
130 1 1 -3
109 4 -15 -1
45 -1 2 0
50 0 -1 -2
46 -1 -6 1
62 3 -6 -2
72 4 16 -4
74 -2 13 -4
64 -7 -6 3
63 -1 7 1
35 4 -30 2
135 -1 23 -5
139 6 24 1
96 4 -22 -4
101 0 7 1
150 1 -3 -1
144 0 1 -1
158 0 -4 -2
152 -1 -4 -1
153 -1 -2 -2
150 -1 -1 0
151 0 0 0
148 -1 0 0
147 -1 -2 -2
148 0 -3 -1
146 0 -4 -1
146 0 -1 -1
144 0 0 -1
139 0 -1 0
142 -2 3 1
132 -2 0 -3
137 -1 0 -3
175 -1 1 0
194 -2 -1 -2
195 -1 -2 0
198 0 -1 0
206 -1 -1 0
207 -1 -1 0
205 -1 -1 0
204 -1 -3 -1
209 0 -1 -1
209 0 -1 0
209 -1 -1 0
209 -1 -1 -1
209 -1 -1 -1
209 -1 0 0
100 1 2 -1
72 2 2 1
72 -2 2 1
71 1 0 -3
64 -1 -3 0
64 -1 1 0
92 0 -1 0
133 0 -2 0
153 -1 2 0
162 0 0 0
169 0 -2 0
168 -1 -1 0
176 -1 1 -1
178 0 1 0
163 -1 -2 0
139 0 -1 0
96 -1 -5 -6
72 1 1 -3
85 0 5 2
91 -2 -12 1
138 7 -2 -13
118 -4 3 1
65 -3 -1 4
68 -4 -14 5
117 2 21 -3
81 -12 -16 -6
68 13 -5 -12
45 -4 -7 2
69 6 10 5
71 -6 3 -6
74 11 -22 4
98 -7 11 8
82 6 -11 12
110 3 -29 0
129 11 12 3
67 -21 -7 -15
101 -5 -8 4
68 -9 8 7
54 -5 2 -10
43 -4 -7 -3
90 14 29 -17
156 -7 0 5
166 -9 -5 -3
171 14 -28 -2
90 -1 5 4
109 8 33 63
148 -10 -40 15
31 1 10 -6
51 4 -4 0
48 -2 -4 -4
54 -2 -2 -2
65 0 3 0
50 -5 -3 -1
50 -5 -1 0
101 0 1 -3
89 -3 -1 3
111 2 -3 -2
120 -2 -2 0
124 -1 -1 -4
128 0 -1 -2
131 -1 -1 0
135 -1 -2 -1
140 0 1 -1
137 0 -1 -1
142 -1 -1 0
142 0 -1 -1
152 0 -1 0
152 0 -1 0
151 -1 -1 3
153 -1 0 2
151 1 -2 0
150 0 2 -1
147 -1 0 -1
148 0 -3 0
164 -3 -2 0
202 -4 5 -3
176 0 -7 0
195 -2 0 -1
193 -2 1 -1
168 -1 -1 -1
147 0 -1 -1
137 0 -5 0
138 1 18 7
65 9 -3 -2
47 -1 1 -2
49 0 0 0
47 -2 -5 1
62 1 -16 -3
79 -2 2 1
70 0 11 -1
65 2 7 -1
54 -2 6 -2
38 0 -24 -1
116 -1 17 2
144 -6 26 -4
99 1 -4 3
129 1 1 0
144 0 -6 -2
146 2 2 0
155 -2 -3 -2
152 -2 -1 -1
152 0 -2 -1
149 0 0 0
149 -1 -2 -1
149 0 -2 -1
148 0 2 0
146 -2 -2 -1
145 -2 -1 -1
143 -2 0 0
142 -2 -2 -1
142 -2 -4 -1
141 -1 0 -1
133 0 -1 1
143 -1 2 0
182 -1 -1 0
194 0 0 0
196 -1 -2 -1
203 -1 -1 -1
206 -1 -1 0
207 0 0 0
206 0 0 0
205 0 -2 -1
207 0 -1 -1
207 0 -2 0
210 0 -1 0
210 0 -1 -1
211 -1 -1 -1
211 -1 0 0
99 -3 2 1
72 -2 2 0
71 -1 -3 -2
70 1 -1 -1
62 -2 -1 0
69 1 -3 -2
90 0 -2 -1
127 -2 0 0
152 -1 -3 -2
161 -2 -2 -2
169 -1 -1 0
170 -1 1 0
177 0 2 0
177 -1 0 -1
165 -1 -2 -1
143 1 0 -1
97 1 -3 -1
70 0 5 1
82 -2 -9 -13
122 4 7 -14
117 -6 -15 3
119 1 1 -1
66 10 -1 6
95 4 -2 2
103 -2 -20 2
38 -4 -2 -2
71 -2 2 -2
64 -1 -1 3
61 -1 -12 -3
75 0 -2 1
68 -9 -1 2
86 -4 29 -7
74 5 -16 -5
110 -20 -1 5
122 19 -6 -11
112 1 -8 13
109 -21 -33 9
42 -4 -11 -8
64 -2 1 -1
98 -15 -3 -11
111 -12 -3 -3
151 -11 -8 -4
188 -2 12 -48
117 -5 6 -3
94 -4 -11 8
140 0 -18 0
30 2 3 -3
52 1 -7 0
53 -1 2 0
48 -3 -1 -1
46 -4 -8 2
67 -2 2 0
52 1 1 1
46 -1 -9 -8
89 -1 -1 2
94 -2 -5 1
104 0 1 1
119 2 1 -2
124 -1 -1 -2
126 -1 -2 -2
133 2 -1 1
137 0 0 2
138 0 2 0
139 0 0 0
140 0 -2 -1
136 -1 0 0
142 -3 -2 -1
142 -3 0 -1
143 1 -2 2
151 -1 0 -1
148 -1 -3 -2
143 -3 0 0
150 -1 -1 -1
153 -2 -3 -2
168 6 1 1
213 12 5 2
176 9 -5 -1
200 9 -5 -2
196 7 2 -2
168 3 -6 1
142 1 2 3
139 -2 -5 -11
122 15 -19 -10
42 -3 4 2
47 0 4 4
49 1 -4 0
48 0 -4 1
62 1 -4 1
80 0 5 -1
72 -2 9 -4
61 2 1 1
58 -3 3 0
38 -6 -24 -2
112 4 12 0
148 -3 19 6
96 0 14 -2
138 -2 -3 -1
140 -1 -5 -1
149 0 -2 0
152 -2 0 -1
153 -2 -1 -1
150 0 -1 -1
149 -1 -1 -1
147 0 0 0
146 -2 0 0
146 -1 -2 -2
145 1 -1 -1
146 3 0 1
143 -1 -1 0
144 -2 1 -1
139 1 1 0
135 1 1 0
130 -1 -5 -2
146 -2 1 -1
187 -1 -2 0
195 -1 1 1
200 0 -1 -1
206 -1 0 0
207 -1 -1 0
207 -1 0 0
206 -1 0 0
205 -1 -1 0
206 -2 0 0
206 -2 -3 -1
210 -1 -2 -1
210 -1 -1 0
211 0 -1 0
211 0 0 0
94 2 -1 -1
64 3 -2 0
65 -2 0 0
68 0 -4 0
63 1 -2 -2
66 -3 -2 1
87 1 -2 -1
128 1 0 0
154 -1 -2 0
165 -1 -1 0
170 -1 -2 -1
173 0 0 0
176 -1 0 1
179 1 -1 -3
168 -1 -2 0
142 0 2 0
94 1 -8 4
71 2 -5 -4
95 1 21 3
113 2 -8 2
93 -8 -1 -7
110 3 -18 0
63 -9 0 -9
68 9 26 -5
88 6 -23 -6
54 -1 -2 -1
61 -4 -4 3
62 0 0 1
81 -1 8 -3
85 -5 4 -5
84 3 -6 -4
76 1 -9 3
92 5 9 19
58 3 -6 0
106 -19 -18 3
137 4 25 -23
62 23 -1 -22
44 -26 14 17
127 -8 -4 -2
169 -7 9 1
154 10 9 -3
190 1 18 -2
124 2 -14 13
87 -3 -19 -21
145 -1 42 -51
75 -24 3 3
36 2 -18 0
77 -2 2 -1
49 0 6 2
45 -1 2 1
54 1 -2 0
71 2 9 0
53 -5 1 0
44 2 -13 2
92 0 -13 5
88 -6 -12 1
92 -3 5 2
115 -1 -4 1
123 2 0 -4
128 -1 -1 2
127 0 -5 0
138 0 -4 0
135 0 0 0
140 -1 0 -1
139 -1 -2 0
136 0 -2 -1
143 3 0 2
138 14 -2 1
141 -1 0 0
142 2 1 -1
144 3 2 0
145 1 -2 0
150 -2 1 0
153 -2 2 -1
151 -1 -7 -1
164 1 -5 1
180 -2 -1 -1
172 10 -7 -2
165 7 8 0
150 -6 -10 -2
127 0 -2 -1
143 0 19 10
78 5 -4 -1
46 -1 -5 0
51 -1 5 0
51 -1 0 -2
50 -1 -3 -2
64 0 -5 0
79 -1 6 0
78 -1 8 1
68 -2 -7 0
58 1 -4 -1
36 4 -14 0
90 -5 14 0
162 -3 -5 -1
101 -2 13 1
144 1 -3 -1
139 -1 -4 0
152 -1 -1 -1
154 0 0 0
152 -1 -1 0
150 0 -1 -1
149 0 -1 0
146 -1 -1 -1
148 -1 -1 0
146 -1 -3 -1
146 0 -1 -2
145 -3 -1 2
144 1 0 2
141 0 -1 1
139 -1 -1 -1
138 0 3 -1
128 -1 -5 0
154 0 3 0
188 0 -3 0
200 -1 1 -1
205 -1 -1 -1
209 -1 -1 -1
208 -1 -1 0
209 -1 -1 -1
207 0 0 0
206 0 -2 0
210 0 -1 0
210 0 -1 -1
211 0 -1 -1
211 0 0 0
211 -1 0 0
211 -1 0 0
88 0 3 1
61 0 3 1
61 4 0 0
66 0 -2 -2
61 0 -2 -2
69 -2 0 1
88 2 -2 -1
130 3 1 0
155 0 -2 -1
166 0 -1 -1
171 -1 -1 -1
177 1 0 0
177 -1 -1 1
180 1 1 -1
166 0 -2 -1
137 -2 1 -1
96 0 -2 7
67 -7 9 26
128 4 -7 -2
84 -5 -5 -12
116 10 2 3
120 2 -13 -2
38 6 -4 13
78 0 -28 4
66 -8 -7 -2
58 5 -10 -4
66 -4 -4 -3
52 3 -1 4
65 1 6 1
113 7 -14 3
96 -3 -1 -7
89 9 2 -8
69 -8 -6 0
92 -10 -12 11
86 8 -6 -6
92 -14 10 -3
96 -18 -15 -6
129 -25 24 -9
120 6 -2 19
180 5 -4 -2
203 2 8 17
155 -19 -19 21
98 -1 -1 -11
119 7 45 51
117 -5 -40 17
31 4 2 -2
42 0 -9 0
58 0 9 0
49 -4 3 -4
46 2 2 -5
54 -4 -1 -2
73 0 -1 2
65 0 -7 -2
37 0 -15 3
94 -5 -16 -1
89 2 -13 2
85 -1 2 1
110 -2 2 2
122 0 1 2
131 -3 -6 0
127 1 -1 -3
129 -2 1 -1
133 -1 -2 -1
141 0 1 1
142 0 -2 -1
142 -1 5 0
115 -1 -12 -1
87 -3 4 -5
109 -17 0 0
117 -22 1 -1
117 -13 -1 -3
116 -10 -4 -1
111 -11 3 0
104 -14 0 -2
105 -10 -1 1
117 -6 -5 0
124 -12 -1 -7
91 -3 -2 -2
108 -1 8 3
104 6 -6 3
133 -2 -2 -10
129 11 -16 -7
46 -2 1 0
48 1 -1 1
50 -1 -4 -2
47 0 2 2
55 0 0 2
63 -1 -12 -4
77 2 -1 -2
81 0 8 1
61 -6 -15 -2
65 -1 -2 4
36 2 4 0
67 2 23 -2
156 1 -22 4
119 0 5 1
144 0 -1 0
143 -2 -4 -1
152 0 -2 0
154 -1 0 -1
150 -2 -1 -1
149 -1 -2 -1
148 -2 -1 -1
147 0 -2 0
149 0 -1 0
147 0 -1 -1
145 0 0 -2
143 -2 -3 1
144 1 -1 1
142 -2 -3 -1
142 1 -1 0
135 -2 0 -1
129 1 -4 0
154 -3 2 -1
191 -2 -2 -1
203 -1 0 0
209 0 -1 -1
210 -1 -1 -1
209 -1 -2 -1
209 0 0 0
207 -1 0 0
206 -2 -3 -1
210 -1 -1 0
210 -1 -1 0
211 -1 0 0
211 -1 0 0
212 0 0 0
212 0 0 0
86 1 3 0
61 -2 -2 -2
60 -2 1 -1
62 -1 -3 0
60 -1 -1 -1
76 -1 0 0
94 -1 -2 -1
133 -1 1 -1
154 -1 -1 0
166 -1 1 -1
174 -1 2 0
173 -1 -1 -1
178 -1 -4 0
179 -1 -2 0
161 0 0 0
141 0 4 -1
90 1 -12 16
135 8 -2 -7
86 -4 -1 -1
98 -3 4 -4
140 -2 -1 -2
101 -4 -15 2
56 6 4 3
62 -9 -7 -8
42 3 -2 -5
54 -7 -10 -1
66 2 -19 -1
70 -2 -10 -10
71 -4 22 1
133 5 -11 3
92 -7 1 2
99 1 -1 -1
97 -8 -2 2
82 2 3 2
118 -9 -9 20
68 5 6 -1
86 14 -5 1
131 3 0 -3
124 4 -22 3
193 -8 0 1
198 -3 0 -23
95 -3 13 -7
105 -5 -1 4
159 1 -24 -1
27 6 13 -2
55 0 3 -1
42 -1 -5 -5
50 1 4 -3
55 -2 -7 -4
44 1 4 -2
61 -1 0 0
56 0 -1 0
69 -1 -12 -1
39 -1 -16 -1
90 0 -12 -1
79 0 -6 0
81 3 3 -1
108 2 1 0
115 1 -1 0
125 0 -5 0
122 -1 0 -1
127 0 -3 -1
131 0 -2 0
138 -1 -2 0
143 -1 -2 0
146 -1 4 -3
131 4 -2 -1
120 1 -2 -2
109 8 0 0
105 3 -2 -2
112 3 -2 -1
121 5 -2 1
123 1 2 1
128 17 1 0
131 13 -3 -4
142 21 -1 5
153 12 5 -4
139 2 -8 -3
133 -2 2 -1
138 0 -4 2
146 -3 22 6
67 4 -5 2
43 1 -2 0
48 0 3 -1
45 -1 1 0
50 0 5 1
59 -4 7 -1
61 2 1 1
72 0 0 0
80 0 11 -2
56 3 -16 -5
81 -2 -3 -1
44 -6 5 1
62 0 9 -2
150 -2 -25 0
142 -1 -5 0
147 0 -2 0
148 -1 -3 -1
153 1 -1 0
155 -1 1 -1
154 -1 1 -1
151 0 0 -1
152 -1 -2 -1
147 0 -1 1
147 -3 0 0
145 1 -2 1
147 0 -1 0
143 -1 -2 -1
145 0 0 -2
143 -1 -1 1
140 -3 -1 1
136 -2 1 0
123 -1 -3 0
162 -1 3 0
197 -1 -1 0
207 0 0 -1
210 -1 -2 -1
209 -1 -1 -1
210 0 -1 -1
210 0 -1 0
210 0 0 0
210 -1 -2 -1
212 -1 -1 0
212 0 -1 -1
212 -1 -1 0
213 -1 0 0
211 0 0 0
211 0 0 0
85 1 1 -1
58 -2 -1 -2
59 0 0 -1
64 2 0 0
55 -2 -1 0
79 1 1 0
94 1 -1 0
132 1 1 0
154 1 0 -1
167 0 2 0
173 -1 0 0
176 0 1 0
180 1 1 1
177 -1 -1 0
168 2 3 1
139 8 -12 0
136 -5 14 -14
87 -8 -2 -2
76 -4 -14 1
130 -7 17 -2
113 -2 4 -5
98 -1 -8 -3
59 10 -23 -7
99 4 -20 2
46 -2 2 1
41 2 -14 5
84 6 -12 7
65 -2 32 1
81 1 24 -10
156 7 3 5
64 -8 2 7
91 -5 -3 -9
102 2 -5 12
91 -1 1 -9
66 6 1 -9
97 -13 -4 7
122 -7 -9 -3
149 -1 -6 -3
126 -4 -15 4
177 10 34 -7
125 -7 -9 -6
107 4 -9 2
181 1 21 -36
67 -8 5 1
57 -3 -3 -1
52 0 4 0
46 -2 -2 -3
50 1 0 -2
50 -2 1 0
48 0 -1 -2
61 1 1 -2
54 -2 -3 -1
70 -1 -1 2
46 -1 -6 0
68 -4 -15 1
73 -3 4 -3
75 1 -1 -1
98 0 1 1
107 -1 -3 -2
120 0 -3 -2
118 -1 -1 0
123 -1 0 -1
129 -1 -1 -1
132 -1 -4 -2
143 1 -2 -1
145 1 -1 1
143 -3 -1 0
133 1 -1 1
126 -1 -1 0
129 -3 0 -3
126 2 -1 0
129 1 -4 -2
144 2 1 1
164 -7 2 -2
176 -7 -9 3
173 -9 -4 -3
183 -8 6 -1
144 -6 1 2
143 -1 1 -1
143 0 -2 3
117 -7 -17 6
44 0 3 2
46 0 -2 -3
47 -1 2 1
46 0 -6 -3
51 0 -2 -2
57 -3 -5 1
58 1 7 -3
75 3 -2 -1
78 -2 0 1
60 -1 1 3
70 -1 14 -5
52 -3 5 2
51 -1 -7 -5
148 -4 -14 0
147 0 -5 0
146 -2 -3 -2
148 -1 -3 0
155 -2 -1 0
154 1 0 1
154 0 2 1
151 -1 1 1
152 0 -1 0
149 0 -1 1
149 -1 -2 0
147 1 -2 0
147 0 0 0
143 0 -4 -1
145 -1 -2 0
143 1 1 -2
142 -2 1 -2
135 0 0 -1
126 -2 -4 -1
168 -2 3 -2
203 -2 -2 0
209 -1 -2 0
209 -1 -1 0
211 0 0 0
210 -1 -1 0
209 -1 -1 0
210 -1 0 0
210 0 -1 0
212 -1 -2 -1
214 0 0 0
211 0 -1 -1
211 0 0 0
210 -1 -1 -1
210 -1 0 0
84 -4 0 0
54 -4 0 -2
55 -2 -1 -1
56 -1 -1 0
55 -1 -4 0
77 -2 0 -1
93 0 -4 0
127 0 0 -1
150 0 1 0
166 0 0 -1
176 0 -1 -2
177 -2 0 2
178 0 -1 -1
180 -1 -2 -1
165 0 1 -1
154 -5 0 -3
93 0 -9 0
65 0 0 0
96 2 11 10
136 -3 -16 2
106 6 17 -4
77 8 -10 -5
80 -4 41 0
95 3 -17 0
38 0 3 1
55 3 15 5
87 1 -15 -4
81 5 13 -3
101 -10 54 4
132 -11 -16 -5
98 9 -24 -6
80 1 21 -2
74 6 -3 -10
118 1 11 16
93 -4 8 4
102 9 -28 -14
143 3 1 4
149 0 10 0
123 -3 7 -5
187 4 -46 7
111 0 -5 -36
186 1 16 -23
86 -9 -16 6
52 1 0 -1
52 1 0 1
56 -2 -1 -2
53 4 -2 0
49 -3 -3 -3
47 0 -5 0
53 1 -4 -1
56 3 4 -1
59 0 -1 -3
71 4 1 2
51 1 -2 -6
65 -6 -12 0
76 3 -3 0
70 1 -3 5
92 0 0 1
105 2 0 -3
109 -3 0 2
117 1 -1 -1
119 -1 -2 -1
125 0 -2 -1
130 0 -2 0
137 0 -1 -1
141 0 -2 -1
142 0 -1 0
135 -1 -2 -1
131 -1 -1 1
125 -1 -2 -1
124 1 -1 0
125 -3 -1 -1
127 0 1 0
137 1 -4 -3
140 4 -1 -1
135 -2 -1 0
132 0 -4 4
142 3 2 1
141 -1 -4 -12
142 7 8 -21
65 -7 0 -4
44 1 -2 -4
48 -1 3 0
49 -1 -1 1
47 2 -1 -1
53 2 6 0
56 4 -4 1
60 -4 12 -5
72 2 -4 0
83 -4 -10 -4
66 2 1 -2
68 2 25 4
62 -1 3 0
53 -4 -7 -3
156 1 -4 0
146 -2 -6 -1
150 -2 0 0
149 -2 -2 -1
152 0 -2 -1
154 0 0 0
153 -1 -2 0
153 0 -1 0
149 -1 -3 -1
150 -1 -2 -1
148 -1 -1 0
147 -1 0 0
146 -1 -2 0
144 0 0 0
145 -2 0 -1
141 -3 -2 -1
138 -2 -5 0
129 -4 1 -1
124 0 0 -1
168 1 3 0
210 -1 -2 -1
212 -1 -1 0
212 -1 -1 0
211 -1 -1 0
212 -1 -1 -1
212 0 -1 0
213 -1 0 0
211 0 -2 0
212 -1 -1 -1
210 -1 0 -1
207 0 -2 -1
207 0 0 -1
203 -1 0 0
203 -1 -1 -1
82 -1 0 1
53 0 1 0
50 -1 -1 0
50 -1 0 -1
50 -1 -4 -2
83 0 -1 0
89 -2 -5 -1
123 -1 -2 -1
147 0 1 0
162 -1 -1 -1
176 0 -1 -1
177 -1 0 1
178 -1 2 0
179 0 -1 1
166 -2 1 0
134 2 -1 0
93 0 -2 -1
63 0 -13 1
125 -5 11 -9
103 -2 -3 1
108 -3 -1 -7
57 -4 -3 -3
93 10 50 -2
85 5 -12 2
39 -2 -9 -5
66 6 20 -4
66 5 -8 -3
56 -8 -2 -9
123 -3 28 -8
130 -2 -44 -2
95 4 6 6
123 -3 24 3
81 -1 1 -1
64 1 2 18
131 9 0 -3
114 1 18 -10
104 10 38 -4
123 -11 19 2
136 1 15 11
178 -19 -20 2
171 11 23 3
121 -10 -24 9
45 1 1 2
55 3 1 1
53 -3 -3 -2
55 0 2 -3
49 -1 -1 2
52 0 0 0
50 -3 -3 -1
53 -2 -1 2
57 -8 -5 0
60 0 -4 2
63 -3 3 -1
57 -4 -4 3
60 -1 -2 -2
81 1 4 1
66 6 2 -2
73 4 -3 1
95 1 -1 -1
101 0 -3 -2
109 -2 -1 -1
114 -2 -2 0
120 -3 -1 -1
128 -1 -1 -1
131 -1 -1 0
135 -1 -1 0
138 -2 -1 0
137 0 -1 -1
134 0 -1 -1
131 -1 -2 1
128 -2 -1 -1
126 -1 -1 -1
123 3 -1 -1
120 -6 0 0
125 1 -4 0
122 1 -1 -2
143 0 2 2
146 -6 -8 0
147 5 19 16
91 10 12 2
53 -1 -2 -3
42 0 1 0
47 0 3 2
51 4 -2 -8
59 3 -2 -3
53 3 -2 -4
50 2 -8 -2
68 0 23 0
82 0 -5 0
88 2 -11 -1
66 1 -6 -4
69 -1 25 4
63 2 2 0
56 -2 -3 2
156 3 -5 -2
148 0 -2 -4
147 -2 -5 -2
151 -1 -2 -1
153 -1 -1 0
153 -1 -1 -1
153 0 0 1
152 -1 0 1
153 0 0 1
152 0 -1 -1
153 0 -3 -1
148 0 1 0
147 -1 -3 -1
143 -1 1 1
146 -1 -1 0
141 -2 -1 -1
138 -2 -3 -1
132 0 0 -2
119 0 -4 0
172 1 1 0
213 0 -2 0
214 0 -1 0
212 -1 -2 -1
211 -1 -2 -1
212 0 0 0
212 -1 -2 -1
214 1 -1 -1
212 1 -1 -1
207 0 -1 -1
203 -1 -2 0
205 -2 -1 -1
205 -2 -2 -1
208 -1 -1 -1
209 1 0 0
86 0 -3 1
53 0 1 -2
49 -2 -1 -2
47 -5 -1 2
57 -3 3 -1
98 0 0 1
96 1 -2 -1
122 -1 1 1
143 0 0 0
161 -1 -1 -1
175 -1 -2 0
176 0 -1 -1
178 -1 1 -1
178 -1 -2 0
165 0 0 -1
142 0 4 -1
96 -1 -2 -1
61 0 -15 1
121 -2 -4 1
95 1 -2 -3
92 3 -4 -2
57 -1 -1 5
84 -3 20 -8
68 -1 1 -4
38 -1 -14 0
79 -1 2 1
66 -2 13 1
46 2 -30 1
132 0 -22 11
133 -3 7 -19
98 0 14 -26
142 -1 0 -4
104 2 -2 7
111 -11 -8 -3
89 8 5 -5
125 4 -19 -2
72 -7 37 6
120 -6 12 -6
144 11 28 -6
196 21 13 50
155 -7 -37 15
39 6 9 -5
53 -2 0 -1
50 2 -2 1
53 -1 2 -2
56 1 2 -3
54 -2 -7 0
48 -1 3 -1
49 0 0 -1
51 -1 -5 0
55 -2 0 4
52 1 -2 -1
57 3 2 0
57 1 -7 -1
51 -1 5 0
59 1 4 -1
61 -2 -4 2
69 0 -4 -3
81 3 -2 4
92 4 2 0
102 1 -2 -1
109 0 -2 0
122 0 0 0
127 0 1 -1
130 0 -1 -1
133 0 -2 -1
138 0 -2 0
139 0 0 0
136 -1 -1 0
136 -1 0 0
134 -2 -1 -1
142 0 0 -1
149 1 -1 0
154 1 -1 -1
151 -2 0 -1
153 -2 -2 -1
151 -1 1 1
140 -2 -2 -10
127 17 -13 -7
51 2 17 7
59 2 -6 -1
42 0 1 1
47 -4 2 -4
52 -4 -3 -1
57 -1 -1 3
54 2 3 0
47 -1 -6 -2
68 -3 29 1
81 0 -6 -1
85 0 -9 -1
69 0 -6 -5
74 2 14 -3
59 -1 0 -1
53 -1 -15 -2
151 -1 -1 1
153 3 6 -3
146 -1 -1 1
151 0 -1 0
153 -1 -1 0
154 -1 0 -1
152 0 1 -1
153 -1 -2 0
152 -1 -1 0
152 -2 0 -2
151 1 0 -1
148 0 -2 1
147 0 -1 0
144 -1 -1 0
144 0 -1 3
142 0 0 1
135 0 -1 -1
128 0 2 -1
113 -2 -9 0
175 -3 1 -1
214 -1 -3 -1
214 -1 -2 -1
213 -1 -1 -1
213 -1 -1 0
213 0 -1 0
213 -1 0 0
210 -1 0 0
208 0 -1 0
209 0 0 0
208 -1 -1 0
209 0 -1 0
209 0 -2 -1
210 0 -1 -1
208 0 -1 -1
82 0 5 1
52 -1 -2 1
48 1 0 -2
49 -2 -2 3
61 -4 4 0
103 2 1 1
98 0 -1 2
123 1 0 -3
142 -2 0 0
161 0 0 0
175 0 -1 0
176 0 -2 -1
179 0 1 0
178 0 -1 0
163 -1 0 -1
137 -2 2 -1
98 1 -5 -1
66 -1 -2 0
95 1 9 1
110 -2 7 0
82 0 -2 -6
79 -1 10 -3
80 -5 -7 10
54 5 -1 -3
34 -4 -15 2
82 0 -1 -2
51 -2 8 -7
57 -2 -27 0
115 -5 -18 -1
100 1 -8 -5
107 15 -24 23
122 0 -1 0
113 -4 4 2
98 5 0 -1
78 -4 -18 -3
112 -4 -21 -9
123 5 29 2
86 -10 31 10
129 8 6 18
184 9 -32 -4
40 -1 13 0
52 -3 1 -1
50 -4 -2 0
50 -3 -2 0
53 -2 -1 6
58 2 2 -3
49 -2 -8 -2
49 -2 5 1
54 -2 1 1
51 0 -2 -1
47 3 -1 0
55 -2 -3 3
57 -3 0 -2
55 0 -4 0
50 0 3 -3
60 -1 -5 2
58 -1 -11 -3
64 4 8 -2
66 -4 -3 0
77 0 1 6
97 1 -1 -1
105 -1 -1 -1
114 -1 -1 0
127 0 0 0
131 0 -2 -1
133 -1 0 0
135 -1 -1 -1
140 -1 1 0
142 0 -2 -1
150 2 0 -1
153 2 -5 -1
153 -3 1 2
168 -1 -1 0
171 -1 -1 -1
161 -1 -1 -1
156 -1 0 1
147 2 -8 -2
150 0 20 6
78 2 -14 -2
53 3 2 -5
43 -1 2 1
46 -2 -1 -4
56 1 -2 4
57 -5 -8 0
62 -1 -6 -3
49 -1 -2 -3
47 -1 -4 3
74 1 29 -2
83 -4 -6 2
96 -1 -4 0
70 -3 -3 -1
75 -3 -2 1
73 -1 -1 2
50 2 -25 7
147 -2 0 1
155 -3 9 -3
147 -2 4 -3
153 -1 3 0
155 0 -2 -1
155 2 1 1
151 -1 1 0
154 1 -3 -1
149 0 0 -1
149 0 -2 0
152 1 -1 0
148 3 0 -1
148 0 -1 -1
145 1 -2 -2
142 0 -1 2
138 -2 -1 0
135 1 0 0
128 0 2 -1
116 1 -9 -2
182 1 -1 0
214 -1 -2 -1
215 -1 -1 0
213 0 -1 0
213 -1 -1 -1
212 -1 -2 -1
214 0 0 0
211 -1 -1 0
212 0 0 -1
210 0 -1 -1
210 1 0 0
207 -1 0 0
205 -2 -1 0
206 -2 0 0
203 -3 -2 -1
78 1 2 -1
49 2 0 2
45 -4 0 1
48 3 -6 0
68 -2 0 -1
100 -2 3 -1
95 -2 0 -1
125 -1 -3 -1
142 0 0 0
160 -1 -1 0
173 0 -1 0
174 0 -1 0
176 -1 0 0
176 0 -1 0
162 0 0 0
140 -1 3 -1
93 0 -5 0
66 -1 0 0
90 0 1 -12
105 9 11 -13
71 -7 6 -6
63 4 -18 0
91 -5 -25 -7
54 3 6 -1
43 0 -20 6
82 -2 -6 1
52 2 11 -1
60 -2 -6 -3
104 8 -31 -4
85 0 -23 -2
61 4 -7 -1
106 -10 -6 3
138 3 -5 0
126 -11 7 0
96 8 -27 9
128 -6 -26 1
130 7 35 -8
95 4 -2 9
104 7 -48 17
126 -18 -42 17
64 -4 -7 0
47 -3 1 0
52 0 -2 -1
52 0 1 -1
50 0 3 -1
62 -1 -1 0
46 -2 -5 -1
56 -3 6 -1
49 -1 -4 1
52 -1 0 0
46 0 -1 -1
45 -1 -1 -2
54 0 1 -2
54 -3 0 2
55 1 -1 -3
57 2 -4 -8
60 0 2 -1
58 0 4 1
66 -1 -8 -6
47 -4 1 -1
72 0 -1 0
87 -1 -4 -3
105 0 -1 0
120 -3 3 3
129 1 -1 0
134 0 -1 -1
133 -2 -1 0
144 -2 0 -1
148 -1 -1 0
151 -2 -4 -1
166 1 -1 -1
160 1 -3 0
167 0 0 -1
167 -1 -3 -2
168 0 0 0
166 -1 1 -1
143 0 -1 2
146 1 9 -7
52 0 -2 -1
65 0 -8 0
46 -2 1 0
49 -1 -3 2
51 -5 0 3
58 -5 0 -5
52 2 -8 -2
58 -5 -11 -2
46 0 -3 -1
86 -2 25 1
83 -5 -12 5
97 2 -2 -2
67 0 7 0
72 -1 -9 -3
76 5 3 -3
48 6 -35 3
148 3 -2 -1
155 1 8 0
147 -1 -1 0
154 -1 -1 0
154 0 -1 2
148 0 -4 2
151 -2 -1 -1
151 2 0 -1
148 0 -1 -1
148 0 -2 1
150 -3 0 -1
148 0 -3 1
147 1 0 -1
143 -1 2 -1
141 1 0 2
138 -1 1 0
134 3 -2 -1
124 -2 -1 -1
122 -1 -2 -1
197 -1 -2 -1
218 -1 -2 -1
216 -1 -1 -1
212 0 0 0
212 -1 -1 -1
212 0 -1 0
212 -1 -2 0
214 -1 -2 -1
212 -1 0 -1
207 -1 -1 0
205 -2 -2 -2
205 -1 0 0
203 -4 -2 0
203 0 -3 -6
201 8 -2 1
73 -1 1 0
50 -4 0 -1
47 0 -1 -3
49 0 -2 2
59 3 0 1
88 1 -3 -1
102 3 0 1
126 0 -3 -1
143 -1 -1 -1
160 -1 -1 0
172 -1 -1 0
172 -1 -2 -1
176 0 0 0
176 0 -2 -1
162 -1 0 -1
142 0 4 1
91 0 -4 -1
69 8 -1 0
88 -10 13 13
80 -7 -16 -10
44 -6 0 -2
60 5 11 4
86 -1 -3 0
52 0 8 1
57 1 -14 -1
70 2 6 2
52 -3 9 2
46 0 -20 -4
118 -4 -18 0
110 0 -21 10
53 8 4 4
83 -2 -8 2
109 5 -10 -9
114 -18 1 -7
137 11 -8 9
114 6 -10 -8
141 -7 17 -7
108 18 -12 -28
93 -21 12 2
56 -1 7 -2
62 2 2 -3
49 -1 -1 1
50 1 -1 -1
50 0 -1 1
52 -3 0 0
67 -2 3 1
46 4 -3 1
52 2 5 2
49 0 4 -2
51 1 4 -2
48 -1 -1 0
51 3 -1 0
53 2 2 -2
57 0 1 0
53 3 -6 1
55 -4 -1 -3
64 -6 0 -2
55 -2 -1 -4
70 -4 4 0
52 -4 1 0
47 0 -1 -2
59 -2 -3 -5
84 3 -1 -5
106 3 0 1
115 1 -3 2
126 10 1 -2
134 0 -2 -1
142 -1 1 -1
144 -3 -1 -1
149 2 -3 -2
155 -2 -2 0
167 1 0 0
168 0 -1 -1
164 1 -3 1
165 -2 -1 -1
160 3 -1 2
147 -2 0 -3
131 8 -1 4
50 3 2 -2
53 5 -5 2
53 3 -2 -1
54 0 -1 0
55 -2 -6 -2
58 2 5 -4
53 1 4 6
52 3 0 2
51 -5 -2 1
87 1 21 1
81 -2 -8 -2
96 0 -5 2
73 1 8 2
81 -2 -9 -1
81 2 4 -3
51 -4 -30 3
149 -3 -8 1
158 -3 6 1
146 1 -1 -1
145 1 -1 0
150 0 -2 2
149 -1 -1 0
147 -1 0 -2
149 -1 -1 2
147 -1 -1 -1
146 -3 -2 0
149 -1 -2 -1
146 1 0 1
143 -1 2 1
141 -2 -1 -1
136 -3 -1 1
136 -1 -1 -1
132 3 -2 -1
124 2 -4 -2
131 -2 7 1
204 -1 -4 -1
218 -1 -1 0
215 0 -1 0
212 0 0 0
212 0 -1 0
211 0 -1 -1
212 0 -1 -1
211 -1 -1 -1
209 -2 0 0
205 0 -1 -1
203 1 -1 1
199 3 -1 -3
191 17 0 1
167 -9 0 -6
124 -20 -8 4
42 2 -3 0
50 3 0 1
44 -2 -1 0
41 -3 3 -2
53 -1 -2 2
86 -3 2 1
97 0 -3 -1
122 -1 -3 -1
145 0 0 0
163 0 0 -1
172 0 -1 0
172 0 -2 0
174 -1 -1 -1
177 0 -1 0
163 0 1 0
138 0 2 0
91 -4 -8 -9
58 -6 -1 19
138 29 -22 -5
96 13 29 -3
60 -5 -7 5
74 2 10 -8
70 -3 1 -8
61 1 1 -6
63 -1 4 0
61 0 0 -2
46 -1 6 -1
45 1 -26 5
108 -9 0 6
136 4 -5 -5
80 13 17 7
80 0 -14 -7
97 15 2 0
114 14 -25 2
111 -9 7 -3
117 -6 6 14
143 6 5 -2
143 -10 -25 -6
134 24 -15 12
123 7 -17 6
36 -10 2 8
51 11 -1 0
51 0 -1 0
51 -1 -4 0
62 -1 -1 0
72 -1 -5 -2
41 3 -7 1
60 1 2 4
50 2 1 0
48 -1 1 1
51 -2 -2 -1
46 0 1 0
46 -1 3 0
54 -1 0 0
61 -1 -3 -3
56 -1 3 -1
63 -3 1 1
56 0 -3 -1
67 -3 -4 -4
68 6 -2 -1
57 -6 1 -3
61 -5 3 5
67 5 -3 3
71 3 -2 1
81 8 0 5
97 3 -2 -2
105 -1 0 -1
120 0 -1 -5
134 -2 -2 0
141 -1 5 0
148 1 -2 0
156 1 -1 -1
164 2 -1 0
158 1 -2 -3
154 4 0 -1
141 -11 -5 0
133 -15 3 2
105 -23 -3 -3
51 -14 4 0
59 5 0 -1
57 7 0 -1
59 4 -1 1
56 1 -10 0
72 0 -9 0
53 -1 0 0
57 -1 -7 -1
50 1 -6 -3
89 -1 19 0
88 0 1 3
94 -2 -4 0
79 2 2 -2
87 -3 -6 1
77 3 7 1
64 -2 -23 -4
154 -2 -16 -2
152 0 -1 0
128 -1 -2 -4
121 0 -2 -5
133 0 -1 -2
136 -3 -2 0
141 4 -4 0
143 -4 2 2
148 0 -1 2
149 -1 -2 1
146 -1 -1 1
145 -2 -2 -4
143 -3 0 0
144 -1 -1 0
139 -1 -1 0
134 1 1 -2
130 0 1 0
116 -1 -5 -1
145 -1 7 -1
210 -1 -2 0
215 -1 -1 -1
211 -1 -1 0
210 -1 -1 -1
210 -1 -1 0
211 0 -1 0
210 0 -2 -1
209 -1 -1 0
207 -1 -3 -1
198 2 -1 -3
186 6 -1 5
151 -17 8 -2
84 -3 1 2
46 4 -2 0
41 2 0 -2
49 3 -3 -1
53 0 -2 0
46 -2 0 -1
41 -3 -2 0
45 -1 -1 2
78 0 6 -1
81 -1 -6 0
116 0 0 -1
144 -1 -1 0
160 -2 -1 0
171 0 -1 0
170 -1 0 0
170 -2 0 0
173 -2 -1 -2
160 -1 0 0
135 -5 3 -9
94 9 -7 36
183 7 1 -33
93 11 -28 4
120 -3 -22 12
36 8 0 -4
57 -1 19 3
67 -3 -7 1
61 0 -3 2
67 1 -2 -2
51 -6 9 -1
50 -2 2 -2
46 -2 -15 -7
87 12 9 -8
133 -9 16 -7
112 6 -6 -6
70 -1 -6 2
70 0 1 -5
108 -16 -25 -8
97 10 22 -3
123 -8 -34 10
130 1 11 3
140 14 2 13
86 -1 -23 -9
143 -13 10 6
133 27 -8 16
36 -19 4 11
51 5 -1 -2
49 -2 -3 0
59 -1 -1 -1
77 1 -3 0
39 -1 -9 -3
61 7 -2 -7
48 -3 -1 1
51 -1 -3 -1
50 3 -3 -3
50 0 2 -2
49 -1 -1 1
52 1 -4 -2
56 -2 1 -4
53 0 -5 -5
58 3 -1 -2
52 -2 -5 0
51 3 4 2
72 2 -1 -4
80 -4 -3 -1
100 -1 -1 -2
116 0 -2 1
128 -2 0 2
135 -4 -2 2
134 -5 -1 -1
134 -4 -3 3
136 0 -2 0
139 0 -4 -2
148 1 -2 -1
155 0 -1 -1
156 -1 -4 -1
163 -2 -1 -1
162 -1 -3 1
165 -4 -2 1
165 -1 -1 -5
170 1 -1 0
165 2 -6 2
105 29 -2 10
64 -1 -1 -11
48 -26 1 5
60 3 -1 -1
54 2 -6 0
58 -2 -3 -1
51 0 -8 -3
55 3 -1 2
52 -4 -7 1
83 -2 17 -1
85 -2 -7 0
96 2 -1 -1
75 -2 2 2
85 -3 -8 -1
71 0 4 -4
66 -4 -16 1
156 0 -20 1
145 -1 3 1
112 0 6 -1
112 -3 -1 1
115 0 -1 -3
119 -3 -2 -2
122 1 0 -4
123 -2 0 -1
131 1 0 1
132 1 -6 1
139 -4 -1 1
143 1 0 0
140 2 -1 -1
141 2 1 0
135 0 0 -2
131 -2 -3 1
129 -1 4 -1
110 -1 -16 0
170 0 1 -1
216 0 -2 -2
214 1 -2 0
210 1 -2 -1
210 0 -1 -1
210 0 -1 0
210 0 -1 -1
207 1 -2 0
203 0 0 1
185 -5 -3 -1
162 1 3 5
101 0 -2 0
40 1 -1 2
45 0 1 1
48 -6 0 2
61 4 -1 -3
60 -5 -1 -3
62 -3 0 3
49 2 -1 -1
46 0 0 0
42 0 1 -2
68 1 6 -2
71 0 -6 -1
107 1 3 0
141 0 0 0
161 0 -2 0
169 0 -1 0
169 -1 -1 -1
170 0 -2 0
173 -3 2 -1
159 -5 1 -7
138 12 -4 37
173 -17 0 -1
86 9 6 -7
61 -6 -29 12
107 12 -23 -6
41 -1 1 -1
51 0 18 0
84 -4 -5 -8
56 -2 6 -3
55 2 -4 -2
68 -1 26 1
68 -1 4 -3
47 1 -13 3
82 -7 6 -15
122 10 -16 6
128 -19 10 6
98 19 -7 -13
51 -9 -6 0
106 -21 -20 6
150 8 5 -9
92 -11 8 15
106 -6 -5 -2
127 7 -8 18
104 -16 -3 5
70 2 12 -7
163 -17 -9 -27
128 27 -20 4
39 -14 7 14
55 4 -2 -4
60 -1 1 0
76 0 -1 0
38 -1 -12 0
65 -1 -8 -1
49 2 -2 1
54 -1 -4 1
49 -2 3 -1
49 2 -1 -5
49 -2 -4 0
50 1 -1 -1
53 -2 -2 1
61 -1 -7 -1
58 -2 -2 2
57 -1 1 0
52 0 -2 -1
77 -1 -2 0
92 0 2 1
115 -2 -4 -1
124 1 1 -3
128 -3 -1 2
124 2 0 -1
127 0 -1 -1
131 0 0 -1
136 -1 0 -1
141 0 -1 0
149 -1 -3 0
146 0 -1 -1
147 0 -1 0
144 0 -2 0
147 1 -2 0
155 0 0 1
167 0 -3 -2
186 -1 0 -1
195 -1 -1 -1
206 -6 1 0
193 -7 5 -7
136 17 -4 9
71 9 -3 -10
49 -29 -5 2
56 5 2 -2
50 3 -4 -2
44 -1 1 -2
57 1 6 -6
88 -2 12 2
86 0 -6 0
89 0 4 -1
82 -3 -8 0
81 1 -7 1
78 -1 7 3
65 2 -2 -1
159 1 -9 1
139 -1 -5 0
118 -1 0 1
124 0 0 0
113 -2 0 0
112 0 3 2
113 -3 -1 0
111 -3 1 -1
110 -1 -1 0
114 1 -2 0
118 -1 -2 -1
125 -2 -3 1
127 0 -1 0
128 -2 -2 -1
129 1 -2 -1
127 2 0 -1
125 2 3 -1
113 0 -14 0
178 -1 1 0
213 -1 0 0
207 0 -1 0
206 0 -1 -1
209 -1 -2 0
209 -1 0 -1
207 -1 -1 -1
199 0 -1 2
192 -4 -2 1
177 11 1 3
121 3 -4 -1
51 -5 3 -2
48 -1 0 0
51 1 -2 -1
72 2 0 0
79 -2 -4 1
103 2 1 -1
85 -1 -4 1
62 0 0 0
54 -2 -2 0
53 -2 0 1
62 -3 -3 3
55 -1 -5 -2
87 -2 -1 -3
129 -2 -1 0
160 0 -1 -1
168 -1 -1 0
169 0 0 1
167 -2 -1 0
171 2 0 -3
169 13 -11 -2
172 -18 3 4
84 11 -9 5
66 -14 -6 -10
114 -4 48 -15
70 0 -11 0
38 -5 3 0
43 3 -11 -3
75 4 6 6
60 4 19 9
54 0 -1 1
63 2 14 4
95 -1 -13 7
55 -3 -5 -14
60 5 -18 -9
83 6 29 15
117 12 -10 13
107 -28 -8 5
106 -27 -9 -5
141 2 17 3
110 -1 -22 -1
81 -2 -4 7
99 1 0 20
115 2 18 -10
90 0 -24 3
126 7 1 33
140 -17 -2 -7
100 -7 42 -57
111 -7 -36 -44
37 -11 10 0
63 -1 2 1
69 0 -6 -2
42 1 -11 0
68 1 -3 1
52 3 4 -1
50 -1 -1 -3
47 0 -1 -2
57 1 0 -1
47 -1 2 1
53 -1 -1 0
49 1 -4 -1
58 4 -3 -1
60 -1 0 -5
60 1 5 -1
47 -2 -3 0
74 2 -1 -1
95 -1 6 -2
116 2 0 -2
121 -1 0 -1
125 -2 -4 2
124 -1 -1 0
130 1 0 2
132 0 -2 -1
136 0 1 1
137 -1 0 -1
144 0 -2 -1
141 0 0 0
142 -1 -1 0
143 -1 -1 0
145 -4 -3 -2
158 0 0 -2
174 -1 -2 3
185 0 0 0
195 1 -2 0
197 0 -1 -1
197 1 -2 1
204 -4 2 -1
199 -6 1 -6
150 12 3 11
64 7 -5 -21
41 -23 4 10
43 8 -5 -3
52 -3 -7 1
81 -3 0 2
83 2 -9 -2
90 0 0 0
74 3 -10 1
81 -1 -5 -4
72 -2 6 -5
73 -3 14 0
160 -4 -3 -2
128 0 0 -2
130 -1 0 -4
132 2 2 2
132 -3 -3 -2
122 3 -2 -1
119 0 2 0
114 -2 1 -1
109 -1 0 0
103 -4 0 -2
98 -1 -5 0
102 -1 0 -2
104 -3 -1 0
104 -2 -1 -3
105 1 -1 -1
111 -1 2 3
110 -2 0 1
103 1 -9 0
177 1 1 -1
208 -1 0 0
206 0 -1 0
206 -1 0 0
209 0 -2 -1
209 0 0 0
206 1 1 0
195 1 -3 -1
167 0 3 -1
103 -6 -3 2
54 -4 -5 1
43 -1 4 -3
58 -2 -3 -1
72 -4 2 3
84 -6 0 -3
81 1 1 -2
123 -2 -2 -1
123 -1 1 1
102 0 -2 0
76 -2 -3 -2
67 1 2 -2
63 -2 -2 2
51 1 -2 -3
74 0 2 -2
125 1 -1 -1
159 2 0 0
169 0 -1 0
170 0 -1 0
169 0 -3 0
174 -1 -3 0
169 -1 -2 -1
137 3 9 3
89 -12 -16 -9
110 -8 -1 30
140 1 -33 6
36 1 8 -4
42 -2 -1 -1
42 0 0 2
43 -7 -6 -7
100 -9 -4 -6
32 -2 6 2
44 -11 -18 -14
95 -4 -13 -5
82 -3 16 12
70 1 -4 4
38 4 -5 -6
107 -23 7 -6
115 9 -3 16
76 -1 -29 8
125 22 5 -22
74 -10 15 -26
112 9 -7 -11
98 -4 -6 15
118 -9 2 20
115 3 -3 1
130 4 -3 -1
133 0 -1 49
56 -21 -15 -1
118 35 40 -5
68 -20 5 13
63 5 3 -2
62 -2 -3 -1
38 -4 -14 -6
70 1 -6 -2
45 -2 2 -4
51 1 -2 0
42 -2 -6 -1
54 2 -4 -8
56 3 -2 -7
46 -1 -2 -2
51 -4 0 -3
54 -2 0 -3
63 -3 2 0
62 1 0 0
48 0 -3 -1
64 -1 -1 -1
93 0 0 0
114 0 -2 -1
121 0 0 0
123 -1 -5 -1
127 -1 -1 1
125 -1 -4 0
131 0 -1 0
135 -1 0 0
138 1 -1 -1
140 -1 -1 0
136 0 -3 0
141 0 -2 0
145 0 -1 -1
152 -1 -2 -1
164 0 0 -1
173 1 -1 0
188 0 -1 -1
190 0 -2 -1
196 0 -1 -1
197 0 -1 0
198 0 -2 0
201 0 -3 0
207 -2 1 0
206 -10 9 -10
114 22 -10 13
30 -23 -4 8
60 4 7 -4
70 -2 1 2
88 2 -14 -1
78 -1 0 1
71 0 -9 0
73 0 -4 -1
73 -1 0 -1
64 1 27 1
153 -2 -7 0
135 -4 8 -1
143 -2 -2 -1
136 0 -3 0
139 -3 -2 0
132 0 0 0
132 0 -1 0
127 0 0 -1
121 2 -1 3
113 2 1 0
105 2 1 -1
102 -1 -2 0
92 -3 -1 0
92 -2 0 -1
92 0 -2 -1
112 1 -2 1
104 1 -3 2
77 2 -14 -6
170 -3 3 0
204 0 -3 0
204 -1 -1 0
207 -1 -1 -1
207 0 -2 -1
206 0 0 0
197 0 -1 -2
177 3 0 -5
108 -9 -11 5
40 0 -1 3
67 0 -1 4
70 -1 -2 -1
72 -2 -1 0
80 -1 -1 -1
86 -1 -2 -4
87 1 -2 -2
123 1 -2 0
133 -1 -1 -1
131 -2 0 0
107 1 -3 -1
93 0 0 -2
75 1 0 3
49 1 -4 4
70 -3 1 0
122 2 -1 -1
155 2 -2 0
169 -1 -1 0
169 -2 -2 -1
170 -1 -5 -2
173 -1 -1 0
164 0 1 0
135 -5 -17 -8
145 -1 28 30
136 9 62 -10
67 0 0 -5
44 -2 -3 3
40 -1 2 -2
36 1 -16 9
85 -21 -7 -3
124 23 3 2
58 48 -8 -8
82 31 7 -9
106 -9 -25 10
74 4 6 3
59 -12 -6 -16
62 4 22 11
90 1 -7 5
72 7 12 7
129 -7 11 -16
79 -5 -15 1
70 -1 -3 1
83 -8 3 -11
126 0 5 0
103 8 17 2
144 4 -8 3
124 5 -4 12
100 -15 3 2
105 -4 -29 5
62 -1 10 4
131 -4 -39 -11
46 -6 8 1
56 0 -1 -1
39 6 -13 -2
79 1 -4 -4
55 1 3 -1
54 0 -4 -5
46 -3 -1 -2
47 -1 -5 -2
63 -4 0 -4
54 -1 0 -2
50 -1 -4 -2
59 -3 2 -1
63 2 2 -1
71 -5 -4 -3
48 -2 -3 -1
63 2 0 -2
93 0 -1 -1
112 -1 0 1
117 -3 0 0
127 1 -1 2
126 2 0 -4
125 -1 -2 -1
135 -1 -2 0
140 1 0 -2
140 -1 -1 0
138 -1 0 -1
136 -1 -4 -1
140 -1 -2 0
145 -3 -1 0
154 -1 -2 -1
167 -2 0 0
177 -3 -1 -1
185 1 -1 -1
185 0 -2 0
191 0 -1 0
192 1 -2 -1
195 0 -1 -1
201 -1 0 -1
202 -1 -1 -1
201 1 -5 2
213 -8 5 -7
154 17 -7 28
44 -13 10 4
63 4 7 -7
87 -6 -19 0
66 1 8 -1
68 -1 -2 -1
77 0 -6 0
67 0 -4 1
72 -3 42 0
162 -2 -12 -2
136 -1 2 -2
152 0 -3 -2
143 -2 3 2
144 0 -1 -1
139 1 -3 1
137 -2 0 0
135 -1 -1 -1
132 1 -1 1
125 0 -2 0
122 1 -2 -2
114 -2 1 2
107 1 0 -2
98 -2 -3 0
105 -2 -2 -2
129 -1 -2 -1
112 -3 0 -2
79 0 -9 2
175 -3 2 1
208 0 -3 -1
206 -1 0 0
210 -1 0 0
206 0 -2 0
204 -1 4 -2
170 0 -1 -7
89 -5 -3 6
43 4 -3 0
74 2 -2 0
75 -3 -1 2
74 1 -2 0
86 -2 -1 -1
92 1 0 -1
93 0 -2 -5
83 -2 1 -1
118 1 -3 -1
141 -1 0 -2
147 -1 0 -1
139 -1 -2 0
114 0 -1 0
82 0 4 -1
51 2 -6 0
71 2 1 0
126 0 -1 -1
159 -1 -1 -1
172 -1 -1 0
173 -1 -1 -1
173 0 0 0
175 0 -1 0
164 -2 0 0
145 1 -2 -2
188 3 -27 4
103 7 -1 -5
71 -1 -3 0
43 5 -4 0
43 3 -1 0
45 2 -1 -2
52 8 12 2
63 3 -5 2
89 -4 0 -5
88 2 -7 5
61 -2 4 -4
62 0 0 -1
75 1 -10 -3
107 -17 2 1
43 -4 -17 0
100 8 29 -10
72 -2 -5 10
66 1 1 1
62 -5 5 -9
98 1 -9 -2
94 -3 -1 2
132 -4 6 4
132 2 -3 -2
154 4 33 -8
72 12 -33 -4
99 -33 50 0
94 18 -21 -27
96 12 76 15
88 -8 -2 10
48 -2 1 -4
41 -2 -17 0
75 0 -9 0
50 -2 1 0
52 -6 1 -1
52 -5 -4 -3
51 -2 -1 -3
65 0 0 -2
53 -3 2 -3
50 -2 -7 1
68 -1 -2 2
63 -4 2 -3
89 0 -1 5
51 -1 -1 0
56 -7 6 4
91 -4 3 2
115 -4 -3 0
122 3 -1 1
122 -4 -5 -1
117 0 -2 -1
131 0 -2 1
135 0 -1 -1
138 -1 1 0
139 0 -1 0
139 0 0 -1
137 1 -1 -1
143 1 -2 0
153 0 -2 -1
156 -1 1 0
164 -1 -1 -1
173 -1 0 -1
179 0 0 -1
182 -1 -3 -1
188 0 -2 0
186 0 0 0
194 0 -1 -1
198 0 -1 0
201 0 -1 0
206 0 0 0
203 0 -4 0
213 -5 9 -6
172 6 -7 26
44 -12 9 12
77 6 -14 -3
49 0 -3 0
67 2 1 2
69 1 1 -6
64 2 -9 -2
79 3 32 3
158 0 -11 -1
134 -2 2 0
148 0 -1 0
145 1 -2 0
142 -1 -1 0
142 -1 -2 -1
143 -1 -1 0
137 0 -2 -1
134 2 0 -1
131 3 1 0
126 0 0 -1
124 -2 -3 -1
120 1 0 -3
111 -3 -4 3
112 1 0 -1
129 -1 2 0
111 -1 -4 -1
109 -1 9 -3
197 0 -3 -1
208 -1 -1 -1
210 -1 -1 0
210 -1 0 -1
204 -1 -4 0
199 -1 3 -1
127 1 -9 -1
43 -1 2 0
71 -3 4 -1
90 -2 -6 0
84 -1 -1 -1
81 -1 -2 -1
97 1 -2 0
96 0 -2 -1
90 1 1 0
89 2 1 0
112 -2 -2 -1
133 -3 0 0
147 -1 1 0
148 -3 -4 -4
139 4 -1 1
109 -6 3 -4
53 -1 -9 -2
73 4 0 0
124 -1 0 0
158 -1 -2 -1
173 0 -1 0
174 0 0 0
173 -1 0 0
176 -1 -1 -1
163 1 0 5
152 -12 6 -22
191 12 -57 -13
109 -14 8 -8
45 -3 3 0
45 0 -2 2
53 -2 -1 -1
53 -5 -8 -7
70 -4 6 -5
52 8 -15 1
64 -5 -4 5
50 -2 -6 -4
63 3 -8 0
60 -5 4 -4
46 -3 -3 -1
50 3 17 2
49 -2 -19 4
105 -14 7 0
68 4 -10 -13
62 -9 1 3
75 -5 -4 8
86 -3 11 -8
101 -2 -11 -1
97 -6 6 2
139 -1 -5 1
125 -3 -27 -2
126 0 2 2
81 5 13 -1
166 -20 -7 33
60 -27 -6 2
113 -4 -23 -4
32 1 4 -1
43 -1 -16 -1
77 -1 -10 -1
61 0 4 -1
59 -5 -1 -4
51 -5 -4 -2
52 1 1 1
65 -1 3 -2
57 -3 -3 -3
55 -3 -10 4
77 -4 -2 2
63 -2 1 1
104 1 9 -2
66 -2 -1 -4
53 1 8 1
94 -2 5 1
123 2 -4 5
117 -3 -1 0
119 1 -2 -1
131 -1 -3 0
138 2 3 -1
135 -3 1 1
140 1 -3 -2
139 0 0 0
139 -1 0 0
140 -4 -1 0
147 -3 -1 0
153 -1 0 0
159 0 -3 -2
162 -1 -2 0
168 -1 1 0
174 -1 -1 0
177 -1 -1 -1
183 -2 0 -1
185 1 -3 -1
188 -1 0 0
196 0 0 -1
200 0 -1 -1
204 0 -1 -1
207 0 0 0
208 0 -5 -1
217 -2 13 -6
157 3 -31 9
51 -6 3 4
47 0 -4 -2
64 -1 0 0
69 -2 7 -4
55 -2 -19 2
105 -1 21 -3
148 1 -6 0
137 1 -3 0
150 0 -3 -2
145 -3 2 0
144 0 -1 -1
142 -1 -1 0
141 -1 -1 0
139 -1 -2 -1
140 0 -1 -1
137 -1 0 -1
131 -2 -1 1
128 1 -2 -3
124 -2 -1 0
120 -1 -1 -1
119 -1 0 0
129 -1 0 -3
118 1 -11 -3
141 1 10 -1
206 -2 -4 0
209 0 0 0
211 -1 -1 0
211 0 1 1
200 -1 -3 -2
174 3 3 2
94 0 -7 0
57 1 5 1
94 2 0 -1
90 -1 -1 -1
88 -1 -2 1
99 0 0 1
110 -2 -1 -1
100 -1 1 0
87 1 -3 -2
94 3 -1 -1
73 0 -1 3
109 3 -1 0
138 1 1 0
159 -2 -3 0
153 -1 -3 0
124 -2 4 -1
56 1 -6 -2
66 0 0 2
127 1 -1 -1
159 -1 -1 -1
173 1 -1 0
173 1 -2 0
175 0 -1 -1
177 0 -1 1
164 -3 -2 -2
154 7 27 11
142 9 9 0
77 -8 -10 17
37 7 -2 -3
44 -1 -5 -1
40 -1 2 4
43 1 11 11
64 2 -11 1
54 0 -1 -2
45 0 2 -2
39 -3 -10 1
100 -7 5 -10
63 -4 14 8
50 2 -1 1
55 -1 28 -5
69 7 -9 -9
43 5 5 7
100 -3 5 -5
59 7 -4 -15
73 -5 2 0
71 -1 -6 6
101 -8 1 11
94 5 14 0
132 -7 -5 -4
126 -3 -6 6
147 7 19 -4
110 10 35 -4
87 -19 55 -47
112 13 -93 -19
158 -12 -42 1
31 0 11 -3
39 -2 -14 0
69 1 -9 0
54 -3 6 -1
52 -1 4 1
45 1 -3 -1
51 0 -1 2
60 -6 -1 -5
53 0 0 -3
44 1 -8 -1
63 -2 -6 -1
72 0 2 -1
116 0 -4 -2
83 2 -12 0
45 0 8 0
90 0 6 1
121 -3 -9 3
114 4 5 -2
134 -2 -5 -1
130 0 0 -2
135 -1 -2 -2
138 0 -1 -2
139 0 -2 -1
136 -1 -2 1
140 0 -1 0
141 0 -1 2
145 -1 -2 2
152 -2 -1 -1
157 -3 -2 -1
161 -1 -1 -1
165 0 0 1
170 -2 -1 0
174 1 -2 0
180 1 1 -2
180 0 -4 1
187 0 -1 -1
193 0 -1 0
197 -1 -2 0
202 0 -2 0
206 -1 -1 0
209 0 -2 0
211 0 -8 1
221 -5 24 -9
121 4 -15 -22
42 -5 1 2
57 -2 2 -1
62 -2 13 -1
35 0 -28 0
129 1 3 0
137 1 -2 5
145 -1 0 3
146 -1 -1 -1
143 0 1 -2
142 0 -1 0
143 1 -1 -1
142 0 -1 -3
142 0 0 -2
139 -1 0 -2
137 0 1 -1
134 -1 0 0
133 -1 -3 0
127 -1 1 -1
126 -1 -3 -1
129 0 -1 0
139 -2 4 -2
126 -2 -15 -1
171 0 2 2
209 1 -2 0
211 -1 -1 -1
211 -1 -2 -1
208 0 -1 0
195 -2 2 -3
139 0 -5 -2
73 0 -3 -1
86 -1 2 -1
92 1 -1 0
93 3 -1 -1
99 0 -5 -1
109 1 1 2
105 -2 -2 -3
94 -3 0 -3
96 -2 -2 0
101 0 -1 0
52 1 1 1
80 -4 0 2
134 -5 5 0
162 -1 1 -1
164 1 -4 0
139 0 8 1
62 -6 -6 2
59 0 0 -7
128 -4 -1 0
160 0 -2 1
175 -3 -2 -1
176 -3 -1 -1
176 -1 -1 0
177 -1 0 -2
164 1 -1 -1
148 -1 0 0
138 9 4 22
99 -2 -26 8
32 0 6 0
44 0 -4 3
43 -6 -11 -3
64 5 12 -10
49 -5 3 3
47 1 1 -6
56 0 4 4
51 7 2 2
113 3 -3 14
52 7 17 -3
67 1 -5 -1
32 -1 -12 0
85 -2 -2 18
47 4 -5 -11
67 -10 -22 -2
87 3 9 9
80 5 13 0
92 -3 0 5
67 7 -7 -7
99 -3 17 -4
101 4 14 0
123 -2 -20 -4
151 -2 10 9
146 7 -2 21
39 9 -26 4
85 -5 -36 5
184 11 26 2
57 0 5 4
36 3 -12 -1
68 -2 -8 -1
53 2 9 -2
56 1 0 -3
46 -2 -2 -1
48 -2 -6 0
69 -4 -1 -1
51 -3 2 1
52 -1 -7 0
53 2 -7 -1
85 -2 4 2
117 -4 3 1
90 -3 -9 -4
44 -6 4 4
84 2 0 0
117 -4 -5 3
129 -1 -1 -2
133 2 -2 1
130 0 -3 3
133 0 -1 1
136 -1 1 -4
138 1 0 -2
141 0 1 -2
138 -1 -1 -2
141 -2 -2 0
146 -1 -2 0
151 0 -1 0
155 -1 -1 -1
159 0 -1 -1
163 -1 -2 0
167 -2 -1 0
171 -1 -1 -1
174 1 -1 0
181 -1 -4 0
185 0 -1 -2
190 -1 -3 -1
196 -1 -2 -1
202 0 -1 0
207 0 -1 0
209 0 -2 -1
214 0 0 0
214 0 -10 0
215 3 13 21
51 -10 5 12
51 2 2 -1
54 -2 18 2
34 -2 -37 -3
140 -3 -8 -2
130 -4 2 -1
148 -1 -1 -2
145 -1 -2 2
145 -1 -1 2
142 -1 -1 -1
145 -1 1 0
141 -2 0 -3
140 -1 0 0
137 0 -3 2
138 0 -1 1
134 0 0 -1
132 0 -2 0
126 -1 0 0
128 4 -1 2
126 -2 -1 -1
139 -3 1 -1
147 2 -9 1
181 3 1 -2
212 -1 -2 0
212 -1 -1 0
212 0 -2 -1
207 -1 2 0
183 -1 6 -3
100 0 -4 -2
80 2 0 -1
91 -2 -2 -2
91 2 1 -2
100 1 -5 1
108 1 3 -1
109 -4 0 1
93 1 -1 -3
92 0 -1 0
102 -1 -1 0
100 -2 -1 0
48 0 -1 0
54 1 3 0
139 -7 -5 0
163 4 -3 0
165 0 -5 -2
151 7 12 7
65 -8 -5 3
51 2 2 -4
128 -2 -2 1
158 -1 -1 0
174 0 -1 -1
174 0 -1 1
175 -2 -1 0
179 -3 -1 -1
168 -1 -2 -1
149 2 5 5
108 -14 20 -28
104 29 -21 -17
40 -9 4 4
45 5 -7 -2
49 -2 3 2
59 3 -4 -3
41 -1 -3 0
49 -1 -1 -1
44 1 1 -5
50 1 -6 -3
117 0 -19 0
39 -1 11 -1
70 -2 -7 1
39 -5 6 -5
39 4 5 2
78 -10 -14 11
86 10 -4 1
57 0 4 1
84 0 -17 3
104 -7 -3 5
107 -6 -10 -2
78 2 12 3
93 -3 11 -5
145 3 2 -12
134 8 11 -23
114 4 -24 -9
51 -1 4 24
80 0 40 1
207 1 45 6
77 2 5 -1
32 -5 -9 1
66 -5 -17 -3
68 2 15 4
59 -3 3 0
46 -2 0 0
52 -5 -5 -2
62 -1 -7 -2
47 0 0 3
46 -3 -2 -1
53 4 -8 -1
91 5 0 1
112 -4 0 -7
91 2 -6 4
41 -3 -1 -1
94 -1 -4 2
114 -2 -1 0
128 2 2 -1
129 3 -1 0
133 1 -1 1
134 1 -1 1
135 -1 -2 1
136 1 -3 -3
139 -1 -2 1
139 -1 -4 0
145 2 2 -3
149 2 -1 0
147 0 -1 0
151 0 -2 0
157 0 -1 0
163 -2 0 0
166 -3 -1 -1
170 1 0 1
174 1 1 -1
181 -2 -3 1
183 0 0 -2
188 -1 -1 -1
195 -1 -1 -1
201 0 -1 0
206 0 -1 0
209 0 -1 -1
212 -1 -1 0
214 0 -4 1
222 -2 18 -4
141 2 -39 -21
31 -6 7 -3
46 0 6 2
34 -2 -17 3
138 0 5 -1
139 -4 -1 0
148 0 0 -2
148 2 0 0
144 3 0 1
141 -1 -1 -1
140 1 -1 0
140 0 -1 -1
139 -1 -3 1
137 -1 -1 -1
134 -1 0 0
135 -2 0 1
131 1 -3 -4
127 -1 -2 -1
118 1 -3 0
132 -2 -1 -1
169 0 0 0
185 -1 -2 -1
202 0 -3 0
212 0 -1 -1
213 -1 -1 -1
211 0 -3 -1
205 0 6 -1
154 1 -9 0
84 0 4 -1
92 -1 1 0
90 -1 -6 -1
97 -1 -1 -1
107 -1 0 -1
109 -2 -2 0
90 -2 -1 -3
86 0 -2 -1
96 -1 -1 0
100 -1 -3 -4
99 1 -2 -2
48 -1 5 0
51 1 -7 1
113 2 1 -1
164 -3 1 2
169 0 -5 -2
147 -1 13 0
57 3 -3 -2
48 -3 1 5
123 0 1 -3
159 0 1 -1
177 0 -1 0
175 -1 -1 0
176 -1 0 0
181 -2 1 0
169 0 1 0
143 -2 -14 -6
140 10 4 2
72 -7 -11 5
47 2 -3 -4
44 -4 1 8
55 3 -5 -2
48 0 3 0
42 -2 -3 1
51 2 -5 -1
48 3 -1 2
67 -10 28 8
126 -1 -21 -3
31 1 -7 -2
73 -3 -2 -1
46 -2 12 1
55 -2 -5 -6
53 5 -6 -7
53 -2 6 4
62 5 24 1
74 -3 10 -10
96 -3 -1 -8
94 4 4 6
81 4 1 -5
85 5 -3 3
138 -4 3 -8
138 -1 22 -8
135 -2 -7 10
41 -18 9 0
81 0 41 1
187 -1 -13 -19
37 -28 9 13
39 2 -11 -9
61 -7 -21 -2
65 1 10 2
62 0 3 4
51 -1 -2 -1
49 -2 -5 -1
65 2 1 6
46 -2 1 -2
50 -3 2 -1
61 -3 0 3
103 -6 -4 2
99 1 0 0
103 -2 -7 -2
44 -2 -5 -3
86 -4 0 4
118 0 1 0
129 0 -3 -2
128 2 -4 0
135 -4 1 -2
136 -2 -1 -2
137 -2 -1 0
135 0 -1 -2
140 -1 1 -2
139 1 0 -1
143 -1 -2 2
146 -1 -4 0
146 -1 -1 0
152 0 -1 -1
155 -1 -1 -1
156 2 -3 1
165 -1 -1 -2
168 1 -2 0
172 -2 -3 1
177 1 1 -2
184 -1 -3 2
189 0 -2 1
195 0 0 0
200 -1 -2 -1
205 -1 -2 -1
208 -1 0 0
212 -1 -2 -1
216 0 -2 -1
217 -1 -9 0
211 3 7 13
46 -4 9 9
44 3 4 0
46 -1 14 3
144 2 -3 -4
136 2 1 0
148 -1 -3 1
146 -2 -1 -1
145 -1 -1 -1
148 1 0 0
141 -1 -2 0
140 -2 -1 0
137 1 0 -2
136 -1 -1 0
133 1 -3 0
133 -1 -2 0
128 1 1 -1
125 -3 -1 2
127 -4 -4 -2
170 -2 -1 -1
194 -2 -1 -1
198 -1 -2 0
209 -1 0 0
214 -1 -2 0
214 1 1 1
208 0 -1 -2
187 2 5 -1
116 -1 -5 0
87 -1 1 -1
91 0 -4 0
96 -1 -1 0
107 -1 -2 0
111 1 2 1
100 -3 -1 -1
90 -1 -1 -1
95 -1 1 0
103 -1 -3 -2
93 -2 -2 -3
102 1 -1 -2
45 0 2 0
36 -1 -12 -2
112 1 0 -3
155 -3 -1 2
167 0 -2 0
146 -1 6 -1
59 -1 -5 0
46 -1 -1 -1
124 -1 -2 0
160 0 -2 -1
175 0 -1 0
176 -1 -1 -1
176 -1 -2 -1
179 -1 -2 0
170 -1 2 -1
142 0 -22 0
156 -5 -10 -2
61 -15 -2 2
48 -1 -3 2
56 1 1 -2
50 -2 -4 0
44 -1 -4 -1
42 2 -2 -1
48 4 0 4
25 -7 -24 2
121 18 -4 -14
101 1 -10 -5
41 -6 3 3
53 -1 1 3
46 0 17 -5
56 -1 -4 0
51 -1 4 0
51 -4 6 -1
52 -4 -4 2
70 -7 7 2
82 0 6 4
112 6 -15 2
71 -4 1 -3
75 -1 8 8
141 0 -13 1
142 3 29 10
110 -11 41 10
122 0 -15 -11
91 15 42 -16
158 18 -31 7
122 35 -40 -19
29 -6 16 0
70 0 -19 1
64 0 -2 -3
53 2 -2 -2
56 3 -5 0
47 -2 3 -2
52 -4 -3 1
58 -2 -4 2
50 -5 0 -3
73 -3 -3 0
111 0 -4 -1
120 -1 -5 -1
111 2 3 0
52 0 8 -2
96 0 -1 -1
119 0 3 0
132 -1 -2 0
130 -1 -4 0
137 -1 -2 0
134 0 0 0
135 0 -1 -1
135 -1 -2 0
137 0 -1 0
138 -1 -3 1
144 -2 0 1
146 0 -2 -3
147 -1 -2 0
150 -1 1 0
154 0 -2 -1
158 -1 0 -1
161 0 3 -1
166 -1 0 -1
172 -1 0 -1
175 -1 -3 -1
183 0 0 -1
186 -1 -2 0
194 -1 -1 0
201 -1 -1 -1
205 -1 -1 0
208 -1 -1 -1
211 -1 -1 -1
214 -1 -1 0
215 0 -7 0
228 -2 39 -4
97 5 -8 2
33 0 1 -1
63 0 35 -2
151 -1 -7 1
146 -1 -3 1
147 0 0 2
144 -2 -2 0
144 0 -1 -1
144 4 -2 1
144 2 -1 0
140 -1 -1 -4
137 1 -1 -1
133 0 0 0
131 2 -3 -1
128 0 -1 -1
126 0 1 0
118 -1 -5 2
142 0 8 0
205 0 -3 -1
211 0 -1 0
205 0 -2 -1
211 -1 -1 0
214 -1 -2 -1
210 0 -2 1
202 -3 4 1
160 1 -1 -2
100 -2 0 0
92 -1 0 -1
88 -1 -2 0
101 -1 -2 0
113 -3 -2 1
113 -2 2 -2
94 0 -2 0
85 -1 -3 -1
98 -1 0 -1
101 0 -1 1
100 -4 -1 2
99 5 -3 -2
43 0 2 -1
35 0 -10 1
107 0 1 -1
159 -1 -1 2
170 1 -4 -3
150 0 9 2
68 -3 -7 1
46 2 0 0
125 1 -1 -1
159 -1 -2 0
176 -2 -1 -1
175 0 -2 0
176 1 -2 0
180 2 -3 -1
170 2 1 1
146 -1 -10 1
121 -5 -22 -8
45 -3 7 1
61 -1 1 0
43 -2 -4 -2
43 -2 -4 -1
43 -1 -4 0
47 2 3 1
33 -5 -15 -7
87 17 14 -19
94 -10 25 8
78 7 -3 6
43 -2 -2 1
44 2 -2 -5
66 3 -2 -1
55 -3 6 2
41 0 -5 -1
50 -3 10 0
50 -3 -16 -2
65 -5 -9 -7
61 1 -12 14
121 17 9 -7
75 21 -2 -5
102 -9 17 0
137 -2 -4 4
140 -21 -7 -31
123 1 -17 5
121 18 -38 22
161 -8 14 -26
84 -43 21 3
79 -13 -1 22
49 13 14 0
59 -1 -6 1
66 5 5 -4
59 -3 -10 -6
52 -2 -5 0
48 -3 5 -3
52 2 1 -5
50 3 2 0
62 -6 -5 -1
100 4 8 -3
122 -3 1 2
120 0 -2 1
106 -7 -3 -1
53 -1 14 1
98 -2 0 -1
122 0 -2 -1
131 -1 -1 0
131 0 -3 0
137 0 0 -1
137 -2 -2 -1
135 -1 -1 1
136 0 -2 -1
138 0 0 0
138 0 -2 0
140 1 -1 0
140 2 -1 -1
143 -1 0 0
149 0 -2 -1
152 -1 -1 -1
157 0 0 0
159 0 -4 1
163 -2 -4 -1
171 0 -1 0
175 0 -1 0
180 -2 -1 -2
188 -1 -1 -1
192 1 -1 -1
199 -2 -1 -1
203 -1 -1 -1
206 -1 -1 -1
210 -1 -1 0
213 0 -1 -1
215 -1 -2 0
217 -1 0 0
170 -6 -54 -5
14 -4 9 3
67 -2 27 1
149 1 -3 -1
146 -2 4 -3
145 -1 1 -1
146 -1 -2 -1
145 2 0 1
142 -1 1 -3
138 2 0 -1
138 1 -1 -1
140 0 1 -3
135 1 -2 0
129 0 -1 0
129 0 -2 -1
126 -1 2 1
120 -3 -6 -2
166 4 6 0
212 0 -1 0
215 -1 -2 -1
206 0 -1 -1
212 -1 -2 -1
214 -1 -2 -1
210 1 0 0
192 1 -2 -1
133 0 -5 -2
100 -2 0 -1
94 0 1 0
90 1 -3 -1
104 1 0 0
112 0 -1 -2
106 -4 -3 1
90 -2 -2 -1
91 -1 1 -1
105 -1 -2 -2
100 1 -1 0
96 -3 2 -2
92 -2 -4 0
41 -1 1 0
32 0 -15 0
102 0 0 6
157 0 -1 -1
170 -1 0 -1
150 -1 4 -1
85 1 -11 2
40 1 -3 -6
122 -3 0 0
160 0 -2 -1
174 0 -1 0
176 -1 0 0
173 -1 -3 0
174 -1 -1 -1
163 0 -3 0
149 -1 -3 -3
119 4 7 3
69 2 1 1
49 4 -6 0
43 5 -1 -1
46 -2 -3 -1
48 1 -5 -1
49 3 5 2
67 -1 -3 -8
58 -4 -15 1
60 2 27 -12
94 -4 1 5
46 -2 3 1
49 -1 11 0
65 -1 5 -1
47 0 0 -6
43 0 -4 -2
54 -2 12 2
50 -1 -17 7
69 -1 8 5
61 4 0 -3
61 -1 -13 5
108 -4 -5 2
131 -1 -5 6
129 -6 20 4
115 14 -17 15
92 -11 6 -8
137 -13 12 -6
155 12 6 -1
122 38 -25 -13
87 44 -6 1
70 20 14 -2
56 -19 4 -3
48 -31 -1 -3
66 10 -5 -1
60 1 -5 -5
54 0 3 -2
49 -3 1 1
55 -1 5 1
73 -4 -5 -1
109 0 4 2
124 0 -3 0
123 1 5 -1
98 -2 -8 0
52 1 15 1
106 1 0 -1
121 -1 -1 0
131 0 -1 -1
132 0 -3 -1
138 0 -1 -1
141 -1 -2 0
135 0 -2 0
135 0 -1 -1
136 -1 -1 0
135 0 -1 -1
138 0 0 -1
140 -1 -1 0
142 -1 1 -1
148 -1 -2 0
151 -1 -1 0
155 -1 -2 -2
159 2 0 0
162 -1 -1 -2
168 -1 0 0
173 -1 -1 -1
180 -1 1 -1
188 -1 2 -1
188 -1 -1 -1
197 -1 -2 -1
202 0 -1 -1
205 0 -1 0
208 0 -1 -1
212 -1 -1 -1
214 -1 -1 -1
213 -1 -7 0
209 0 7 6
38 0 -6 -2
79 -1 14 -1
142 0 1 0
147 -2 2 -2
147 1 -3 -1
140 1 -1 0
143 -1 0 -1
139 0 -2 0
140 0 -1 0
138 -1 -2 0
139 -1 -1 0
136 1 -3 0
134 2 -2 -1
128 1 -1 0
126 1 1 -1
123 3 -13 1
174 -4 2 -2
213 -2 -1 -1
208 -1 -3 0
205 -1 -1 0
213 0 -1 0
214 0 -3 -1
207 0 6 -1
161 0 -4 -1
122 -1 2 0
107 -2 -1 -1
99 0 -1 0
94 -1 0 0
107 0 1 0
109 -1 1 0
100 1 -2 0
91 -1 -2 0
97 -1 0 1
105 -3 2 0
97 6 2 2
90 0 1 -2
82 1 -2 -1
42 0 -1 -1
34 0 -10 0
87 -1 5 -2
156 2 -1 -2
169 -2 -1 -1
157 0 7 0
89 3 -10 1
41 -3 -3 0
117 0 0 -1
157 -1 -3 -1
174 -1 0 -1
175 0 -1 0
174 0 -4 -1
174 -1 -1 0
170 -2 -1 -2
147 2 -4 2
134 -6 12 1
66 -3 -6 2
43 1 1 -3
43 -3 2 2
44 7 -3 0
50 -4 -5 -5
52 2 8 -4
58 -7 -6 5
50 0 3 -4
58 -2 3 0
81 -3 -1 3
47 0 -5 -1
58 6 0 -4
53 -3 10 2
48 -5 0 -2
44 1 -2 -3
55 0 21 -3
48 4 -12 -9
82 -10 -15 -7
50 -3 6 17
38 -2 -4 5
93 6 1 10
131 -12 -22 -6
116 5 -20 -15
124 -5 -10 9
77 -2 -25 -15
42 -4 23 -6
59 -5 0 8
81 -3 28 -13
74 -9 -16 0
111 -24 0 -6
115 -15 20 7
110 -23 9 6
86 20 -2 -14
53 -6 1 0
55 3 -1 -2
50 0 -4 -4
57 -4 -2 -1
86 -4 -1 0
119 -1 3 -1
121 -2 0 -1
129 -1 6 3
81 -7 -14 0
68 2 7 0
106 -4 4 0
129 1 -4 -1
133 -1 -1 -1
134 0 -2 1
137 -2 0 1
142 1 0 0
134 -1 -2 -1
138 0 -6 -1
133 -1 -1 -2
136 0 -2 0
136 -1 0 0
139 -1 0 -1
142 0 1 0
148 1 -2 -1
150 0 0 -1
153 0 -1 -1
155 0 -2 -1
160 -3 1 0
165 -1 0 0
169 -1 0 -1
175 -1 2 0
180 -1 -1 -1
190 0 -1 0
196 -1 -3 -1
199 -1 0 0
203 -1 -1 -1
206 -1 -1 -1
210 -1 -1 0
213 0 -1 0
210 -1 -10 0
232 -2 57 -3
55 -2 -18 2
106 -3 1 2
141 0 3 -2
144 -1 -5 3
147 -5 -3 -1
143 -1 -1 -1
142 0 -1 0
139 -1 0 -1
138 -1 -1 -1
138 0 -1 0
139 0 1 -1
134 1 -1 -2
135 0 -4 0
125 3 0 -1
122 1 -1 0
125 1 -11 -1
181 2 -1 -3
212 -1 -1 0
208 0 -2 0
205 0 -1 -1
216 0 -1 0
212 0 1 1
193 1 0 -1
138 -1 -4 -1
115 -1 5 -1
105 1 -1 0
100 -1 -1 -2
99 1 1 0
103 -2 -1 -1
103 3 0 0
91 -3 0 -1
89 1 -1 -1
102 2 -2 -3
98 2 -1 -1
93 -3 2 0
87 2 -2 1
89 -3 -3 -1
44 3 2 3
34 -2 -4 -1
72 -3 6 -4
150 -4 -5 -3
169 -2 -2 0
158 0 4 1
88 -3 -15 2
45 1 -4 3
116 2 0 -1
156 -1 -1 -1
174 -1 -1 -1
175 -1 -1 0
176 -1 -2 -1
176 -1 -1 -1
168 0 0 -2
147 -1 9 2
122 -3 3 0
58 7 -3 -1
53 -4 5 0
47 2 3 1
42 1 -1 1
50 0 -3 5
43 -12 1 0
59 4 6 2
50 -1 -2 4
59 0 8 1
70 -3 -2 -2
54 4 3 -6
52 -4 3 2
51 -3 2 -6
64 7 -5 -3
39 0 -4 0
56 -3 3 -6
44 1 -14 8
90 -10 3 5
48 9 1 -7
83 3 -9 -7
77 -21 -3 -8
109 -9 5 6
107 -5 8 1
107 -11 5 9
143 15 15 -3
51 -8 -17 -2
83 8 -23 3
43 -8 -7 8
37 5 5 1
59 3 -5 6
44 3 12 0
54 5 5 -1
74 -8 17 -6
65 -1 -3 4
44 0 0 1
52 0 1 0
73 -2 0 -2
93 1 0 -1
119 0 -1 0
125 -1 -3 -1
128 -1 7 -2
83 1 -19 -3
78 -2 5 3
120 1 2 -1
131 -1 -5 -1
133 -1 0 0
135 0 -3 0
141 -1 -3 -1
139 0 -3 1
138 0 -1 -1
136 0 -2 -1
135 -1 2 0
135 -1 -2 -1
139 0 -1 -1
140 0 -1 0
140 0 -1 0
144 0 1 -1
147 0 0 0
151 -1 0 -1
156 0 0 0
160 0 -3 -1
163 -1 -1 -1
169 -1 0 -1
172 -1 -1 0
180 -1 -2 -2
190 0 -3 0
194 -1 -2 0
198 0 0 -1
205 -1 -1 -1
206 0 -1 0
208 0 -1 0
211 0 0 0
210 0 -5 -1
221 0 13 -1
140 -1 -69 -3
106 -1 1 0
143 0 1 -1
150 0 0 -1
146 1 0 0
140 -1 -1 0
141 -1 0 0
139 -1 -1 -1
139 -1 -1 0
139 0 -2 -1
140 -1 -1 -1
137 0 -2 0
133 0 -1 -1
130 -2 -1 -5
130 0 0 -1
129 -4 -7 -1
170 1 3 0
207 3 -2 -1
203 -1 -3 -1
206 -1 -1 -1
217 0 -1 -1
209 0 -1 -1
177 0 -2 -1
123 1 -2 -1
114 -1 1 0
107 0 -1 -1
96 0 -3 0
96 0 0 -1
104 0 2 0
86 -2 -1 0
88 -1 -1 0
97 0 1 4
101 -2 2 1
97 -1 -4 2
90 -1 0 -1
91 1 0 -7
94 2 1 -2
53 3 2 2
36 -2 -1 1
64 -1 8 -1
148 1 -2 -2
167 -2 -1 -1
159 0 1 1
99 -2 -12 0
51 -1 -5 2
120 0 0 -1
154 1 -1 1
173 1 0 0
176 -1 -1 0
175 0 -2 0
175 0 -2 0
170 0 0 1
141 1 5 0
144 -4 12 -8
69 -6 20 5
51 -3 2 -1
43 1 -2 5
38 -11 4 -7
54 15 -9 11
75 -8 5 -1
59 -6 1 2
42 1 -2 0
59 1 -1 -3
59 -4 1 -2
51 -2 -5 -3
50 3 1 -4
51 -2 -7 2
59 -1 -12 8
41 4 -2 6
56 1 4 7
54 0 27 -9
66 -2 -10 -1
88 0 -1 18
61 -14 19 -45
131 34 17 7
108 18 15 0
129 -5 -2 -8
77 4 -5 -4
91 11 8 15
121 -6 -31 -1
90 1 -18 -18
66 45 -16 -22
49 -10 3 2
57 2 -4 0
60 0 -3 4
60 1 -3 -1
49 -1 -7 3
57 -1 -3 1
47 -2 -2 1
60 1 3 0
82 -2 -5 -2
107 -1 -2 0
120 -1 -2 -2
127 0 -2 0
120 1 6 1
63 0 0 -1
93 -2 -4 -3
124 -3 -1 0
132 -1 -2 0
136 0 -1 -1
136 -1 -1 -1
138 1 2 1
141 -2 -3 -2
138 -1 0 0
135 -2 -2 -1
135 -1 -3 -2
136 1 -2 0
136 -2 -1 0
135 -2 -3 -1
139 -1 -2 -1
143 0 2 0
147 0 -1 0
151 0 2 0
152 -1 0 0
158 0 -4 -1
162 1 -1 -1
163 -1 -2 -1
169 -1 -2 -1
180 -1 0 0
184 -1 -3 0
193 0 -4 -2
196 0 -2 -1
202 -1 0 0
205 -1 -1 0
207 -1 -1 0
211 0 -1 0
211 0 -2 0
213 -1 -1 2
174 0 -69 5
103 1 8 -1
146 2 -1 3
139 1 0 -1
141 -1 -2 -1
144 5 -1 -1
144 2 -1 -1
142 0 -2 0
144 0 0 0
140 -1 -1 0
140 -2 1 0
136 -1 0 -1
132 -1 -2 -1
132 -1 0 -3
132 -2 0 -2
132 -4 -1 -1
143 -1 0 -1
174 -3 2 2
183 -3 2 1
206 -1 -2 -1
216 1 -1 0
206 -1 4 1
166 3 -3 0
116 -1 1 0
112 -1 -2 -1
97 -2 1 1
94 0 -4 -2
98 -1 1 0
93 0 -1 -1
76 1 -2 -2
97 0 3 0
102 -3 -3 -1
98 2 -1 0
88 -1 1 -3
94 0 1 -1
95 -3 -1 1
92 -3 -4 -1
48 0 -1 -1
38 -1 0 2
55 -2 4 -1
138 5 -2 1
167 0 -1 0
158 -2 0 -2
110 -1 -6 0
58 -1 -1 0
112 0 -1 0
154 -1 0 0
171 -1 -1 0
174 -1 -1 0
176 0 -1 0
176 0 -1 0
168 0 0 -1
144 0 -14 0
153 -2 -16 0
73 -5 18 -4
62 -8 -5 0
38 0 -4 2
59 -5 -1 0
65 -11 2 2
47 0 -1 -1
48 -1 1 -1
46 0 2 3
61 -4 2 4
61 4 -7 -1
55 1 -2 3
63 1 3 3
55 -2 -1 -1
53 7 9 0
63 -9 -5 0
43 0 2 2
87 -7 -24 9
42 0 1 -3
76 3 31 -4
64 8 -19 24
63 0 2 15
87 -7 0 -11
111 -5 6 14
71 -1 -8 -2
57 2 4 2
114 -18 5 -3
163 4 29 -5
84 -8 -7 1
44 -4 7 -2
50 -1 -7 -2
52 0 -1 0
50 -3 0 0
45 1 -5 -1
43 0 -1 0
47 -1 -1 0
68 -1 -1 -2
91 -1 1 -1
112 0 -1 0
121 -1 -1 -1
123 2 1 0
104 0 -7 -3
62 -1 11 1
102 -1 2 -1
128 0 -2 -1
133 -1 -1 -1
137 -1 -1 0
141 -1 0 -1
142 -1 1 0
142 -1 -2 -1
139 0 -1 0
139 0 -1 -1
136 0 -2 -1
134 0 -3 0
137 1 0 2
138 -1 -1 2
140 0 -1 1
144 1 0 -3
146 -1 -1 0
150 0 1 0
152 0 -1 -1
155 0 -1 0
157 -1 -1 0
163 0 -1 0
169 -1 -1 0
175 0 -1 0
182 -2 -2 -1
190 -3 -2 -1
195 -1 -1 -1
199 -1 -1 -1
206 -1 -1 0
208 -1 0 -1
210 -1 0 -1
212 0 0 0
208 0 -4 -1
214 0 15 1
139 -3 12 0
130 2 -9 -1
106 -2 2 0
121 0 -3 1
125 -2 -1 0
136 -2 0 -1
142 0 -1 0
144 -1 -1 -4
143 4 -4 -1
143 0 -2 -2
139 -3 0 0
134 -4 -2 -2
135 1 -1 0
143 -1 0 -2
143 -1 -2 0
141 1 2 -2
134 4 -2 4
163 -3 5 2
210 0 -3 -1
214 -1 -2 0
203 -1 3 -1
144 -1 -6 -1
114 -1 0 0
104 -1 0 -1
92 -1 -3 0
92 0 3 -1
94 -2 -3 -1
78 0 -4 1
88 -4 1 0
102 3 1 -1
99 0 -2 -1
89 0 -1 -1
90 -1 -2 -1
92 -1 -3 0
96 -2 3 -1
83 -1 -5 -1
41 -1 -5 -1
33 0 1 -2
54 -2 7 3
136 -6 -4 -1
162 0 -1 -1
162 0 1 1
112 -4 -11 -2
61 1 -3 0
111 -1 0 0
154 2 -1 -1
171 0 0 -1
173 -1 -2 -1
176 0 -2 -1
175 -1 -3 -2
169 -1 2 -1
145 -1 -12 0
135 -7 -10 0
73 0 -2 6
60 -4 -5 1
45 -4 1 -3
49 4 -2 5
55 2 -6 2
48 4 -2 -1
42 -2 -2 -4
57 3 -2 -5
61 0 2 -1
56 0 -4 -1
69 3 8 -4
59 -1 -4 -1
47 -3 -2 -4
53 4 -2 2
41 -2 -3 0
52 6 28 -5
56 1 6 -7
47 1 -14 -12
87 -17 7 19
112 -5 -11 12
61 3 2 5
45 -1 -8 -10
64 1 26 -1
105 -22 -22 10
62 1 23 -8
91 6 -31 11
127 -13 -19 2
39 -2 4 -3
54 -3 -5 -3
42 -3 2 4
51 0 2 0
48 3 -2 -2
43 -2 1 2
46 0 -1 -1
61 0 -2 0
74 -4 -2 2
105 -2 -2 0
117 1 -2 0
123 -1 -2 -1
126 1 12 1
69 -5 -15 -3
74 -1 -5 -4
118 1 3 0
130 -1 -1 0
134 0 -2 -1
137 -1 -1 -1
141 -1 1 0
141 -1 0 -1
144 1 -1 0
141 0 -1 -1
142 -1 0 0
139 -1 -2 -1
135 -1 -2 0
137 0 -1 1
138 -1 -2 1
140 1 -1 -1
144 0 0 -1
146 0 -1 0
147 0 -1 0
152 0 -1 -1
152 -2 -2 -3
160 1 0 0
161 -1 -3 -1
167 0 -1 -1
170 -1 -1 -1
179 -2 0 0
186 -3 0 0
192 0 -1 -1
197 -1 -2 0
204 -1 0 0
207 0 -1 -1
210 -1 -1 0
211 0 -1 0
209 -1 -4 -1
217 -1 16 -3
159 2 4 -1
95 -3 -3 3
83 -7 12 2
92 -4 4 0
96 -1 -2 0
109 0 0 1
116 0 -1 0
129 2 0 1
135 0 0 2
137 0 0 2
139 -1 -1 -1
138 0 -3 -2
143 1 -2 0
151 -5 1 -1
145 -2 -4 0
135 -2 0 -2
139 -1 -5 -1
178 2 4 1
215 -2 -2 -1
212 2 0 1
185 -1 -3 -1
126 0 -1 1
105 -1 -2 -1
90 2 2 -1
87 0 -1 -2
98 0 1 0
77 0 -4 0
76 -3 1 2
102 0 -3 1
97 -1 -5 3
93 -1 -1 0
89 -1 -3 -1
100 2 -1 0
94 -1 -1 -2
88 3 2 0
66 2 -3 0
37 0 0 -2
34 0 0 0
44 -3 -8 1
134 -4 1 -1
170 -2 -1 -1
172 0 0 0
127 -1 -8 0
59 -1 -5 1
110 -3 0 -1
148 0 0 1
170 0 0 0
174 0 -1 0
175 -1 -1 -1
177 -1 1 0
170 -3 2 -1
152 0 -4 2
121 4 1 4
85 -2 11 -1
62 -2 -8 2
40 0 1 5
53 -3 -2 -1
45 -2 1 -2
48 -3 -5 -5
54 -1 10 2
54 -1 -11 0
60 -3 -5 1
48 -3 -5 -1
65 2 1 -2
56 -3 3 2
48 -4 -3 -1
45 1 -2 -2
45 4 -7 2
52 -5 -2 -3
49 5 3 -10
74 -9 12 11
94 5 -12 -1
125 -8 24 -29
81 21 -8 -5
60 -27 6 -3
60 10 1 3
54 2 -15 -5
88 17 47 10
91 -2 -4 3
103 -18 -30 8
37 1 5 -2
49 -7 -8 -2
48 0 -4 -3
45 -2 -1 3
48 1 -1 0
41 0 -1 0
49 -1 0 -2
69 -1 -5 -3
90 -1 1 -3
115 -3 1 3
115 -1 0 2
120 -5 -3 -1
107 7 -3 -3
51 -6 3 3
92 0 -4 -2
126 -1 -3 0
131 0 -1 -1
134 0 -2 -1
137 0 -1 -1
141 0 0 -1
143 -1 2 -1
141 0 -2 1
140 -1 1 0
140 -2 -1 -2
139 0 -1 -2
136 -2 -1 2
135 1 0 -1
135 -1 -1 0
137 0 -1 0
142 -1 -2 0
145 -1 0 -1
146 -1 0 0
148 -2 -1 -1
154 -1 0 0
156 -1 -1 -2
162 0 -1 0
165 0 0 -1
168 0 -1 0
174 0 -1 3
185 -1 -4 0
189 1 -2 0
196 1 -1 0
202 0 -1 -1
205 -1 -2 0
209 -1 -1 -1
210 -1 -1 0
210 -1 -1 0
213 0 -2 0
186 -4 -44 -9
67 1 7 -3
83 -1 -3 3
72 -1 0 1
72 2 -1 -1
78 3 -1 1
84 -2 -1 0
91 -2 -1 -1
96 0 -4 -2
106 2 1 1
111 0 1 3
129 0 2 2
141 0 -3 1
158 4 2 2
144 -6 -2 5
133 5 4 1
138 0 -4 -1
195 -1 -4 0
219 -1 -1 -2
204 -2 3 1
161 -2 -2 0
112 -3 -3 -2
90 0 -2 -3
75 0 -1 -3
88 4 0 1
88 -4 -2 -2
73 -1 0 -1
95 -1 -1 0
98 1 -2 -1
91 1 0 0
95 -1 -2 1
92 0 -2 1
99 0 -1 -1
94 -1 2 1
78 -1 -1 5
54 -4 0 2
40 -1 0 0
37 -4 3 0
40 -4 -11 -1
130 2 -1 -2
169 -1 -2 0
171 -3 -2 -1
137 -3 9 1
67 1 1 0
106 -2 1 0
151 2 -2 -1
169 -1 -1 -1
174 -1 -1 0
175 0 -1 1
178 -1 1 -1
169 1 -3 0
151 -4 -1 -5
105 1 22 -12
94 0 10 -3
57 2 -9 4
49 -1 4 -1
41 -2 0 -1
42 -8 -3 -8
50 5 6 3
65 -3 -3 0
44 -3 -7 -2
63 -1 -9 -3
46 1 -6 0
65 -2 -4 -1
59 -1 -7 1
60 1 -2 3
43 -2 0 -6
52 0 -3 -4
52 3 1 -2
48 -1 -5 4
37 7 -1 0
76 5 -3 23
105 10 -20 13
138 -14 -11 -14
103 0 -26 -15
86 20 -7 2
117 -15 7 8
73 9 -2 -7
46 -4 -6 3
40 5 1 -1
59 -3 -6 1
38 -3 2 0
47 -3 -6 -1
39 -5 -2 3
41 -1 0 0
43 1 -6 -3
60 -2 -3 2
79 -1 -4 1
103 1 1 -1
116 0 -1 3
116 -3 -4 -7
118 3 7 -4
61 -5 -15 1
66 0 4 -5
117 -1 3 0
133 0 -1 1
134 1 -1 -1
133 -1 -2 0
137 -1 -1 -1
139 -1 0 -1
140 1 3 0
141 -2 -2 -3
141 -1 2 -1
138 1 -1 0
139 -1 -1 -1
137 -2 -1 1
134 -1 -1 0
134 -1 -1 -1
136 -1 1 0
138 -1 -5 -2
143 0 0 0
147 1 -1 -2
148 1 -1 0
149 1 -2 -1
153 -2 -1 0
156 -2 -2 -2
162 -1 -1 0
166 -1 -2 0
173 0 -3 1
182 0 -1 1
187 1 -2 -1
194 0 0 -1
201 0 -1 -1
205 0 -2 -1
209 0 0 0
211 0 -2 -1
210 -1 -1 0
212 0 -3 -1
205 2 -3 4
84 1 4 -2
95 -1 0 2
92 1 0 0
85 1 -2 -1
83 1 1 -1
75 1 0 -1
67 2 0 2
64 -4 -3 1
67 -1 1 -5
65 -2 -3 0
79 -3 -9 -1
114 -5 -2 3
133 -11 -2 5
168 4 1 3
164 -1 -7 -1
158 0 5 -1
209 1 -1 -1
216 1 0 0
188 0 -1 -1
127 1 -1 0
85 -1 1 1
59 -5 -3 3
78 -3 1 0
84 2 -1 1
78 1 -2 -2
89 1 -1 -1
102 -1 -5 -1
91 -2 -2 -1
92 -3 -1 -1
87 0 -1 -4
96 -2 4 -3
100 -2 -3 -1
92 1 0 0
67 -4 1 -1
52 -1 1 -1
48 -5 0 5
57 4 3 0
57 -1 -10 -1
126 0 3 -1
171 -1 -1 0
178 -1 -3 -1
153 1 3 0
71 1 -1 -1
101 1 1 0
150 -1 -2 -1
168 -1 0 -1
175 -1 -2 -1
173 -1 -3 0
179 0 -1 0
173 -1 -2 -1
142 1 -19 3
95 -7 33 5
84 -2 -2 3
51 0 -7 -5
47 2 -2 -3
43 -7 2 -4
51 1 0 -4
56 -2 7 -3
56 2 6 0
48 -4 -3 1
59 1 -2 6
48 -2 5 1
66 3 -6 1
59 -2 2 0
53 -2 -9 2
54 -4 1 -3
46 -2 -3 4
46 -3 1 -6
56 6 -11 -8
54 -5 -2 0
41 3 2 1
83 -9 -7 6
142 10 -1 -7
120 3 9 -4
111 -14 -5 -5
83 12 -10 7
96 9 -1 -17
45 -7 0 1
53 0 1 1
43 -1 -2 0
49 -1 -1 -1
49 -4 -5 4
42 -6 -5 1
45 0 -1 0
44 1 3 0
71 0 0 -1
92 -1 -1 -1
110 -1 -4 1
110 -3 -6 -5
120 8 9 6
83 2 -4 2
44 0 0 1
102 3 0 -4
126 -2 -3 0
135 0 -4 0
134 -1 -1 -1
134 -1 -2 -1
138 0 -1 -1
139 0 -1 0
139 -1 0 0
141 0 0 0
143 0 1 -1
141 0 0 0
142 -3 -2 0
137 -2 0 -2
137 -1 -1 -1
134 -1 -2 0
136 0 0 -1
138 -1 -2 0
141 0 -2 -1
141 0 0 0
149 -1 -2 0
149 0 -1 0
155 -1 -2 0
156 0 -1 -1
160 -1 0 -1
164 0 -2 0
175 0 -1 0
177 0 -2 0
187 0 -2 -1
193 0 0 0
199 -1 -1 -1
204 -1 -1 -1
207 0 -1 -1
208 -1 -1 -1
209 -1 -1 -1
210 0 -7 0
226 -4 39 -3
108 -4 3 3
95 -3 3 -2
101 0 0 1
99 -1 -1 -1
93 -1 -1 -2
86 1 -1 0
76 1 -1 -1
61 0 -1 -4
51 0 -1 -2
42 -1 0 -1
45 0 1 -1
56 5 -3 5
151 6 8 -3
199 0 -1 1
174 -3 -8 -2
173 -2 6 -1
208 0 -1 0
210 0 3 1
167 2 0 -4
91 -3 -3 -5
62 -1 -5 -1
66 -2 0 2
80 1 1 1
72 -4 -5 -1
85 1 -2 0
102 2 1 -2
99 -3 -2 3
86 0 2 -1
85 0 -4 0
91 1 -1 0
101 2 2 2
99 1 0 0
82 -1 -5 -2
62 1 -2 -2
49 -2 1 1
78 -3 -1 0
90 -2 -2 -1
83 0 -3 1
124 -2 2 1
171 0 -2 -1
180 -1 0 -1
152 0 3 -1
79 2 -2 5
106 -1 2 0
147 0 -3 0
167 0 1 0
175 0 -3 -1
172 -1 -6 -2
179 -1 -1 -1
173 -2 4 0
137 -2 -8 3
109 0 20 -1
97 1 -12 2
38 -2 1 -6
52 0 -5 2
57 -3 6 -4
58 -2 -3 1
45 0 -6 2
53 -3 -2 -1
48 -2 -5 0
48 0 -3 -4
61 3 5 -2
56 -3 8 1
57 4 -1 5
63 5 -1 3
46 -4 0 4
45 0 0 -3
47 1 -4 2
50 -6 6 4
63 4 7 -1
56 1 0 0
42 2 -6 -3
81 -11 6 -20
141 5 -3 0
145 29 -9 4
88 -22 -11 -9
123 18 12 -20
56 -7 2 2
49 0 -3 0
40 -3 0 -1
39 1 -1 3
38 -3 0 4
43 -4 1 2
43 -4 -7 -4
67 -2 1 -4
80 -2 -1 0
105 -1 -3 -1
113 -5 -5 -3
120 8 2 7
87 -5 -8 3
41 -5 -4 4
77 -2 3 -1
122 -2 0 -2
127 -1 1 1
134 0 -2 -1
134 -1 -1 -1
135 -1 -3 0
138 0 -1 0
138 -1 -1 0
139 0 -2 0
141 0 1 -2
143 -2 2 0
142 0 1 0
142 -1 0 -1
140 -3 -2 1
136 -1 0 -1
137 1 -2 -1
137 0 -1 0
139 0 0 1
137 -2 -2 0
137 -2 0 0
144 -1 -3 -1
145 -2 0 0
153 0 0 -1
153 -2 -3 0
158 0 -1 0
165 0 -1 0
171 0 -1 -3
176 -1 1 -2
183 -2 0 -1
190 0 -1 -1
196 0 -1 0
202 0 -2 0
206 0 -1 -1
206 -1 -2 0
208 -1 -2 0
212 0 -1 1
216 -1 7 0
165 -2 -34 -7
81 -5 7 1
104 0 0 2
104 0 -1 0
98 0 -1 0
93 -3 0 2
87 -4 -1 -2
78 0 -1 -4
66 2 2 0
49 0 -1 -1
43 0 2 0
51 0 -1 5
179 2 -2 -1
205 -3 9 -1
160 -3 -8 0
187 2 1 0
204 -1 -2 -4
197 6 7 1
112 -4 -12 0
58 2 3 1
60 2 0 -3
74 4 1 -5
72 -3 -1 -1
76 -2 0 1
100 -1 4 2
101 1 -3 -3
83 -1 -2 2
81 -4 0 0
84 0 -3 1
91 2 0 -2
111 2 -5 -6
95 -2 -1 0
80 -1 2 0
67 1 -2 -2
56 -3 1 1
82 0 2 -1
89 -2 1 -1
101 -1 -2 -1
130 1 -2 0
171 -1 -2 0
179 0 -2 0
164 -1 1 -4
96 -1 -8 -3
102 -1 1 0
148 -1 0 -1
168 -1 0 -1
175 0 -2 0
174 -1 -2 -1
181 0 -1 -1
176 1 8 2
137 -2 -15 -6
112 -2 8 0
86 -2 -10 1
46 2 6 -2
47 -4 4 1
48 4 0 -1
46 -2 2 -1
46 -5 -2 0
52 -4 3 -2
54 -1 -2 -2
44 0 -1 0
50 -2 -6 -3
58 1 5 -4
60 -2 -1 0
55 -1 2 -4
61 4 -6 -3
41 -2 -9 -1
49 -5 1 -10
58 4 -14 -10
58 -9 8 -1
55 3 2 8
62 -4 14 10
67 -3 -9 -11
75 15 2 0
93 -12 17 -7
131 25 24 17
75 0 -5 9
47 3 0 -2
48 1 -2 0
47 -3 -3 0
43 1 3 0
40 5 1 -1
42 -2 0 -3
55 -3 4 0
73 -2 2 0
90 0 1 2
111 2 -3 -4
123 19 -1 -3
89 -10 1 5
35 -3 0 -1
76 -2 3 -1
116 0 -2 -3
123 -3 -1 2
128 1 0 -1
133 0 -1 -1
135 -1 0 -1
137 -1 -3 0
137 0 0 0
139 0 -2 -1
138 -1 -2 -1
139 0 -1 0
143 -2 -1 0
140 -2 -2 -2
141 1 -1 -1
140 2 -1 0
139 0 -2 0
135 -1 0 -1
137 -1 0 2
137 -1 -1 1
140 -1 -3 0
138 -2 -1 0
144 0 -1 -1
145 0 -1 -1
148 -1 -2 0
151 0 -1 -1
157 -1 -1 -1
164 0 1 0
163 -3 -3 -1
169 2 -3 2
179 -1 -2 -1
185 0 0 0
193 0 -1 -1
198 0 -2 -1
205 0 -2 -1
208 0 -1 0
209 -1 -1 0
211 0 0 -1
209 0 -2 -1
190 0 -32 0
78 2 4 -3
107 -5 -1 2
107 1 -1 -1
103 0 -3 0
100 -2 -5 -1
94 1 1 0
84 -1 1 -4
78 0 0 -3
64 1 -1 -2
54 4 0 2
62 0 -7 -6
158 -1 1 -1
199 -2 -3 0
190 0 -3 0
187 0 -2 -2
185 5 2 -4
122 -4 -5 0
56 -1 -1 1
55 -2 -3 0
65 2 -3 -3
66 -3 -4 -4
72 0 0 -3
92 1 -1 0
107 -2 0 -1
82 0 -2 0
78 1 2 -1
76 -2 -2 0
92 1 -4 0
109 1 2 0
103 -2 -1 -2
92 0 -3 0
81 -1 2 1
62 -5 -2 -3
62 4 -1 -4
69 1 3 -1
100 3 -1 -2
112 2 -4 -1
129 -2 2 0
170 1 -2 -1
175 -1 -1 -1
161 -2 2 -2
98 0 -7 -2
103 -1 0 -1
148 1 -1 0
168 0 0 0
175 0 -2 -1
176 0 -2 0
181 -1 1 -1
173 0 5 0
135 2 -39 -1
105 -2 7 -3
79 6 -10 -8
39 -4 2 -3
50 -1 1 1
53 4 9 3
51 -2 3 -3
53 -2 -3 1
51 0 2 0
53 -3 -2 1
43 0 0 2
50 -6 -6 0
79 0 7 6
57 3 -8 -1
59 1 10 4
80 1 -13 -1
43 -2 4 -4
45 -2 7 5
86 -13 -3 -6
52 4 -8 1
74 -10 -21 -6
63 7 1 3
71 -4 -6 13
89 -12 10 -6
107 -8 -25 -8
59 7 2 -8
81 -3 -17 -5
39 -2 2 2
43 -4 -3 -1
45 -2 -3 -3
36 -2 -1 -2
35 -2 -2 1
44 -4 -2 0
68 2 -3 -5
90 13 0 -1
101 8 -7 2
98 -17 0 -1
51 -4 7 -4
50 8 -6 4
83 0 0 0
109 0 -4 -2
121 1 -1 -2
130 -1 0 2
129 1 -1 0
134 -1 -1 0
136 0 1 0
138 -1 -3 -1
135 -2 -1 -1
136 -1 -1 0
138 0 -2 0
139 -2 1 -1
141 1 -1 -1
138 1 -3 0
140 0 -1 0
140 -1 -1 0
141 -1 0 0
140 0 -2 -1
137 -1 -1 1
140 -1 0 0
138 1 1 -2
138 2 -2 -2
141 -1 -2 -1
145 -1 0 -1
144 -1 -1 0
150 -1 -1 -1
154 -1 0 0
160 0 -2 0
166 -1 -1 0
166 0 -3 -1
172 1 -2 0
183 -2 1 0
191 0 -2 0
195 -1 -1 -1
201 0 -1 -1
207 -1 -2 0
210 0 -1 -1
210 -1 -2 0
209 -1 -9 0
223 -2 37 1
97 -10 2 3
96 3 -4 -2
96 -4 -1 0
101 -1 -1 -1
100 2 0 1
95 -4 2 -1
97 -1 2 -1
82 -2 2 -1
79 -1 -2 1
78 2 1 -3
83 0 -5 1
157 3 3 -5
205 1 -2 -1
198 1 -2 0
160 0 1 -4
98 -11 2 -2
68 -2 -1 -3
55 1 1 -2
69 2 4 -1
74 -2 -4 3
68 0 0 -2
93 -1 -1 -1
106 -4 -3 1
92 5 -2 -5
73 -2 0 -1
76 -2 -1 1
84 -3 -3 -2
99 0 -2 0
111 -2 -2 -2
96 0 -5 -2
91 3 -2 -1
69 -1 -2 3
61 -2 1 -2
65 1 -3 -1
53 1 3 -1
95 0 3 -1
100 -2 -4 0
117 -3 0 -1
160 -1 -2 0
175 0 -1 -1
162 0 1 3
102 0 -6 1
104 1 1 -1
144 0 -1 0
167 -1 -1 0
175 0 -2 -1
176 -1 -1 0
182 -1 0 0
174 -1 -2 -1
139 -1 -35 0
99 -4 20 2
60 -2 -2 -2
43 1 2 -2
50 0 -1 2
53 3 2 0
51 -2 7 -1
56 -2 -5 -5
42 1 -7 -1
60 -3 -9 -2
44 1 4 -3
48 2 12 -1
89 -3 42 -2
66 -4 -15 -3
61 3 -1 -8
97 0 11 -3
60 8 0 -1
44 -1 -20 0
82 2 -10 6
48 6 0 0
72 5 37 -18
74 4 13 -4
55 -3 8 -3
87 7 -12 4
131 -9 0 25
73 3 -9 -12
57 -11 11 1
46 -3 -6 -1
48 1 0 -3
40 5 1 0
40 -2 3 0
46 3 -2 -1
52 -1 -2 1
73 -10 -1 0
56 -11 -1 -3
57 -1 -2 4
49 16 -3 4
81 6 -2 0
104 -1 -2 0
114 -1 -1 -1
122 -1 -2 -1
127 -1 -1 -1
129 0 0 -1
129 -1 0 0
133 -1 -1 -1
134 -1 -1 0
137 -1 -1 -1
138 -1 0 -1
137 0 -4 0
136 -1 -2 2
141 1 -1 -2
143 -2 -1 0
140 0 -1 -2
144 -1 -1 0
144 -1 -2 -1
146 1 0 0
141 -2 -3 -1
141 -1 0 -1
140 0 -1 -1
140 0 -2 0
142 -1 -2 -1
140 -1 1 0
143 0 1 -1
145 0 -2 -1
149 -1 -1 -3
154 3 -1 -1
157 -1 -3 -1
165 -2 -2 0
167 0 -1 -1
173 -1 -4 0
178 -1 -2 -1
187 -2 -2 -4
192 -1 -1 -3
198 -1 -1 -1
204 0 -1 -1
209 0 -1 -1
210 0 -1 0
209 0 -4 -1
219 -1 21 -1
134 3 -15 2
85 0 7 -4
100 -3 -2 -1
99 0 -2 1
104 -1 -2 -1
98 -1 0 1
100 0 -2 -1
94 0 0 -1
97 -1 1 0
100 -2 -1 -2
94 0 -5 -2
150 -4 3 2
192 3 5 5
163 -12 0 -3
91 2 -5 1
75 1 -3 0
67 1 -3 0
69 0 1 1
76 -2 -2 0
73 -1 -2 -1
92 0 -2 1
109 0 2 -3
96 2 -3 0
80 1 1 0
67 0 -1 0
74 -1 -3 0
95 1 -2 -1
108 1 1 -1
104 0 -3 -1
98 0 3 2
74 -3 -4 -1
66 0 1 1
70 0 2 3
64 -2 -6 1
45 -4 2 0
67 -3 3 2
85 -1 -4 -1
107 0 -1 -1
155 0 -2 -1
171 -3 -2 1
164 -2 0 2
116 1 -9 0
103 -1 2 -1
143 -1 -1 0
167 0 -1 0
175 0 -2 0
177 0 -2 -1
183 0 0 0
173 -1 -3 0
152 3 -6 6
71 3 19 6
49 0 4 0
47 0 -2 -1
48 8 -1 -5
48 -6 -5 -2
56 3 2 2
57 0 1 0
47 -1 -22 -8
80 7 -25 -3
40 -3 -6 1
54 -1 -1 0
72 3 30 6
64 3 -11 -4
55 2 3 -4
107 -1 -9 6
94 2 -16 -7
40 -2 3 -5
70 14 29 -15
65 3 -2 -10
41 8 -19 20
110 -3 -15 41
54 -4 2 15
86 9 7 1
110 -12 -5 -31
121 -16 -3 4
64 0 13 -2
50 4 1 3
41 5 1 8
46 9 -2 -7
47 -9 -6 -2
44 -1 -1 -1
44 6 -2 1
52 3 1 1
66 -5 0 -1
81 -2 1 -3
103 -2 -5 1
112 -1 0 0
118 -3 -2 -1
122 0 -1 0
126 0 -1 0
128 1 -2 -1
128 -1 -1 -1
128 0 0 0
134 1 0 0
134 0 -1 0
136 0 2 0
136 1 1 0
139 0 -4 -1
140 0 1 -1
139 0 1 -4
137 -2 0 0
143 -1 -2 2
145 1 -1 -1
144 -1 -1 1
146 -3 0 -1
142 1 -1 1
141 0 -1 -1
139 -2 -1 0
139 -1 -1 -1
140 -1 0 1
140 0 1 -1
141 -1 0 -1
144 -2 -1 -1
148 0 -2 -1
152 -1 -1 0
155 -3 -1 -1
160 -1 0 0
164 0 -2 -2
172 0 1 1
179 1 -1 0
185 1 0 -2
188 2 -1 0
196 0 -1 0
202 1 -1 -1
207 -1 0 0
210 0 -1 -1
209 -1 -2 -1
213 0 0 2
177 -5 -45 -1
67 0 4 -1
93 3 -2 0
97 -2 0 0
105 -2 0 0
107 1 -2 -2
104 -1 -2 0
100 -1 0 0
107 -4 0 0
113 1 -2 -2
109 3 -3 -1
115 -3 0 -1
131 0 4 -1
90 4 0 1
82 0 3 -2
82 1 1 0
82 -2 -1 -1
82 -1 1 -2
71 -1 -1 1
86 0 -2 -3
103 1 -1 -1
97 -4 0 -1
77 -1 0 -1
69 4 1 -1
60 -3 -2 0
86 -1 0 -2
110 -3 -2 0
113 -1 0 0
106 0 -1 0
94 -1 -3 -2
72 1 -1 0
62 -1 -1 -1
58 0 0 2
51 0 -2 1
53 0 0 -1
56 1 -3 1
72 -1 -2 1
89 2 -3 -3
150 -1 -1 -1
179 1 -2 0
169 1 1 -1
124 1 -4 -1
108 -1 0 -1
143 0 -2 -1
166 0 -1 0
175 0 -2 -1
178 0 -1 -1
181 -1 -2 -2
175 3 -2 4
143 -7 -9 0
64 -2 17 0
62 0 -3 -2
55 -2 -3 3
51 -3 4 -3
45 -1 -3 1
59 -1 -2 1
58 -2 -5 0
55 -2 -10 -1
69 -1 -3 11
51 7 1 2
44 2 -6 8
84 -3 -4 -6
44 -4 -2 -1
55 -6 17 -5
97 -4 -7 -22
112 0 -2 5
42 0 -9 4
67 0 -9 0
120 7 -22 7
33 -5 3 1
69 5 1 -13
85 6 -21 -23
63 -19 15 2
121 3 5 -1
85 -9 10 2
82 -11 -8 -4
37 1 -5 -1
62 -11 -9 1
40 0 2 -6
44 1 2 -4
51 -4 -2 0
69 -1 0 -1
88 0 -1 0
101 0 0 0
105 0 -2 0
115 -1 -1 -1
121 -1 -1 -1
120 0 -2 0
124 0 -4 0
126 0 -2 0
126 -1 -1 0
127 -2 -2 -1
128 -1 0 0
130 0 -2 0
133 0 -1 0
136 0 1 -1
132 0 -1 -1
139 0 0 0
140 -1 -4 0
138 -2 -2 -2
140 1 -4 0
140 -2 -2 -2
143 -2 0 0
146 0 -2 0
142 -3 -1 -1
145 1 0 2
143 0 0 1
144 1 -2 -2
142 -1 -2 -1
143 -1 -3 0
138 -2 1 -4
142 0 0 -4
148 2 -1 -2
148 0 -1 3
150 1 -1 -1
152 0 -2 0
157 0 0 -1
164 0 -2 0
167 0 -1 0
174 -1 -1 0
180 -1 -3 0
184 -1 -2 0
191 -1 -1 -1
196 -1 1 -1
205 0 -1 0
208 -1 -2 -1
209 -1 -2 -1
209 0 -3 0
201 -1 1 4
83 1 0 -2
87 -2 -2 0
94 -1 -5 -1
102 0 0 0
108 -1 -1 -1
107 0 -2 -1
110 1 -2 -1
116 0 -1 0
116 -1 -1 -2
113 2 0 -1
109 -2 -1 -1
101 0 0 0
94 -1 -3 -1
98 0 -2 0
102 -1 3 -2
92 2 2 0
80 -5 0 -1
82 -1 -4 -1
99 1 2 2
95 -1 -1 5
81 -2 -1 -2
73 -1 3 0
69 4 -1 1
71 -2 -1 -1
103 -2 -2 -1
115 -1 -1 0
113 -1 -1 0
102 0 -2 -1
83 0 -2 -1
63 1 -2 -1
60 -2 1 -1
55 0 -3 -1
52 -3 0 -1
52 -2 0 -1
53 -1 -3 0
64 -3 2 2
77 0 -1 -1
167 -2 0 1
199 -2 -5 -3
196 -3 5 1
152 -2 -14 -1
108 -1 -1 0
140 -3 2 1
167 -1 -2 -1
174 -2 -2 0
179 0 -1 -1
180 0 -4 0
176 0 7 0
112 11 -2 3
63 4 7 0
53 -4 6 0
48 9 6 -4
52 0 2 0
47 0 -2 5
58 -4 1 3
51 0 1 0
63 2 5 5
55 -3 15 -11
64 5 -4 -5
34 0 -19 -2
106 4 -17 -4
35 2 10 4
64 -7 22 -1
111 1 -49 10
104 -5 29 15
88 8 -9 -2
48 -3 4 -7
92 5 -4 2
61 5 -12 1
45 0 15 6
93 -1 22 0
60 8 -10 -5
75 7 -4 2
101 0 -16 5
51 10 13 -8
46 -3 -4 -1
46 0 -1 -3
49 -1 -3 -1
51 -1 -6 1
67 1 -1 1
92 -2 -1 1
105 0 -2 -2
112 -1 0 -1
113 -1 0 0
116 -1 -2 0
120 -1 -1 -1
122 -2 -1 -1
125 0 1 1
124 -2 -1 -1
130 0 -1 -1
131 -1 -1 0
130 0 -1 -1
128 -1 -2 0
133 -1 -1 0
134 0 -1 -1
134 0 -1 0
137 0 -1 -2
138 0 -4 -1
135 0 -1 0
139 1 1 1
139 -1 -2 -1
144 0 -2 -1
144 -1 0 1
145 -1 -1 0
143 1 -1 0
143 -2 0 0
145 0 -2 -2
144 -2 -5 -1
146 -1 -1 0
147 1 2 -1
144 0 0 -3
147 1 -1 -1
147 -1 -3 1
150 -1 -1 0
154 -1 -1 0
158 -1 1 0
164 0 -2 -1
167 0 -2 -1
174 0 -2 -1
180 1 -3 -1
183 -1 -1 0
189 0 0 0
198 2 -2 -1
201 -1 0 0
203 -1 -2 0
208 -1 0 0
207 0 -8 -1
220 0 38 -1
92 -4 4 0
84 1 -5 -3
95 2 -2 -3
103 -1 -1 1
105 1 -2 1
113 -2 -1 0
119 -2 0 0
120 0 0 -1
115 -2 -2 -2
115 1 -2 0
109 -2 0 -4
107 -3 0 0
104 -1 -2 1
112 -2 -2 0
109 -1 1 -1
96 4 0 0
85 1 2 -3
97 -1 -3 0
96 -2 -3 -2
75 -2 -1 2
69 2 -2 -1
73 2 -4 -1
72 -2 -2 -2
93 1 -2 0
116 1 -1 0
117 -1 -1 0
109 0 -3 -1
89 -3 0 3
68 1 0 1
58 -2 1 0
57 2 -5 -2
50 -5 1 1
57 -1 2 1
57 3 -1 0
53 3 -2 0
61 1 1 -1
68 0 -6 0
184 -1 -5 -1
197 0 -2 0
199 -2 1 0
171 0 -12 1
112 0 -2 0
145 0 0 -1
169 0 0 0
176 -1 -3 0
178 -1 0 0
181 0 -2 0
176 -5 4 -4
135 -7 8 -4
67 -6 0 0
47 2 7 -1
50 -1 0 0
48 -1 -5 1
48 -2 7 -2
60 0 -1 2
66 -1 -3 0
69 -1 10 -5
46 3 -26 5
82 -8 -12 9
59 2 18 8
104 -1 -1 0
48 -3 4 -2
65 1 8 -6
123 2 -32 -7
61 -2 -12 -13
120 11 -15 5
31 -7 -18 7
93 -6 21 -17
66 7 6 -6
52 0 -8 7
80 6 -2 10
80 -4 -22 9
62 4 -7 9
94 -6 -20 -2
109 -1 23 2
70 15 -13 -23
33 -8 -2 -1
50 0 0 -1
69 -1 -3 -1
86 -2 -6 -1
103 -1 -4 -1
109 0 2 -1
114 -1 1 1
117 0 -2 1
116 -2 -4 1
123 0 -1 -1
125 -1 -1 0
126 -2 0 -1
126 1 -1 1
129 0 -1 -1
130 -1 -2 0
131 -1 -1 0
130 -1 -1 -1
132 -1 -1 0
135 -1 0 0
135 -1 -2 -1
133 0 -1 -1
139 0 -2 -1
139 -1 -2 -1
140 0 -1 -2
137 -3 0 2
143 1 -2 -1
143 -1 0 -1
142 2 -2 0
143 -1 1 -2
146 -1 0 -1
146 -1 -3 0
148 -1 -3 -1
148 -1 2 0
147 -2 -1 0
145 -2 -3 -1
149 0 -1 -3
150 -1 0 -2
151 -4 -1 0
154 2 -1 2
158 -3 0 1
163 -1 0 -3
164 -2 -1 0
171 0 0 -1
176 2 -2 -1
185 3 -1 0
187 0 0 -1
192 0 -2 0
197 0 -1 -1
202 0 -1 -1
206 -1 0 -1
209 -1 -3 -1
213 1 21 -3
139 0 -19 -6
70 -5 5 1
94 1 3 -4
100 -1 -3 0
102 0 -4 0
113 -1 -2 1
117 -1 -2 1
118 -1 -1 -1
119 -1 -1 0
117 -1 2 -1
112 -2 -2 0
114 0 -1 -1
119 0 -2 0
123 0 -1 -1
105 -1 -1 -1
93 1 1 -2
99 -1 4 -2
89 0 -1 0
84 -4 1 -2
81 -2 0 -5
79 -1 -1 -2
76 -1 -5 -1
91 5 -2 2
113 1 -1 0
127 -1 1 -1
117 0 -1 2
96 -1 -2 4
76 -4 -4 -1
54 0 -1 0
48 0 -2 0
57 -4 0 -3
64 1 0 0
83 -2 1 -1
56 1 0 0
49 0 -1 0
52 -1 2 0
62 -1 -9 -1
179 -1 -5 -1
194 -1 0 -1
193 1 1 0
171 -2 -11 -1
113 -1 2 0
146 0 3 0
167 -1 0 0
178 0 -3 0
179 -1 -1 0
179 0 -3 -1
177 0 18 -1
96 0 14 -1
63 3 8 -1
52 -3 1 0
45 0 6 -1
55 0 -16 1
60 -3 -10 -1
57 3 7 0
70 1 5 -1
67 -2 -4 2
70 0 -8 0
58 0 12 3
94 0 61 0
80 1 1 -4
57 0 5 -6
69 -1 14 -1
112 0 -45 1
65 -2 -4 0
99 -4 30 -7
95 1 -14 -1
74 -1 20 9
106 -4 -25 1
37 3 3 -3
64 -5 3 -2
71 1 6 -3
54 -2 3 -1
72 1 30 0
68 -2 -6 1
112 -9 3 -8
52 4 -8 -3
72 0 -1 -1
78 2 -2 1
88 0 -1 0
104 -1 -3 0
110 0 -2 -1
115 -1 -3 -1
120 -1 1 -2
120 0 -2 -1
125 -1 -1 0
126 0 -1 0
126 -1 -1 -1
126 0 -2 0
128 -1 -1 -1
128 0 -1 -1
130 0 0 0
130 0 -2 0
131 0 -1 0
135 0 1 0
135 0 -3 0
133 0 0 -1
137 -1 -2 0
136 -1 -1 -1
137 0 0 -1
139 -1 -3 0
141 0 -1 -1
143 -1 0 -1
141 0 -2 0
143 -1 2 -1
147 -1 -2 0
145 0 -1 -1
148 0 0 0
149 0 -1 -1
146 0 0 -1
146 1 -2 0
150 -1 0 -2
149 0 -2 0
151 -1 0 -1
154 0 -2 0
159 -1 -1 0
164 -1 0 -2
164 -1 -1 0
171 0 1 0
172 0 -2 0
182 0 -2 -1
186 0 -1 0
192 -1 -1 0
195 -1 -1 -1
200 -1 -2 0
206 -1 -1 0
210 -1 -1 -1
211 0 -1 0
185 -2 -33 1
83 5 -1 0
89 0 -1 0
90 -1 0 0
99 -1 2 0
104 -1 0 -3
114 -1 0 -2
127 0 -2 0
124 1 -1 -1
123 1 0 0
119 0 -1 -1
132 0 -2 -1
130 0 0 0
123 -1 0 -1
101 -1 -3 0
92 -2 -2 2
82 -2 -2 0
73 2 -1 -1
85 0 1 -1
87 0 0 -2
82 0 -1 -1
84 0 -3 0
108 1 -1 1
123 -1 -1 -1
124 0 1 1
101 -1 -2 1
75 -3 -1 -1
55 1 2 -1
45 -1 -2 2
52 0 -3 -1
60 3 -1 0
82 2 0 -1
100 -1 -2 0
