Copyright 1986-2022 Xilinx, Inc. All Rights Reserved. Copyright 2022-2025 Advanced Micro Devices, Inc. All Rights Reserved.
------------------------------------------------------------------------------------------------------------------------------------------------------------------------------------------------------------------------------------------
| Tool Version : Vivado v.2025.2 (win64) Build 6299465 Fri Nov 14 19:35:11 GMT 2025
| Date         : Sat Oct  3 07:09:01 2026
| Host         : acerswiftgo running 64-bit major release  (build 9200)
| Command      : report_timing_summary -max_paths 10 -routable_nets -report_unconstrained -file PL_wrapper_timing_summary_routed.rpt -pb PL_wrapper_timing_summary_routed.pb -rpx PL_wrapper_timing_summary_routed.rpx -warn_on_violation
| Design       : PL_wrapper
| Device       : 7z020-clg484
| Speed File   : -1  PRODUCTION 1.12 2019-11-22
| Design State : Routed
------------------------------------------------------------------------------------------------------------------------------------------------------------------------------------------------------------------------------------------

Timing Summary Report

------------------------------------------------------------------------------------------------
| Timer Settings
| --------------
------------------------------------------------------------------------------------------------

  Enable Multi Corner Analysis               :  Yes
  Enable Pessimism Removal                   :  Yes
  Pessimism Removal Resolution               :  Nearest Common Node
  Enable Input Delay Default Clock           :  No
  Enable Preset / Clear Arcs                 :  No
  Disable Flight Delays                      :  No
  Ignore I/O Paths                           :  No
  Timing Early Launch at Borrowing Latches   :  No
  Borrow Time for Max Delay Exceptions       :  Yes
  Merge Timing Exceptions                    :  Yes
  Inter-SLR Compensation                     :  Conservative

  Corner  Analyze    Analyze    
  Name    Max Paths  Min Paths  
  ------  ---------  ---------  
  Slow    Yes        Yes        
  Fast    Yes        Yes        


------------------------------------------------------------------------------------------------
| Report Methodology
| ------------------
------------------------------------------------------------------------------------------------

No report available as report_methodology has not been run prior. Run report_methodology on the current design for the summary of methodology violations.



check_timing report

Table of Contents
-----------------
1. checking no_clock (0)
2. checking constant_clock (0)
3. checking pulse_width_clock (0)
4. checking unconstrained_internal_endpoints (0)
5. checking no_input_delay (0)
6. checking no_output_delay (0)
7. checking multiple_clock (0)
8. checking generated_clocks (0)
9. checking loops (0)
10. checking partial_input_delay (0)
11. checking partial_output_delay (0)
12. checking latch_loops (0)

1. checking no_clock (0)
------------------------
 There are 0 register/latch pins with no clock.


2. checking constant_clock (0)
------------------------------
 There are 0 register/latch pins with constant_clock.


3. checking pulse_width_clock (0)
---------------------------------
 There are 0 register/latch pins which need pulse_width check


4. checking unconstrained_internal_endpoints (0)
------------------------------------------------
 There are 0 pins that are not constrained for maximum delay.

 There are 0 pins that are not constrained for maximum delay due to constant clock.


5. checking no_input_delay (0)
------------------------------
 There are 0 input ports with no input delay specified.

 There are 0 input ports with no input delay but user has a false path constraint.


6. checking no_output_delay (0)
-------------------------------
 There are 0 ports with no output delay specified.

 There are 0 ports with no output delay but user has a false path constraint

 There are 0 ports with no output delay but with a timing clock defined on it or propagating through it


7. checking multiple_clock (0)
------------------------------
 There are 0 register/latch pins with multiple clocks.


8. checking generated_clocks (0)
--------------------------------
 There are 0 generated clocks that are not connected to a clock source.


9. checking loops (0)
---------------------
 There are 0 combinational loops in the design.


10. checking partial_input_delay (0)
------------------------------------
 There are 0 input ports with partial input delay specified.


11. checking partial_output_delay (0)
-------------------------------------
 There are 0 ports with partial output delay specified.


12. checking latch_loops (0)
----------------------------
 There are 0 combinational latch loops in the design through latch input



------------------------------------------------------------------------------------------------
| Design Timing Summary
| ---------------------
------------------------------------------------------------------------------------------------

    WNS(ns)      TNS(ns)  TNS Failing Endpoints  TNS Total Endpoints      WHS(ns)      THS(ns)  THS Failing Endpoints  THS Total Endpoints     WPWS(ns)     TPWS(ns)  TPWS Failing Endpoints  TPWS Total Endpoints  
    -------      -------  ---------------------  -------------------      -------      -------  ---------------------  -------------------     --------     --------  ----------------------  --------------------  
      0.776        0.000                      0                40030        0.029        0.000                      0                40030        3.750        0.000                       0                 13694  


All user specified timing constraints are met.


------------------------------------------------------------------------------------------------
| Clock Summary
| -------------
------------------------------------------------------------------------------------------------

Clock       Waveform(ns)       Period(ns)      Frequency(MHz)
-----       ------------       ----------      --------------
clk_fpga_0  {0.000 5.000}      10.000          100.000         


------------------------------------------------------------------------------------------------
| Intra Clock Table
| -----------------
------------------------------------------------------------------------------------------------

Clock             WNS(ns)      TNS(ns)  TNS Failing Endpoints  TNS Total Endpoints      WHS(ns)      THS(ns)  THS Failing Endpoints  THS Total Endpoints     WPWS(ns)     TPWS(ns)  TPWS Failing Endpoints  TPWS Total Endpoints  
-----             -------      -------  ---------------------  -------------------      -------      -------  ---------------------  -------------------     --------     --------  ----------------------  --------------------  
clk_fpga_0          0.776        0.000                      0                39948        0.029        0.000                      0                39948        3.750        0.000                       0                 13694  


------------------------------------------------------------------------------------------------
| Inter Clock Table
| -----------------
------------------------------------------------------------------------------------------------

From Clock    To Clock          WNS(ns)      TNS(ns)  TNS Failing Endpoints  TNS Total Endpoints      WHS(ns)      THS(ns)  THS Failing Endpoints  THS Total Endpoints  
----------    --------          -------      -------  ---------------------  -------------------      -------      -------  ---------------------  -------------------  


------------------------------------------------------------------------------------------------
| Other Path Groups Table
| -----------------------
------------------------------------------------------------------------------------------------

Path Group         From Clock         To Clock               WNS(ns)      TNS(ns)  TNS Failing Endpoints  TNS Total Endpoints      WHS(ns)      THS(ns)  THS Failing Endpoints  THS Total Endpoints  
----------         ----------         --------               -------      -------  ---------------------  -------------------      -------      -------  ---------------------  -------------------  
**async_default**  clk_fpga_0         clk_fpga_0               5.452        0.000                      0                   82        0.748        0.000                      0                   82  


------------------------------------------------------------------------------------------------
| User Ignored Path Table
| -----------------------
------------------------------------------------------------------------------------------------

Path Group    From Clock    To Clock    
----------    ----------    --------    
(none)                      clk_fpga_0    
(none)        clk_fpga_0    clk_fpga_0    


------------------------------------------------------------------------------------------------
| Unconstrained Path Table
| ------------------------
------------------------------------------------------------------------------------------------

Path Group    From Clock    To Clock    
----------    ----------    --------    


------------------------------------------------------------------------------------------------
| Timing Details
| --------------
------------------------------------------------------------------------------------------------


---------------------------------------------------------------------------------------------------
From Clock:  clk_fpga_0
  To Clock:  clk_fpga_0

Setup :            0  Failing Endpoints,  Worst Slack        0.776ns,  Total Violation        0.000ns
Hold  :            0  Failing Endpoints,  Worst Slack        0.029ns,  Total Violation        0.000ns
PW    :            0  Failing Endpoints,  Worst Slack        3.750ns,  Total Violation        0.000ns
---------------------------------------------------------------------------------------------------


Max Delay Paths
--------------------------------------------------------------------------------------
Slack (MET) :             0.776ns  (required time - arrival time)
  Source:                 PL_i/cnn_accel_0/inst/grp_cnn_accel_Pipeline_GAP_IC_GAP_H_GAP_W_fu_660/ap_enable_reg_pp0_iter4_reg/C
                            (rising edge-triggered cell FDRE clocked by clk_fpga_0  {rise@0.000ns fall@5.000ns period=10.000ns})
  Destination:            PL_i/cnn_accel_0/inst/grp_cnn_accel_Pipeline_GAP_IC_GAP_H_GAP_W_fu_660/gap_29_fu_326_reg[28]/CE
                            (rising edge-triggered cell FDRE clocked by clk_fpga_0  {rise@0.000ns fall@5.000ns period=10.000ns})
  Path Group:             clk_fpga_0
  Path Type:              Setup (Max at Slow Process Corner)
  Requirement:            10.000ns  (clk_fpga_0 rise@10.000ns - clk_fpga_0 rise@0.000ns)
  Data Path Delay:        8.819ns  (logic 0.518ns (5.874%)  route 8.301ns (94.126%))
  Logic Levels:           0  
  Clock Path Skew:        -0.046ns (DCD - SCD + CPR)
    Destination Clock Delay (DCD):    2.675ns = ( 12.675 - 10.000 ) 
    Source Clock Delay      (SCD):    2.951ns
    Clock Pessimism Removal (CPR):    0.230ns
  Clock Uncertainty:      0.154ns  ((TSJ^2 + TIJ^2)^1/2 + DJ) / 2 + PE
    Total System Jitter     (TSJ):    0.071ns
    Total Input Jitter      (TIJ):    0.300ns
    Discrete Jitter          (DJ):    0.000ns
    Phase Error              (PE):    0.000ns

    Location             Delay type                Incr(ns)  Path(ns)    Netlist Resource(s)
  -------------------------------------------------------------------    -------------------
                         (clock clk_fpga_0 rise edge)
                                                      0.000     0.000 r  
    PS7_X0Y0             PS7                          0.000     0.000 r  PL_i/processing_system7_0/inst/PS7_i/FCLKCLK[0]
                         net (fo=1, routed)           1.193     1.193    PL_i/processing_system7_0/inst/FCLK_CLK_unbuffered[0]
    BUFGCTRL_X0Y16       BUFG (Prop_bufg_I_O)         0.101     1.294 r  PL_i/processing_system7_0/inst/buffer_fclk_clk_0.FCLK_CLK_0_BUFG/O
                         net (fo=13695, routed)       1.657     2.951    PL_i/cnn_accel_0/inst/grp_cnn_accel_Pipeline_GAP_IC_GAP_H_GAP_W_fu_660/ap_clk
    SLICE_X32Y19         FDRE                                         r  PL_i/cnn_accel_0/inst/grp_cnn_accel_Pipeline_GAP_IC_GAP_H_GAP_W_fu_660/ap_enable_reg_pp0_iter4_reg/C
  -------------------------------------------------------------------    -------------------
    SLICE_X32Y19         FDRE (Prop_fdre_C_Q)         0.518     3.469 r  PL_i/cnn_accel_0/inst/grp_cnn_accel_Pipeline_GAP_IC_GAP_H_GAP_W_fu_660/ap_enable_reg_pp0_iter4_reg/Q
                         net (fo=2089, routed)        8.301    11.770    PL_i/cnn_accel_0/inst/grp_cnn_accel_Pipeline_GAP_IC_GAP_H_GAP_W_fu_660/ap_enable_reg_pp0_iter4
    SLICE_X39Y48         FDRE                                         r  PL_i/cnn_accel_0/inst/grp_cnn_accel_Pipeline_GAP_IC_GAP_H_GAP_W_fu_660/gap_29_fu_326_reg[28]/CE
  -------------------------------------------------------------------    -------------------

                         (clock clk_fpga_0 rise edge)
                                                     10.000    10.000 r  
    PS7_X0Y0             PS7                          0.000    10.000 r  PL_i/processing_system7_0/inst/PS7_i/FCLKCLK[0]
                         net (fo=1, routed)           1.088    11.088    PL_i/processing_system7_0/inst/FCLK_CLK_unbuffered[0]
    BUFGCTRL_X0Y16       BUFG (Prop_bufg_I_O)         0.091    11.179 r  PL_i/processing_system7_0/inst/buffer_fclk_clk_0.FCLK_CLK_0_BUFG/O
                         net (fo=13695, routed)       1.496    12.675    PL_i/cnn_accel_0/inst/grp_cnn_accel_Pipeline_GAP_IC_GAP_H_GAP_W_fu_660/ap_clk
    SLICE_X39Y48         FDRE                                         r  PL_i/cnn_accel_0/inst/grp_cnn_accel_Pipeline_GAP_IC_GAP_H_GAP_W_fu_660/gap_29_fu_326_reg[28]/C
                         clock pessimism              0.230    12.905    
                         clock uncertainty           -0.154    12.751    
    SLICE_X39Y48         FDRE (Setup_fdre_C_CE)      -0.205    12.546    PL_i/cnn_accel_0/inst/grp_cnn_accel_Pipeline_GAP_IC_GAP_H_GAP_W_fu_660/gap_29_fu_326_reg[28]
  -------------------------------------------------------------------
                         required time                         12.546    
                         arrival time                         -11.770    
  -------------------------------------------------------------------
                         slack                                  0.776    

Slack (MET) :             0.776ns  (required time - arrival time)
  Source:                 PL_i/cnn_accel_0/inst/grp_cnn_accel_Pipeline_GAP_IC_GAP_H_GAP_W_fu_660/ap_enable_reg_pp0_iter4_reg/C
                            (rising edge-triggered cell FDRE clocked by clk_fpga_0  {rise@0.000ns fall@5.000ns period=10.000ns})
  Destination:            PL_i/cnn_accel_0/inst/grp_cnn_accel_Pipeline_GAP_IC_GAP_H_GAP_W_fu_660/gap_29_fu_326_reg[29]/CE
                            (rising edge-triggered cell FDRE clocked by clk_fpga_0  {rise@0.000ns fall@5.000ns period=10.000ns})
  Path Group:             clk_fpga_0
  Path Type:              Setup (Max at Slow Process Corner)
  Requirement:            10.000ns  (clk_fpga_0 rise@10.000ns - clk_fpga_0 rise@0.000ns)
  Data Path Delay:        8.819ns  (logic 0.518ns (5.874%)  route 8.301ns (94.126%))
  Logic Levels:           0  
  Clock Path Skew:        -0.046ns (DCD - SCD + CPR)
    Destination Clock Delay (DCD):    2.675ns = ( 12.675 - 10.000 ) 
    Source Clock Delay      (SCD):    2.951ns
    Clock Pessimism Removal (CPR):    0.230ns
  Clock Uncertainty:      0.154ns  ((TSJ^2 + TIJ^2)^1/2 + DJ) / 2 + PE
    Total System Jitter     (TSJ):    0.071ns
    Total Input Jitter      (TIJ):    0.300ns
    Discrete Jitter          (DJ):    0.000ns
    Phase Error              (PE):    0.000ns

    Location             Delay type                Incr(ns)  Path(ns)    Netlist Resource(s)
  -------------------------------------------------------------------    -------------------
                         (clock clk_fpga_0 rise edge)
                                                      0.000     0.000 r  
    PS7_X0Y0             PS7                          0.000     0.000 r  PL_i/processing_system7_0/inst/PS7_i/FCLKCLK[0]
                         net (fo=1, routed)           1.193     1.193    PL_i/processing_system7_0/inst/FCLK_CLK_unbuffered[0]
    BUFGCTRL_X0Y16       BUFG (Prop_bufg_I_O)         0.101     1.294 r  PL_i/processing_system7_0/inst/buffer_fclk_clk_0.FCLK_CLK_0_BUFG/O
                         net (fo=13695, routed)       1.657     2.951    PL_i/cnn_accel_0/inst/grp_cnn_accel_Pipeline_GAP_IC_GAP_H_GAP_W_fu_660/ap_clk
    SLICE_X32Y19         FDRE                                         r  PL_i/cnn_accel_0/inst/grp_cnn_accel_Pipeline_GAP_IC_GAP_H_GAP_W_fu_660/ap_enable_reg_pp0_iter4_reg/C
  -------------------------------------------------------------------    -------------------
    SLICE_X32Y19         FDRE (Prop_fdre_C_Q)         0.518     3.469 r  PL_i/cnn_accel_0/inst/grp_cnn_accel_Pipeline_GAP_IC_GAP_H_GAP_W_fu_660/ap_enable_reg_pp0_iter4_reg/Q
                         net (fo=2089, routed)        8.301    11.770    PL_i/cnn_accel_0/inst/grp_cnn_accel_Pipeline_GAP_IC_GAP_H_GAP_W_fu_660/ap_enable_reg_pp0_iter4
    SLICE_X39Y48         FDRE                                         r  PL_i/cnn_accel_0/inst/grp_cnn_accel_Pipeline_GAP_IC_GAP_H_GAP_W_fu_660/gap_29_fu_326_reg[29]/CE
  -------------------------------------------------------------------    -------------------

                         (clock clk_fpga_0 rise edge)
                                                     10.000    10.000 r  
    PS7_X0Y0             PS7                          0.000    10.000 r  PL_i/processing_system7_0/inst/PS7_i/FCLKCLK[0]
                         net (fo=1, routed)           1.088    11.088    PL_i/processing_system7_0/inst/FCLK_CLK_unbuffered[0]
    BUFGCTRL_X0Y16       BUFG (Prop_bufg_I_O)         0.091    11.179 r  PL_i/processing_system7_0/inst/buffer_fclk_clk_0.FCLK_CLK_0_BUFG/O
                         net (fo=13695, routed)       1.496    12.675    PL_i/cnn_accel_0/inst/grp_cnn_accel_Pipeline_GAP_IC_GAP_H_GAP_W_fu_660/ap_clk
    SLICE_X39Y48         FDRE                                         r  PL_i/cnn_accel_0/inst/grp_cnn_accel_Pipeline_GAP_IC_GAP_H_GAP_W_fu_660/gap_29_fu_326_reg[29]/C
                         clock pessimism              0.230    12.905    
                         clock uncertainty           -0.154    12.751    
    SLICE_X39Y48         FDRE (Setup_fdre_C_CE)      -0.205    12.546    PL_i/cnn_accel_0/inst/grp_cnn_accel_Pipeline_GAP_IC_GAP_H_GAP_W_fu_660/gap_29_fu_326_reg[29]
  -------------------------------------------------------------------
                         required time                         12.546    
                         arrival time                         -11.770    
  -------------------------------------------------------------------
                         slack                                  0.776    

Slack (MET) :             0.795ns  (required time - arrival time)
  Source:                 PL_i/cnn_accel_0/inst/grp_cnn_accel_Pipeline_GAP_IC_GAP_H_GAP_W_fu_660/ap_enable_reg_pp0_iter4_reg/C
                            (rising edge-triggered cell FDRE clocked by clk_fpga_0  {rise@0.000ns fall@5.000ns period=10.000ns})
  Destination:            PL_i/cnn_accel_0/inst/grp_cnn_accel_Pipeline_GAP_IC_GAP_H_GAP_W_fu_660/gap_fu_210_reg[27]/CE
                            (rising edge-triggered cell FDRE clocked by clk_fpga_0  {rise@0.000ns fall@5.000ns period=10.000ns})
  Path Group:             clk_fpga_0
  Path Type:              Setup (Max at Slow Process Corner)
  Requirement:            10.000ns  (clk_fpga_0 rise@10.000ns - clk_fpga_0 rise@0.000ns)
  Data Path Delay:        8.800ns  (logic 0.518ns (5.886%)  route 8.282ns (94.114%))
  Logic Levels:           0  
  Clock Path Skew:        -0.046ns (DCD - SCD + CPR)
    Destination Clock Delay (DCD):    2.675ns = ( 12.675 - 10.000 ) 
    Source Clock Delay      (SCD):    2.951ns
    Clock Pessimism Removal (CPR):    0.230ns
  Clock Uncertainty:      0.154ns  ((TSJ^2 + TIJ^2)^1/2 + DJ) / 2 + PE
    Total System Jitter     (TSJ):    0.071ns
    Total Input Jitter      (TIJ):    0.300ns
    Discrete Jitter          (DJ):    0.000ns
    Phase Error              (PE):    0.000ns

    Location             Delay type                Incr(ns)  Path(ns)    Netlist Resource(s)
  -------------------------------------------------------------------    -------------------
                         (clock clk_fpga_0 rise edge)
                                                      0.000     0.000 r  
    PS7_X0Y0             PS7                          0.000     0.000 r  PL_i/processing_system7_0/inst/PS7_i/FCLKCLK[0]
                         net (fo=1, routed)           1.193     1.193    PL_i/processing_system7_0/inst/FCLK_CLK_unbuffered[0]
    BUFGCTRL_X0Y16       BUFG (Prop_bufg_I_O)         0.101     1.294 r  PL_i/processing_system7_0/inst/buffer_fclk_clk_0.FCLK_CLK_0_BUFG/O
                         net (fo=13695, routed)       1.657     2.951    PL_i/cnn_accel_0/inst/grp_cnn_accel_Pipeline_GAP_IC_GAP_H_GAP_W_fu_660/ap_clk
    SLICE_X32Y19         FDRE                                         r  PL_i/cnn_accel_0/inst/grp_cnn_accel_Pipeline_GAP_IC_GAP_H_GAP_W_fu_660/ap_enable_reg_pp0_iter4_reg/C
  -------------------------------------------------------------------    -------------------
    SLICE_X32Y19         FDRE (Prop_fdre_C_Q)         0.518     3.469 r  PL_i/cnn_accel_0/inst/grp_cnn_accel_Pipeline_GAP_IC_GAP_H_GAP_W_fu_660/ap_enable_reg_pp0_iter4_reg/Q
                         net (fo=2089, routed)        8.282    11.751    PL_i/cnn_accel_0/inst/grp_cnn_accel_Pipeline_GAP_IC_GAP_H_GAP_W_fu_660/ap_enable_reg_pp0_iter4
    SLICE_X39Y47         FDRE                                         r  PL_i/cnn_accel_0/inst/grp_cnn_accel_Pipeline_GAP_IC_GAP_H_GAP_W_fu_660/gap_fu_210_reg[27]/CE
  -------------------------------------------------------------------    -------------------

                         (clock clk_fpga_0 rise edge)
                                                     10.000    10.000 r  
    PS7_X0Y0             PS7                          0.000    10.000 r  PL_i/processing_system7_0/inst/PS7_i/FCLKCLK[0]
                         net (fo=1, routed)           1.088    11.088    PL_i/processing_system7_0/inst/FCLK_CLK_unbuffered[0]
    BUFGCTRL_X0Y16       BUFG (Prop_bufg_I_O)         0.091    11.179 r  PL_i/processing_system7_0/inst/buffer_fclk_clk_0.FCLK_CLK_0_BUFG/O
                         net (fo=13695, routed)       1.496    12.675    PL_i/cnn_accel_0/inst/grp_cnn_accel_Pipeline_GAP_IC_GAP_H_GAP_W_fu_660/ap_clk
    SLICE_X39Y47         FDRE                                         r  PL_i/cnn_accel_0/inst/grp_cnn_accel_Pipeline_GAP_IC_GAP_H_GAP_W_fu_660/gap_fu_210_reg[27]/C
                         clock pessimism              0.230    12.905    
                         clock uncertainty           -0.154    12.751    
    SLICE_X39Y47         FDRE (Setup_fdre_C_CE)      -0.205    12.546    PL_i/cnn_accel_0/inst/grp_cnn_accel_Pipeline_GAP_IC_GAP_H_GAP_W_fu_660/gap_fu_210_reg[27]
  -------------------------------------------------------------------
                         required time                         12.546    
                         arrival time                         -11.751    
  -------------------------------------------------------------------
                         slack                                  0.795    

Slack (MET) :             0.795ns  (required time - arrival time)
  Source:                 PL_i/cnn_accel_0/inst/grp_cnn_accel_Pipeline_GAP_IC_GAP_H_GAP_W_fu_660/ap_enable_reg_pp0_iter4_reg/C
                            (rising edge-triggered cell FDRE clocked by clk_fpga_0  {rise@0.000ns fall@5.000ns period=10.000ns})
  Destination:            PL_i/cnn_accel_0/inst/grp_cnn_accel_Pipeline_GAP_IC_GAP_H_GAP_W_fu_660/gap_fu_210_reg[28]/CE
                            (rising edge-triggered cell FDRE clocked by clk_fpga_0  {rise@0.000ns fall@5.000ns period=10.000ns})
  Path Group:             clk_fpga_0
  Path Type:              Setup (Max at Slow Process Corner)
  Requirement:            10.000ns  (clk_fpga_0 rise@10.000ns - clk_fpga_0 rise@0.000ns)
  Data Path Delay:        8.800ns  (logic 0.518ns (5.886%)  route 8.282ns (94.114%))
  Logic Levels:           0  
  Clock Path Skew:        -0.046ns (DCD - SCD + CPR)
    Destination Clock Delay (DCD):    2.675ns = ( 12.675 - 10.000 ) 
    Source Clock Delay      (SCD):    2.951ns
    Clock Pessimism Removal (CPR):    0.230ns
  Clock Uncertainty:      0.154ns  ((TSJ^2 + TIJ^2)^1/2 + DJ) / 2 + PE
    Total System Jitter     (TSJ):    0.071ns
    Total Input Jitter      (TIJ):    0.300ns
    Discrete Jitter          (DJ):    0.000ns
    Phase Error              (PE):    0.000ns

    Location             Delay type                Incr(ns)  Path(ns)    Netlist Resource(s)
  -------------------------------------------------------------------    -------------------
                         (clock clk_fpga_0 rise edge)
                                                      0.000     0.000 r  
    PS7_X0Y0             PS7                          0.000     0.000 r  PL_i/processing_system7_0/inst/PS7_i/FCLKCLK[0]
                         net (fo=1, routed)           1.193     1.193    PL_i/processing_system7_0/inst/FCLK_CLK_unbuffered[0]
    BUFGCTRL_X0Y16       BUFG (Prop_bufg_I_O)         0.101     1.294 r  PL_i/processing_system7_0/inst/buffer_fclk_clk_0.FCLK_CLK_0_BUFG/O
                         net (fo=13695, routed)       1.657     2.951    PL_i/cnn_accel_0/inst/grp_cnn_accel_Pipeline_GAP_IC_GAP_H_GAP_W_fu_660/ap_clk
    SLICE_X32Y19         FDRE                                         r  PL_i/cnn_accel_0/inst/grp_cnn_accel_Pipeline_GAP_IC_GAP_H_GAP_W_fu_660/ap_enable_reg_pp0_iter4_reg/C
  -------------------------------------------------------------------    -------------------
    SLICE_X32Y19         FDRE (Prop_fdre_C_Q)         0.518     3.469 r  PL_i/cnn_accel_0/inst/grp_cnn_accel_Pipeline_GAP_IC_GAP_H_GAP_W_fu_660/ap_enable_reg_pp0_iter4_reg/Q
                         net (fo=2089, routed)        8.282    11.751    PL_i/cnn_accel_0/inst/grp_cnn_accel_Pipeline_GAP_IC_GAP_H_GAP_W_fu_660/ap_enable_reg_pp0_iter4
    SLICE_X39Y47         FDRE                                         r  PL_i/cnn_accel_0/inst/grp_cnn_accel_Pipeline_GAP_IC_GAP_H_GAP_W_fu_660/gap_fu_210_reg[28]/CE
  -------------------------------------------------------------------    -------------------

                         (clock clk_fpga_0 rise edge)
                                                     10.000    10.000 r  
    PS7_X0Y0             PS7                          0.000    10.000 r  PL_i/processing_system7_0/inst/PS7_i/FCLKCLK[0]
                         net (fo=1, routed)           1.088    11.088    PL_i/processing_system7_0/inst/FCLK_CLK_unbuffered[0]
    BUFGCTRL_X0Y16       BUFG (Prop_bufg_I_O)         0.091    11.179 r  PL_i/processing_system7_0/inst/buffer_fclk_clk_0.FCLK_CLK_0_BUFG/O
                         net (fo=13695, routed)       1.496    12.675    PL_i/cnn_accel_0/inst/grp_cnn_accel_Pipeline_GAP_IC_GAP_H_GAP_W_fu_660/ap_clk
    SLICE_X39Y47         FDRE                                         r  PL_i/cnn_accel_0/inst/grp_cnn_accel_Pipeline_GAP_IC_GAP_H_GAP_W_fu_660/gap_fu_210_reg[28]/C
                         clock pessimism              0.230    12.905    
                         clock uncertainty           -0.154    12.751    
    SLICE_X39Y47         FDRE (Setup_fdre_C_CE)      -0.205    12.546    PL_i/cnn_accel_0/inst/grp_cnn_accel_Pipeline_GAP_IC_GAP_H_GAP_W_fu_660/gap_fu_210_reg[28]
  -------------------------------------------------------------------
                         required time                         12.546    
                         arrival time                         -11.751    
  -------------------------------------------------------------------
                         slack                                  0.795    

Slack (MET) :             0.847ns  (required time - arrival time)
  Source:                 PL_i/cnn_accel_0/inst/grp_cnn_accel_Pipeline_GAP_IC_GAP_H_GAP_W_fu_660/ap_enable_reg_pp0_iter4_reg/C
                            (rising edge-triggered cell FDRE clocked by clk_fpga_0  {rise@0.000ns fall@5.000ns period=10.000ns})
  Destination:            PL_i/cnn_accel_0/inst/grp_cnn_accel_Pipeline_GAP_IC_GAP_H_GAP_W_fu_660/gap_5383_fu_422_reg[26]/D
                            (rising edge-triggered cell FDRE clocked by clk_fpga_0  {rise@0.000ns fall@5.000ns period=10.000ns})
  Path Group:             clk_fpga_0
  Path Type:              Setup (Max at Slow Process Corner)
  Requirement:            10.000ns  (clk_fpga_0 rise@10.000ns - clk_fpga_0 rise@0.000ns)
  Data Path Delay:        8.984ns  (logic 0.642ns (7.146%)  route 8.342ns (92.854%))
  Logic Levels:           1  (LUT5=1)
  Clock Path Skew:        -0.047ns (DCD - SCD + CPR)
    Destination Clock Delay (DCD):    2.674ns = ( 12.674 - 10.000 ) 
    Source Clock Delay      (SCD):    2.951ns
    Clock Pessimism Removal (CPR):    0.230ns
  Clock Uncertainty:      0.154ns  ((TSJ^2 + TIJ^2)^1/2 + DJ) / 2 + PE
    Total System Jitter     (TSJ):    0.071ns
    Total Input Jitter      (TIJ):    0.300ns
    Discrete Jitter          (DJ):    0.000ns
    Phase Error              (PE):    0.000ns

    Location             Delay type                Incr(ns)  Path(ns)    Netlist Resource(s)
  -------------------------------------------------------------------    -------------------
                         (clock clk_fpga_0 rise edge)
                                                      0.000     0.000 r  
    PS7_X0Y0             PS7                          0.000     0.000 r  PL_i/processing_system7_0/inst/PS7_i/FCLKCLK[0]
                         net (fo=1, routed)           1.193     1.193    PL_i/processing_system7_0/inst/FCLK_CLK_unbuffered[0]
    BUFGCTRL_X0Y16       BUFG (Prop_bufg_I_O)         0.101     1.294 r  PL_i/processing_system7_0/inst/buffer_fclk_clk_0.FCLK_CLK_0_BUFG/O
                         net (fo=13695, routed)       1.657     2.951    PL_i/cnn_accel_0/inst/grp_cnn_accel_Pipeline_GAP_IC_GAP_H_GAP_W_fu_660/ap_clk
    SLICE_X32Y19         FDRE                                         r  PL_i/cnn_accel_0/inst/grp_cnn_accel_Pipeline_GAP_IC_GAP_H_GAP_W_fu_660/ap_enable_reg_pp0_iter4_reg/C
  -------------------------------------------------------------------    -------------------
    SLICE_X32Y19         FDRE (Prop_fdre_C_Q)         0.518     3.469 f  PL_i/cnn_accel_0/inst/grp_cnn_accel_Pipeline_GAP_IC_GAP_H_GAP_W_fu_660/ap_enable_reg_pp0_iter4_reg/Q
                         net (fo=2089, routed)        8.342    11.811    PL_i/cnn_accel_0/inst/grp_cnn_accel_Pipeline_GAP_IC_GAP_H_GAP_W_fu_660/ap_enable_reg_pp0_iter4
    SLICE_X45Y49         LUT5 (Prop_lut5_I4_O)        0.124    11.935 r  PL_i/cnn_accel_0/inst/grp_cnn_accel_Pipeline_GAP_IC_GAP_H_GAP_W_fu_660/gap_5383_fu_422[26]_i_1/O
                         net (fo=1, routed)           0.000    11.935    PL_i/cnn_accel_0/inst/grp_cnn_accel_Pipeline_GAP_IC_GAP_H_GAP_W_fu_660/gap_5383_fu_422[26]_i_1_n_0
    SLICE_X45Y49         FDRE                                         r  PL_i/cnn_accel_0/inst/grp_cnn_accel_Pipeline_GAP_IC_GAP_H_GAP_W_fu_660/gap_5383_fu_422_reg[26]/D
  -------------------------------------------------------------------    -------------------

                         (clock clk_fpga_0 rise edge)
                                                     10.000    10.000 r  
    PS7_X0Y0             PS7                          0.000    10.000 r  PL_i/processing_system7_0/inst/PS7_i/FCLKCLK[0]
                         net (fo=1, routed)           1.088    11.088    PL_i/processing_system7_0/inst/FCLK_CLK_unbuffered[0]
    BUFGCTRL_X0Y16       BUFG (Prop_bufg_I_O)         0.091    11.179 r  PL_i/processing_system7_0/inst/buffer_fclk_clk_0.FCLK_CLK_0_BUFG/O
                         net (fo=13695, routed)       1.495    12.675    PL_i/cnn_accel_0/inst/grp_cnn_accel_Pipeline_GAP_IC_GAP_H_GAP_W_fu_660/ap_clk
    SLICE_X45Y49         FDRE                                         r  PL_i/cnn_accel_0/inst/grp_cnn_accel_Pipeline_GAP_IC_GAP_H_GAP_W_fu_660/gap_5383_fu_422_reg[26]/C
                         clock pessimism              0.230    12.904    
                         clock uncertainty           -0.154    12.750    
    SLICE_X45Y49         FDRE (Setup_fdre_C_D)        0.032    12.782    PL_i/cnn_accel_0/inst/grp_cnn_accel_Pipeline_GAP_IC_GAP_H_GAP_W_fu_660/gap_5383_fu_422_reg[26]
  -------------------------------------------------------------------
                         required time                         12.782    
                         arrival time                         -11.935    
  -------------------------------------------------------------------
                         slack                                  0.847    

Slack (MET) :             0.850ns  (required time - arrival time)
  Source:                 PL_i/cnn_accel_0/inst/grp_cnn_accel_Pipeline_GAP_IC_GAP_H_GAP_W_fu_660/ap_enable_reg_pp0_iter4_reg/C
                            (rising edge-triggered cell FDRE clocked by clk_fpga_0  {rise@0.000ns fall@5.000ns period=10.000ns})
  Destination:            PL_i/cnn_accel_0/inst/grp_cnn_accel_Pipeline_GAP_IC_GAP_H_GAP_W_fu_660/gap_2_fu_218_reg[29]/CE
                            (rising edge-triggered cell FDRE clocked by clk_fpga_0  {rise@0.000ns fall@5.000ns period=10.000ns})
  Path Group:             clk_fpga_0
  Path Type:              Setup (Max at Slow Process Corner)
  Requirement:            10.000ns  (clk_fpga_0 rise@10.000ns - clk_fpga_0 rise@0.000ns)
  Data Path Delay:        8.744ns  (logic 0.518ns (5.924%)  route 8.226ns (94.076%))
  Logic Levels:           0  
  Clock Path Skew:        -0.047ns (DCD - SCD + CPR)
    Destination Clock Delay (DCD):    2.674ns = ( 12.674 - 10.000 ) 
    Source Clock Delay      (SCD):    2.951ns
    Clock Pessimism Removal (CPR):    0.230ns
  Clock Uncertainty:      0.154ns  ((TSJ^2 + TIJ^2)^1/2 + DJ) / 2 + PE
    Total System Jitter     (TSJ):    0.071ns
    Total Input Jitter      (TIJ):    0.300ns
    Discrete Jitter          (DJ):    0.000ns
    Phase Error              (PE):    0.000ns

    Location             Delay type                Incr(ns)  Path(ns)    Netlist Resource(s)
  -------------------------------------------------------------------    -------------------
                         (clock clk_fpga_0 rise edge)
                                                      0.000     0.000 r  
    PS7_X0Y0             PS7                          0.000     0.000 r  PL_i/processing_system7_0/inst/PS7_i/FCLKCLK[0]
                         net (fo=1, routed)           1.193     1.193    PL_i/processing_system7_0/inst/FCLK_CLK_unbuffered[0]
    BUFGCTRL_X0Y16       BUFG (Prop_bufg_I_O)         0.101     1.294 r  PL_i/processing_system7_0/inst/buffer_fclk_clk_0.FCLK_CLK_0_BUFG/O
                         net (fo=13695, routed)       1.657     2.951    PL_i/cnn_accel_0/inst/grp_cnn_accel_Pipeline_GAP_IC_GAP_H_GAP_W_fu_660/ap_clk
    SLICE_X32Y19         FDRE                                         r  PL_i/cnn_accel_0/inst/grp_cnn_accel_Pipeline_GAP_IC_GAP_H_GAP_W_fu_660/ap_enable_reg_pp0_iter4_reg/C
  -------------------------------------------------------------------    -------------------
    SLICE_X32Y19         FDRE (Prop_fdre_C_Q)         0.518     3.469 r  PL_i/cnn_accel_0/inst/grp_cnn_accel_Pipeline_GAP_IC_GAP_H_GAP_W_fu_660/ap_enable_reg_pp0_iter4_reg/Q
                         net (fo=2089, routed)        8.226    11.695    PL_i/cnn_accel_0/inst/grp_cnn_accel_Pipeline_GAP_IC_GAP_H_GAP_W_fu_660/ap_enable_reg_pp0_iter4
    SLICE_X41Y46         FDRE                                         r  PL_i/cnn_accel_0/inst/grp_cnn_accel_Pipeline_GAP_IC_GAP_H_GAP_W_fu_660/gap_2_fu_218_reg[29]/CE
  -------------------------------------------------------------------    -------------------

                         (clock clk_fpga_0 rise edge)
                                                     10.000    10.000 r  
    PS7_X0Y0             PS7                          0.000    10.000 r  PL_i/processing_system7_0/inst/PS7_i/FCLKCLK[0]
                         net (fo=1, routed)           1.088    11.088    PL_i/processing_system7_0/inst/FCLK_CLK_unbuffered[0]
    BUFGCTRL_X0Y16       BUFG (Prop_bufg_I_O)         0.091    11.179 r  PL_i/processing_system7_0/inst/buffer_fclk_clk_0.FCLK_CLK_0_BUFG/O
                         net (fo=13695, routed)       1.495    12.674    PL_i/cnn_accel_0/inst/grp_cnn_accel_Pipeline_GAP_IC_GAP_H_GAP_W_fu_660/ap_clk
    SLICE_X41Y46         FDRE                                         r  PL_i/cnn_accel_0/inst/grp_cnn_accel_Pipeline_GAP_IC_GAP_H_GAP_W_fu_660/gap_2_fu_218_reg[29]/C
                         clock pessimism              0.230    12.904    
                         clock uncertainty           -0.154    12.750    
    SLICE_X41Y46         FDRE (Setup_fdre_C_CE)      -0.205    12.545    PL_i/cnn_accel_0/inst/grp_cnn_accel_Pipeline_GAP_IC_GAP_H_GAP_W_fu_660/gap_2_fu_218_reg[29]
  -------------------------------------------------------------------
                         required time                         12.545    
                         arrival time                         -11.695    
  -------------------------------------------------------------------
                         slack                                  0.850    

Slack (MET) :             0.850ns  (required time - arrival time)
  Source:                 PL_i/cnn_accel_0/inst/grp_cnn_accel_Pipeline_GAP_IC_GAP_H_GAP_W_fu_660/ap_enable_reg_pp0_iter4_reg/C
                            (rising edge-triggered cell FDRE clocked by clk_fpga_0  {rise@0.000ns fall@5.000ns period=10.000ns})
  Destination:            PL_i/cnn_accel_0/inst/grp_cnn_accel_Pipeline_GAP_IC_GAP_H_GAP_W_fu_660/gap_3_fu_222_reg[27]/CE
                            (rising edge-triggered cell FDRE clocked by clk_fpga_0  {rise@0.000ns fall@5.000ns period=10.000ns})
  Path Group:             clk_fpga_0
  Path Type:              Setup (Max at Slow Process Corner)
  Requirement:            10.000ns  (clk_fpga_0 rise@10.000ns - clk_fpga_0 rise@0.000ns)
  Data Path Delay:        8.744ns  (logic 0.518ns (5.924%)  route 8.226ns (94.076%))
  Logic Levels:           0  
  Clock Path Skew:        -0.047ns (DCD - SCD + CPR)
    Destination Clock Delay (DCD):    2.674ns = ( 12.674 - 10.000 ) 
    Source Clock Delay      (SCD):    2.951ns
    Clock Pessimism Removal (CPR):    0.230ns
  Clock Uncertainty:      0.154ns  ((TSJ^2 + TIJ^2)^1/2 + DJ) / 2 + PE
    Total System Jitter     (TSJ):    0.071ns
    Total Input Jitter      (TIJ):    0.300ns
    Discrete Jitter          (DJ):    0.000ns
    Phase Error              (PE):    0.000ns

    Location             Delay type                Incr(ns)  Path(ns)    Netlist Resource(s)
  -------------------------------------------------------------------    -------------------
                         (clock clk_fpga_0 rise edge)
                                                      0.000     0.000 r  
    PS7_X0Y0             PS7                          0.000     0.000 r  PL_i/processing_system7_0/inst/PS7_i/FCLKCLK[0]
                         net (fo=1, routed)           1.193     1.193    PL_i/processing_system7_0/inst/FCLK_CLK_unbuffered[0]
    BUFGCTRL_X0Y16       BUFG (Prop_bufg_I_O)         0.101     1.294 r  PL_i/processing_system7_0/inst/buffer_fclk_clk_0.FCLK_CLK_0_BUFG/O
                         net (fo=13695, routed)       1.657     2.951    PL_i/cnn_accel_0/inst/grp_cnn_accel_Pipeline_GAP_IC_GAP_H_GAP_W_fu_660/ap_clk
    SLICE_X32Y19         FDRE                                         r  PL_i/cnn_accel_0/inst/grp_cnn_accel_Pipeline_GAP_IC_GAP_H_GAP_W_fu_660/ap_enable_reg_pp0_iter4_reg/C
  -------------------------------------------------------------------    -------------------
    SLICE_X32Y19         FDRE (Prop_fdre_C_Q)         0.518     3.469 r  PL_i/cnn_accel_0/inst/grp_cnn_accel_Pipeline_GAP_IC_GAP_H_GAP_W_fu_660/ap_enable_reg_pp0_iter4_reg/Q
                         net (fo=2089, routed)        8.226    11.695    PL_i/cnn_accel_0/inst/grp_cnn_accel_Pipeline_GAP_IC_GAP_H_GAP_W_fu_660/ap_enable_reg_pp0_iter4
    SLICE_X41Y46         FDRE                                         r  PL_i/cnn_accel_0/inst/grp_cnn_accel_Pipeline_GAP_IC_GAP_H_GAP_W_fu_660/gap_3_fu_222_reg[27]/CE
  -------------------------------------------------------------------    -------------------

                         (clock clk_fpga_0 rise edge)
                                                     10.000    10.000 r  
    PS7_X0Y0             PS7                          0.000    10.000 r  PL_i/processing_system7_0/inst/PS7_i/FCLKCLK[0]
                         net (fo=1, routed)           1.088    11.088    PL_i/processing_system7_0/inst/FCLK_CLK_unbuffered[0]
    BUFGCTRL_X0Y16       BUFG (Prop_bufg_I_O)         0.091    11.179 r  PL_i/processing_system7_0/inst/buffer_fclk_clk_0.FCLK_CLK_0_BUFG/O
                         net (fo=13695, routed)       1.495    12.674    PL_i/cnn_accel_0/inst/grp_cnn_accel_Pipeline_GAP_IC_GAP_H_GAP_W_fu_660/ap_clk
    SLICE_X41Y46         FDRE                                         r  PL_i/cnn_accel_0/inst/grp_cnn_accel_Pipeline_GAP_IC_GAP_H_GAP_W_fu_660/gap_3_fu_222_reg[27]/C
                         clock pessimism              0.230    12.904    
                         clock uncertainty           -0.154    12.750    
    SLICE_X41Y46         FDRE (Setup_fdre_C_CE)      -0.205    12.545    PL_i/cnn_accel_0/inst/grp_cnn_accel_Pipeline_GAP_IC_GAP_H_GAP_W_fu_660/gap_3_fu_222_reg[27]
  -------------------------------------------------------------------
                         required time                         12.545    
                         arrival time                         -11.695    
  -------------------------------------------------------------------
                         slack                                  0.850    

Slack (MET) :             0.850ns  (required time - arrival time)
  Source:                 PL_i/cnn_accel_0/inst/grp_cnn_accel_Pipeline_GAP_IC_GAP_H_GAP_W_fu_660/ap_enable_reg_pp0_iter4_reg/C
                            (rising edge-triggered cell FDRE clocked by clk_fpga_0  {rise@0.000ns fall@5.000ns period=10.000ns})
  Destination:            PL_i/cnn_accel_0/inst/grp_cnn_accel_Pipeline_GAP_IC_GAP_H_GAP_W_fu_660/gap_3_fu_222_reg[28]/CE
                            (rising edge-triggered cell FDRE clocked by clk_fpga_0  {rise@0.000ns fall@5.000ns period=10.000ns})
  Path Group:             clk_fpga_0
  Path Type:              Setup (Max at Slow Process Corner)
  Requirement:            10.000ns  (clk_fpga_0 rise@10.000ns - clk_fpga_0 rise@0.000ns)
  Data Path Delay:        8.744ns  (logic 0.518ns (5.924%)  route 8.226ns (94.076%))
  Logic Levels:           0  
  Clock Path Skew:        -0.047ns (DCD - SCD + CPR)
    Destination Clock Delay (DCD):    2.674ns = ( 12.674 - 10.000 ) 
    Source Clock Delay      (SCD):    2.951ns
    Clock Pessimism Removal (CPR):    0.230ns
  Clock Uncertainty:      0.154ns  ((TSJ^2 + TIJ^2)^1/2 + DJ) / 2 + PE
    Total System Jitter     (TSJ):    0.071ns
    Total Input Jitter      (TIJ):    0.300ns
    Discrete Jitter          (DJ):    0.000ns
    Phase Error              (PE):    0.000ns

    Location             Delay type                Incr(ns)  Path(ns)    Netlist Resource(s)
  -------------------------------------------------------------------    -------------------
                         (clock clk_fpga_0 rise edge)
                                                      0.000     0.000 r  
    PS7_X0Y0             PS7                          0.000     0.000 r  PL_i/processing_system7_0/inst/PS7_i/FCLKCLK[0]
                         net (fo=1, routed)           1.193     1.193    PL_i/processing_system7_0/inst/FCLK_CLK_unbuffered[0]
    BUFGCTRL_X0Y16       BUFG (Prop_bufg_I_O)         0.101     1.294 r  PL_i/processing_system7_0/inst/buffer_fclk_clk_0.FCLK_CLK_0_BUFG/O
                         net (fo=13695, routed)       1.657     2.951    PL_i/cnn_accel_0/inst/grp_cnn_accel_Pipeline_GAP_IC_GAP_H_GAP_W_fu_660/ap_clk
    SLICE_X32Y19         FDRE                                         r  PL_i/cnn_accel_0/inst/grp_cnn_accel_Pipeline_GAP_IC_GAP_H_GAP_W_fu_660/ap_enable_reg_pp0_iter4_reg/C
  -------------------------------------------------------------------    -------------------
    SLICE_X32Y19         FDRE (Prop_fdre_C_Q)         0.518     3.469 r  PL_i/cnn_accel_0/inst/grp_cnn_accel_Pipeline_GAP_IC_GAP_H_GAP_W_fu_660/ap_enable_reg_pp0_iter4_reg/Q
                         net (fo=2089, routed)        8.226    11.695    PL_i/cnn_accel_0/inst/grp_cnn_accel_Pipeline_GAP_IC_GAP_H_GAP_W_fu_660/ap_enable_reg_pp0_iter4
    SLICE_X41Y46         FDRE                                         r  PL_i/cnn_accel_0/inst/grp_cnn_accel_Pipeline_GAP_IC_GAP_H_GAP_W_fu_660/gap_3_fu_222_reg[28]/CE
  -------------------------------------------------------------------    -------------------

                         (clock clk_fpga_0 rise edge)
                                                     10.000    10.000 r  
    PS7_X0Y0             PS7                          0.000    10.000 r  PL_i/processing_system7_0/inst/PS7_i/FCLKCLK[0]
                         net (fo=1, routed)           1.088    11.088    PL_i/processing_system7_0/inst/FCLK_CLK_unbuffered[0]
    BUFGCTRL_X0Y16       BUFG (Prop_bufg_I_O)         0.091    11.179 r  PL_i/processing_system7_0/inst/buffer_fclk_clk_0.FCLK_CLK_0_BUFG/O
                         net (fo=13695, routed)       1.495    12.674    PL_i/cnn_accel_0/inst/grp_cnn_accel_Pipeline_GAP_IC_GAP_H_GAP_W_fu_660/ap_clk
    SLICE_X41Y46         FDRE                                         r  PL_i/cnn_accel_0/inst/grp_cnn_accel_Pipeline_GAP_IC_GAP_H_GAP_W_fu_660/gap_3_fu_222_reg[28]/C
                         clock pessimism              0.230    12.904    
                         clock uncertainty           -0.154    12.750    
    SLICE_X41Y46         FDRE (Setup_fdre_C_CE)      -0.205    12.545    PL_i/cnn_accel_0/inst/grp_cnn_accel_Pipeline_GAP_IC_GAP_H_GAP_W_fu_660/gap_3_fu_222_reg[28]
  -------------------------------------------------------------------
                         required time                         12.545    
                         arrival time                         -11.695    
  -------------------------------------------------------------------
                         slack                                  0.850    

Slack (MET) :             0.850ns  (required time - arrival time)
  Source:                 PL_i/cnn_accel_0/inst/grp_cnn_accel_Pipeline_GAP_IC_GAP_H_GAP_W_fu_660/ap_enable_reg_pp0_iter4_reg/C
                            (rising edge-triggered cell FDRE clocked by clk_fpga_0  {rise@0.000ns fall@5.000ns period=10.000ns})
  Destination:            PL_i/cnn_accel_0/inst/grp_cnn_accel_Pipeline_GAP_IC_GAP_H_GAP_W_fu_660/gap_3_fu_222_reg[29]/CE
                            (rising edge-triggered cell FDRE clocked by clk_fpga_0  {rise@0.000ns fall@5.000ns period=10.000ns})
  Path Group:             clk_fpga_0
  Path Type:              Setup (Max at Slow Process Corner)
  Requirement:            10.000ns  (clk_fpga_0 rise@10.000ns - clk_fpga_0 rise@0.000ns)
  Data Path Delay:        8.744ns  (logic 0.518ns (5.924%)  route 8.226ns (94.076%))
  Logic Levels:           0  
  Clock Path Skew:        -0.047ns (DCD - SCD + CPR)
    Destination Clock Delay (DCD):    2.674ns = ( 12.674 - 10.000 ) 
    Source Clock Delay      (SCD):    2.951ns
    Clock Pessimism Removal (CPR):    0.230ns
  Clock Uncertainty:      0.154ns  ((TSJ^2 + TIJ^2)^1/2 + DJ) / 2 + PE
    Total System Jitter     (TSJ):    0.071ns
    Total Input Jitter      (TIJ):    0.300ns
    Discrete Jitter          (DJ):    0.000ns
    Phase Error              (PE):    0.000ns

    Location             Delay type                Incr(ns)  Path(ns)    Netlist Resource(s)
  -------------------------------------------------------------------    -------------------
                         (clock clk_fpga_0 rise edge)
                                                      0.000     0.000 r  
    PS7_X0Y0             PS7                          0.000     0.000 r  PL_i/processing_system7_0/inst/PS7_i/FCLKCLK[0]
                         net (fo=1, routed)           1.193     1.193    PL_i/processing_system7_0/inst/FCLK_CLK_unbuffered[0]
    BUFGCTRL_X0Y16       BUFG (Prop_bufg_I_O)         0.101     1.294 r  PL_i/processing_system7_0/inst/buffer_fclk_clk_0.FCLK_CLK_0_BUFG/O
                         net (fo=13695, routed)       1.657     2.951    PL_i/cnn_accel_0/inst/grp_cnn_accel_Pipeline_GAP_IC_GAP_H_GAP_W_fu_660/ap_clk
    SLICE_X32Y19         FDRE                                         r  PL_i/cnn_accel_0/inst/grp_cnn_accel_Pipeline_GAP_IC_GAP_H_GAP_W_fu_660/ap_enable_reg_pp0_iter4_reg/C
  -------------------------------------------------------------------    -------------------
    SLICE_X32Y19         FDRE (Prop_fdre_C_Q)         0.518     3.469 r  PL_i/cnn_accel_0/inst/grp_cnn_accel_Pipeline_GAP_IC_GAP_H_GAP_W_fu_660/ap_enable_reg_pp0_iter4_reg/Q
                         net (fo=2089, routed)        8.226    11.695    PL_i/cnn_accel_0/inst/grp_cnn_accel_Pipeline_GAP_IC_GAP_H_GAP_W_fu_660/ap_enable_reg_pp0_iter4
    SLICE_X41Y46         FDRE                                         r  PL_i/cnn_accel_0/inst/grp_cnn_accel_Pipeline_GAP_IC_GAP_H_GAP_W_fu_660/gap_3_fu_222_reg[29]/CE
  -------------------------------------------------------------------    -------------------

                         (clock clk_fpga_0 rise edge)
                                                     10.000    10.000 r  
    PS7_X0Y0             PS7                          0.000    10.000 r  PL_i/processing_system7_0/inst/PS7_i/FCLKCLK[0]
                         net (fo=1, routed)           1.088    11.088    PL_i/processing_system7_0/inst/FCLK_CLK_unbuffered[0]
    BUFGCTRL_X0Y16       BUFG (Prop_bufg_I_O)         0.091    11.179 r  PL_i/processing_system7_0/inst/buffer_fclk_clk_0.FCLK_CLK_0_BUFG/O
                         net (fo=13695, routed)       1.495    12.674    PL_i/cnn_accel_0/inst/grp_cnn_accel_Pipeline_GAP_IC_GAP_H_GAP_W_fu_660/ap_clk
    SLICE_X41Y46         FDRE                                         r  PL_i/cnn_accel_0/inst/grp_cnn_accel_Pipeline_GAP_IC_GAP_H_GAP_W_fu_660/gap_3_fu_222_reg[29]/C
                         clock pessimism              0.230    12.904    
                         clock uncertainty           -0.154    12.750    
    SLICE_X41Y46         FDRE (Setup_fdre_C_CE)      -0.205    12.545    PL_i/cnn_accel_0/inst/grp_cnn_accel_Pipeline_GAP_IC_GAP_H_GAP_W_fu_660/gap_3_fu_222_reg[29]
  -------------------------------------------------------------------
                         required time                         12.545    
                         arrival time                         -11.695    
  -------------------------------------------------------------------
                         slack                                  0.850    

Slack (MET) :             0.851ns  (required time - arrival time)
  Source:                 PL_i/cnn_accel_0/inst/grp_cnn_accel_Pipeline_GAP_IC_GAP_H_GAP_W_fu_660/ap_enable_reg_pp0_iter4_reg/C
                            (rising edge-triggered cell FDRE clocked by clk_fpga_0  {rise@0.000ns fall@5.000ns period=10.000ns})
  Destination:            PL_i/cnn_accel_0/inst/grp_cnn_accel_Pipeline_GAP_IC_GAP_H_GAP_W_fu_660/gap_5383_fu_422_reg[25]/D
                            (rising edge-triggered cell FDRE clocked by clk_fpga_0  {rise@0.000ns fall@5.000ns period=10.000ns})
  Path Group:             clk_fpga_0
  Path Type:              Setup (Max at Slow Process Corner)
  Requirement:            10.000ns  (clk_fpga_0 rise@10.000ns - clk_fpga_0 rise@0.000ns)
  Data Path Delay:        8.979ns  (logic 0.642ns (7.150%)  route 8.337ns (92.850%))
  Logic Levels:           1  (LUT5=1)
  Clock Path Skew:        -0.047ns (DCD - SCD + CPR)
    Destination Clock Delay (DCD):    2.674ns = ( 12.674 - 10.000 ) 
    Source Clock Delay      (SCD):    2.951ns
    Clock Pessimism Removal (CPR):    0.230ns
  Clock Uncertainty:      0.154ns  ((TSJ^2 + TIJ^2)^1/2 + DJ) / 2 + PE
    Total System Jitter     (TSJ):    0.071ns
    Total Input Jitter      (TIJ):    0.300ns
    Discrete Jitter          (DJ):    0.000ns
    Phase Error              (PE):    0.000ns

    Location             Delay type                Incr(ns)  Path(ns)    Netlist Resource(s)
  -------------------------------------------------------------------    -------------------
                         (clock clk_fpga_0 rise edge)
                                                      0.000     0.000 r  
    PS7_X0Y0             PS7                          0.000     0.000 r  PL_i/processing_system7_0/inst/PS7_i/FCLKCLK[0]
                         net (fo=1, routed)           1.193     1.193    PL_i/processing_system7_0/inst/FCLK_CLK_unbuffered[0]
    BUFGCTRL_X0Y16       BUFG (Prop_bufg_I_O)         0.101     1.294 r  PL_i/processing_system7_0/inst/buffer_fclk_clk_0.FCLK_CLK_0_BUFG/O
                         net (fo=13695, routed)       1.657     2.951    PL_i/cnn_accel_0/inst/grp_cnn_accel_Pipeline_GAP_IC_GAP_H_GAP_W_fu_660/ap_clk
    SLICE_X32Y19         FDRE                                         r  PL_i/cnn_accel_0/inst/grp_cnn_accel_Pipeline_GAP_IC_GAP_H_GAP_W_fu_660/ap_enable_reg_pp0_iter4_reg/C
  -------------------------------------------------------------------    -------------------
    SLICE_X32Y19         FDRE (Prop_fdre_C_Q)         0.518     3.469 f  PL_i/cnn_accel_0/inst/grp_cnn_accel_Pipeline_GAP_IC_GAP_H_GAP_W_fu_660/ap_enable_reg_pp0_iter4_reg/Q
                         net (fo=2089, routed)        8.337    11.806    PL_i/cnn_accel_0/inst/grp_cnn_accel_Pipeline_GAP_IC_GAP_H_GAP_W_fu_660/ap_enable_reg_pp0_iter4
    SLICE_X45Y49         LUT5 (Prop_lut5_I4_O)        0.124    11.930 r  PL_i/cnn_accel_0/inst/grp_cnn_accel_Pipeline_GAP_IC_GAP_H_GAP_W_fu_660/gap_5383_fu_422[25]_i_1/O
                         net (fo=1, routed)           0.000    11.930    PL_i/cnn_accel_0/inst/grp_cnn_accel_Pipeline_GAP_IC_GAP_H_GAP_W_fu_660/gap_5383_fu_422[25]_i_1_n_0
    SLICE_X45Y49         FDRE                                         r  PL_i/cnn_accel_0/inst/grp_cnn_accel_Pipeline_GAP_IC_GAP_H_GAP_W_fu_660/gap_5383_fu_422_reg[25]/D
  -------------------------------------------------------------------    -------------------

                         (clock clk_fpga_0 rise edge)
                                                     10.000    10.000 r  
    PS7_X0Y0             PS7                          0.000    10.000 r  PL_i/processing_system7_0/inst/PS7_i/FCLKCLK[0]
                         net (fo=1, routed)           1.088    11.088    PL_i/processing_system7_0/inst/FCLK_CLK_unbuffered[0]
    BUFGCTRL_X0Y16       BUFG (Prop_bufg_I_O)         0.091    11.179 r  PL_i/processing_system7_0/inst/buffer_fclk_clk_0.FCLK_CLK_0_BUFG/O
                         net (fo=13695, routed)       1.495    12.675    PL_i/cnn_accel_0/inst/grp_cnn_accel_Pipeline_GAP_IC_GAP_H_GAP_W_fu_660/ap_clk
    SLICE_X45Y49         FDRE                                         r  PL_i/cnn_accel_0/inst/grp_cnn_accel_Pipeline_GAP_IC_GAP_H_GAP_W_fu_660/gap_5383_fu_422_reg[25]/C
                         clock pessimism              0.230    12.904    
                         clock uncertainty           -0.154    12.750    
    SLICE_X45Y49         FDRE (Setup_fdre_C_D)        0.031    12.781    PL_i/cnn_accel_0/inst/grp_cnn_accel_Pipeline_GAP_IC_GAP_H_GAP_W_fu_660/gap_5383_fu_422_reg[25]
  -------------------------------------------------------------------
                         required time                         12.781    
                         arrival time                         -11.930    
  -------------------------------------------------------------------
                         slack                                  0.851    





Min Delay Paths
--------------------------------------------------------------------------------------
Slack (MET) :             0.029ns  (arrival time - required time)
  Source:                 PL_i/axi_smc/inst/s00_nodes/s00_w_node/inst/inst_mi_handler/gen_normal_area.gen_fifo_req.inst_fifo_req/gen_xpm_memory_fifo.inst_fifo/gen_wr.full_r_reg_inv/C
                            (rising edge-triggered cell FDRE clocked by clk_fpga_0  {rise@0.000ns fall@5.000ns period=10.000ns})
  Destination:            PL_i/axi_smc/inst/s00_nodes/s00_w_node/inst/inst_mi_handler/gen_normal_area.gen_fifo_req.inst_fifo_req/gen_xpm_memory_fifo.inst_fifo/gen_mem_rep[0].inst_xpm_memory/xpm_memory_base_inst/gen_wr_a.gen_word_narrow.mem_reg_0_31_0_5/RAMA/WE
                            (rising edge-triggered cell RAMD32 clocked by clk_fpga_0  {rise@0.000ns fall@5.000ns period=10.000ns})
  Path Group:             clk_fpga_0
  Path Type:              Hold (Min at Fast Process Corner)
  Requirement:            0.000ns  (clk_fpga_0 rise@0.000ns - clk_fpga_0 rise@0.000ns)
  Data Path Delay:        0.345ns  (logic 0.164ns (47.488%)  route 0.181ns (52.512%))
  Logic Levels:           0  
  Clock Path Skew:        0.268ns (DCD - SCD - CPR)
    Destination Clock Delay (DCD):    1.191ns
    Source Clock Delay      (SCD):    0.888ns
    Clock Pessimism Removal (CPR):    0.035ns

    Location             Delay type                Incr(ns)  Path(ns)    Netlist Resource(s)
  -------------------------------------------------------------------    -------------------
                         (clock clk_fpga_0 rise edge)
                                                      0.000     0.000 r  
    PS7_X0Y0             PS7                          0.000     0.000 r  PL_i/processing_system7_0/inst/PS7_i/FCLKCLK[0]
                         net (fo=1, routed)           0.310     0.310    PL_i/processing_system7_0/inst/FCLK_CLK_unbuffered[0]
    BUFGCTRL_X0Y16       BUFG (Prop_bufg_I_O)         0.026     0.336 r  PL_i/processing_system7_0/inst/buffer_fclk_clk_0.FCLK_CLK_0_BUFG/O
                         net (fo=13695, routed)       0.552     0.888    PL_i/axi_smc/inst/s00_nodes/s00_w_node/inst/inst_mi_handler/gen_normal_area.gen_fifo_req.inst_fifo_req/gen_xpm_memory_fifo.inst_fifo/s_sc_aclk
    SLICE_X50Y96         FDRE                                         r  PL_i/axi_smc/inst/s00_nodes/s00_w_node/inst/inst_mi_handler/gen_normal_area.gen_fifo_req.inst_fifo_req/gen_xpm_memory_fifo.inst_fifo/gen_wr.full_r_reg_inv/C
  -------------------------------------------------------------------    -------------------
    SLICE_X50Y96         FDRE (Prop_fdre_C_Q)         0.164     1.052 r  PL_i/axi_smc/inst/s00_nodes/s00_w_node/inst/inst_mi_handler/gen_normal_area.gen_fifo_req.inst_fifo_req/gen_xpm_memory_fifo.inst_fifo/gen_wr.full_r_reg_inv/Q
                         net (fo=8, routed)           0.181     1.233    PL_i/axi_smc/inst/s00_nodes/s00_w_node/inst/inst_mi_handler/gen_normal_area.gen_fifo_req.inst_fifo_req/gen_xpm_memory_fifo.inst_fifo/gen_mem_rep[0].inst_xpm_memory/xpm_memory_base_inst/gen_wr_a.gen_word_narrow.mem_reg_0_31_0_5/WE
    SLICE_X46Y97         RAMD32                                       r  PL_i/axi_smc/inst/s00_nodes/s00_w_node/inst/inst_mi_handler/gen_normal_area.gen_fifo_req.inst_fifo_req/gen_xpm_memory_fifo.inst_fifo/gen_mem_rep[0].inst_xpm_memory/xpm_memory_base_inst/gen_wr_a.gen_word_narrow.mem_reg_0_31_0_5/RAMA/WE
  -------------------------------------------------------------------    -------------------

                         (clock clk_fpga_0 rise edge)
                                                      0.000     0.000 r  
    PS7_X0Y0             PS7                          0.000     0.000 r  PL_i/processing_system7_0/inst/PS7_i/FCLKCLK[0]
                         net (fo=1, routed)           0.337     0.337    PL_i/processing_system7_0/inst/FCLK_CLK_unbuffered[0]
    BUFGCTRL_X0Y16       BUFG (Prop_bufg_I_O)         0.029     0.366 r  PL_i/processing_system7_0/inst/buffer_fclk_clk_0.FCLK_CLK_0_BUFG/O
                         net (fo=13695, routed)       0.825     1.191    PL_i/axi_smc/inst/s00_nodes/s00_w_node/inst/inst_mi_handler/gen_normal_area.gen_fifo_req.inst_fifo_req/gen_xpm_memory_fifo.inst_fifo/gen_mem_rep[0].inst_xpm_memory/xpm_memory_base_inst/gen_wr_a.gen_word_narrow.mem_reg_0_31_0_5/WCLK
    SLICE_X46Y97         RAMD32                                       r  PL_i/axi_smc/inst/s00_nodes/s00_w_node/inst/inst_mi_handler/gen_normal_area.gen_fifo_req.inst_fifo_req/gen_xpm_memory_fifo.inst_fifo/gen_mem_rep[0].inst_xpm_memory/xpm_memory_base_inst/gen_wr_a.gen_word_narrow.mem_reg_0_31_0_5/RAMA/CLK
                         clock pessimism             -0.035     1.156    
    SLICE_X46Y97         RAMD32 (Hold_ramd32_CLK_WE)
                                                      0.048     1.204    PL_i/axi_smc/inst/s00_nodes/s00_w_node/inst/inst_mi_handler/gen_normal_area.gen_fifo_req.inst_fifo_req/gen_xpm_memory_fifo.inst_fifo/gen_mem_rep[0].inst_xpm_memory/xpm_memory_base_inst/gen_wr_a.gen_word_narrow.mem_reg_0_31_0_5/RAMA
  -------------------------------------------------------------------
                         required time                         -1.204    
                         arrival time                           1.233    
  -------------------------------------------------------------------
                         slack                                  0.029    

Slack (MET) :             0.029ns  (arrival time - required time)
  Source:                 PL_i/axi_smc/inst/s00_nodes/s00_w_node/inst/inst_mi_handler/gen_normal_area.gen_fifo_req.inst_fifo_req/gen_xpm_memory_fifo.inst_fifo/gen_wr.full_r_reg_inv/C
                            (rising edge-triggered cell FDRE clocked by clk_fpga_0  {rise@0.000ns fall@5.000ns period=10.000ns})
  Destination:            PL_i/axi_smc/inst/s00_nodes/s00_w_node/inst/inst_mi_handler/gen_normal_area.gen_fifo_req.inst_fifo_req/gen_xpm_memory_fifo.inst_fifo/gen_mem_rep[0].inst_xpm_memory/xpm_memory_base_inst/gen_wr_a.gen_word_narrow.mem_reg_0_31_0_5/RAMA_D1/WE
                            (rising edge-triggered cell RAMD32 clocked by clk_fpga_0  {rise@0.000ns fall@5.000ns period=10.000ns})
  Path Group:             clk_fpga_0
  Path Type:              Hold (Min at Fast Process Corner)
  Requirement:            0.000ns  (clk_fpga_0 rise@0.000ns - clk_fpga_0 rise@0.000ns)
  Data Path Delay:        0.345ns  (logic 0.164ns (47.488%)  route 0.181ns (52.512%))
  Logic Levels:           0  
  Clock Path Skew:        0.268ns (DCD - SCD - CPR)
    Destination Clock Delay (DCD):    1.191ns
    Source Clock Delay      (SCD):    0.888ns
    Clock Pessimism Removal (CPR):    0.035ns

    Location             Delay type                Incr(ns)  Path(ns)    Netlist Resource(s)
  -------------------------------------------------------------------    -------------------
                         (clock clk_fpga_0 rise edge)
                                                      0.000     0.000 r  
    PS7_X0Y0             PS7                          0.000     0.000 r  PL_i/processing_system7_0/inst/PS7_i/FCLKCLK[0]
                         net (fo=1, routed)           0.310     0.310    PL_i/processing_system7_0/inst/FCLK_CLK_unbuffered[0]
    BUFGCTRL_X0Y16       BUFG (Prop_bufg_I_O)         0.026     0.336 r  PL_i/processing_system7_0/inst/buffer_fclk_clk_0.FCLK_CLK_0_BUFG/O
                         net (fo=13695, routed)       0.552     0.888    PL_i/axi_smc/inst/s00_nodes/s00_w_node/inst/inst_mi_handler/gen_normal_area.gen_fifo_req.inst_fifo_req/gen_xpm_memory_fifo.inst_fifo/s_sc_aclk
    SLICE_X50Y96         FDRE                                         r  PL_i/axi_smc/inst/s00_nodes/s00_w_node/inst/inst_mi_handler/gen_normal_area.gen_fifo_req.inst_fifo_req/gen_xpm_memory_fifo.inst_fifo/gen_wr.full_r_reg_inv/C
  -------------------------------------------------------------------    -------------------
    SLICE_X50Y96         FDRE (Prop_fdre_C_Q)         0.164     1.052 r  PL_i/axi_smc/inst/s00_nodes/s00_w_node/inst/inst_mi_handler/gen_normal_area.gen_fifo_req.inst_fifo_req/gen_xpm_memory_fifo.inst_fifo/gen_wr.full_r_reg_inv/Q
                         net (fo=8, routed)           0.181     1.233    PL_i/axi_smc/inst/s00_nodes/s00_w_node/inst/inst_mi_handler/gen_normal_area.gen_fifo_req.inst_fifo_req/gen_xpm_memory_fifo.inst_fifo/gen_mem_rep[0].inst_xpm_memory/xpm_memory_base_inst/gen_wr_a.gen_word_narrow.mem_reg_0_31_0_5/WE
    SLICE_X46Y97         RAMD32                                       r  PL_i/axi_smc/inst/s00_nodes/s00_w_node/inst/inst_mi_handler/gen_normal_area.gen_fifo_req.inst_fifo_req/gen_xpm_memory_fifo.inst_fifo/gen_mem_rep[0].inst_xpm_memory/xpm_memory_base_inst/gen_wr_a.gen_word_narrow.mem_reg_0_31_0_5/RAMA_D1/WE
  -------------------------------------------------------------------    -------------------

                         (clock clk_fpga_0 rise edge)
                                                      0.000     0.000 r  
    PS7_X0Y0             PS7                          0.000     0.000 r  PL_i/processing_system7_0/inst/PS7_i/FCLKCLK[0]
                         net (fo=1, routed)           0.337     0.337    PL_i/processing_system7_0/inst/FCLK_CLK_unbuffered[0]
    BUFGCTRL_X0Y16       BUFG (Prop_bufg_I_O)         0.029     0.366 r  PL_i/processing_system7_0/inst/buffer_fclk_clk_0.FCLK_CLK_0_BUFG/O
                         net (fo=13695, routed)       0.825     1.191    PL_i/axi_smc/inst/s00_nodes/s00_w_node/inst/inst_mi_handler/gen_normal_area.gen_fifo_req.inst_fifo_req/gen_xpm_memory_fifo.inst_fifo/gen_mem_rep[0].inst_xpm_memory/xpm_memory_base_inst/gen_wr_a.gen_word_narrow.mem_reg_0_31_0_5/WCLK
    SLICE_X46Y97         RAMD32                                       r  PL_i/axi_smc/inst/s00_nodes/s00_w_node/inst/inst_mi_handler/gen_normal_area.gen_fifo_req.inst_fifo_req/gen_xpm_memory_fifo.inst_fifo/gen_mem_rep[0].inst_xpm_memory/xpm_memory_base_inst/gen_wr_a.gen_word_narrow.mem_reg_0_31_0_5/RAMA_D1/CLK
                         clock pessimism             -0.035     1.156    
    SLICE_X46Y97         RAMD32 (Hold_ramd32_CLK_WE)
                                                      0.048     1.204    PL_i/axi_smc/inst/s00_nodes/s00_w_node/inst/inst_mi_handler/gen_normal_area.gen_fifo_req.inst_fifo_req/gen_xpm_memory_fifo.inst_fifo/gen_mem_rep[0].inst_xpm_memory/xpm_memory_base_inst/gen_wr_a.gen_word_narrow.mem_reg_0_31_0_5/RAMA_D1
  -------------------------------------------------------------------
                         required time                         -1.204    
                         arrival time                           1.233    
  -------------------------------------------------------------------
                         slack                                  0.029    

Slack (MET) :             0.029ns  (arrival time - required time)
  Source:                 PL_i/axi_smc/inst/s00_nodes/s00_w_node/inst/inst_mi_handler/gen_normal_area.gen_fifo_req.inst_fifo_req/gen_xpm_memory_fifo.inst_fifo/gen_wr.full_r_reg_inv/C
                            (rising edge-triggered cell FDRE clocked by clk_fpga_0  {rise@0.000ns fall@5.000ns period=10.000ns})
  Destination:            PL_i/axi_smc/inst/s00_nodes/s00_w_node/inst/inst_mi_handler/gen_normal_area.gen_fifo_req.inst_fifo_req/gen_xpm_memory_fifo.inst_fifo/gen_mem_rep[0].inst_xpm_memory/xpm_memory_base_inst/gen_wr_a.gen_word_narrow.mem_reg_0_31_0_5/RAMB/WE
                            (rising edge-triggered cell RAMD32 clocked by clk_fpga_0  {rise@0.000ns fall@5.000ns period=10.000ns})
  Path Group:             clk_fpga_0
  Path Type:              Hold (Min at Fast Process Corner)
  Requirement:            0.000ns  (clk_fpga_0 rise@0.000ns - clk_fpga_0 rise@0.000ns)
  Data Path Delay:        0.345ns  (logic 0.164ns (47.488%)  route 0.181ns (52.512%))
  Logic Levels:           0  
  Clock Path Skew:        0.268ns (DCD - SCD - CPR)
    Destination Clock Delay (DCD):    1.191ns
    Source Clock Delay      (SCD):    0.888ns
    Clock Pessimism Removal (CPR):    0.035ns

    Location             Delay type                Incr(ns)  Path(ns)    Netlist Resource(s)
  -------------------------------------------------------------------    -------------------
                         (clock clk_fpga_0 rise edge)
                                                      0.000     0.000 r  
    PS7_X0Y0             PS7                          0.000     0.000 r  PL_i/processing_system7_0/inst/PS7_i/FCLKCLK[0]
                         net (fo=1, routed)           0.310     0.310    PL_i/processing_system7_0/inst/FCLK_CLK_unbuffered[0]
    BUFGCTRL_X0Y16       BUFG (Prop_bufg_I_O)         0.026     0.336 r  PL_i/processing_system7_0/inst/buffer_fclk_clk_0.FCLK_CLK_0_BUFG/O
                         net (fo=13695, routed)       0.552     0.888    PL_i/axi_smc/inst/s00_nodes/s00_w_node/inst/inst_mi_handler/gen_normal_area.gen_fifo_req.inst_fifo_req/gen_xpm_memory_fifo.inst_fifo/s_sc_aclk
    SLICE_X50Y96         FDRE                                         r  PL_i/axi_smc/inst/s00_nodes/s00_w_node/inst/inst_mi_handler/gen_normal_area.gen_fifo_req.inst_fifo_req/gen_xpm_memory_fifo.inst_fifo/gen_wr.full_r_reg_inv/C
  -------------------------------------------------------------------    -------------------
    SLICE_X50Y96         FDRE (Prop_fdre_C_Q)         0.164     1.052 r  PL_i/axi_smc/inst/s00_nodes/s00_w_node/inst/inst_mi_handler/gen_normal_area.gen_fifo_req.inst_fifo_req/gen_xpm_memory_fifo.inst_fifo/gen_wr.full_r_reg_inv/Q
                         net (fo=8, routed)           0.181     1.233    PL_i/axi_smc/inst/s00_nodes/s00_w_node/inst/inst_mi_handler/gen_normal_area.gen_fifo_req.inst_fifo_req/gen_xpm_memory_fifo.inst_fifo/gen_mem_rep[0].inst_xpm_memory/xpm_memory_base_inst/gen_wr_a.gen_word_narrow.mem_reg_0_31_0_5/WE
    SLICE_X46Y97         RAMD32                                       r  PL_i/axi_smc/inst/s00_nodes/s00_w_node/inst/inst_mi_handler/gen_normal_area.gen_fifo_req.inst_fifo_req/gen_xpm_memory_fifo.inst_fifo/gen_mem_rep[0].inst_xpm_memory/xpm_memory_base_inst/gen_wr_a.gen_word_narrow.mem_reg_0_31_0_5/RAMB/WE
  -------------------------------------------------------------------    -------------------

                         (clock clk_fpga_0 rise edge)
                                                      0.000     0.000 r  
    PS7_X0Y0             PS7                          0.000     0.000 r  PL_i/processing_system7_0/inst/PS7_i/FCLKCLK[0]
                         net (fo=1, routed)           0.337     0.337    PL_i/processing_system7_0/inst/FCLK_CLK_unbuffered[0]
    BUFGCTRL_X0Y16       BUFG (Prop_bufg_I_O)         0.029     0.366 r  PL_i/processing_system7_0/inst/buffer_fclk_clk_0.FCLK_CLK_0_BUFG/O
                         net (fo=13695, routed)       0.825     1.191    PL_i/axi_smc/inst/s00_nodes/s00_w_node/inst/inst_mi_handler/gen_normal_area.gen_fifo_req.inst_fifo_req/gen_xpm_memory_fifo.inst_fifo/gen_mem_rep[0].inst_xpm_memory/xpm_memory_base_inst/gen_wr_a.gen_word_narrow.mem_reg_0_31_0_5/WCLK
    SLICE_X46Y97         RAMD32                                       r  PL_i/axi_smc/inst/s00_nodes/s00_w_node/inst/inst_mi_handler/gen_normal_area.gen_fifo_req.inst_fifo_req/gen_xpm_memory_fifo.inst_fifo/gen_mem_rep[0].inst_xpm_memory/xpm_memory_base_inst/gen_wr_a.gen_word_narrow.mem_reg_0_31_0_5/RAMB/CLK
                         clock pessimism             -0.035     1.156    
    SLICE_X46Y97         RAMD32 (Hold_ramd32_CLK_WE)
                                                      0.048     1.204    PL_i/axi_smc/inst/s00_nodes/s00_w_node/inst/inst_mi_handler/gen_normal_area.gen_fifo_req.inst_fifo_req/gen_xpm_memory_fifo.inst_fifo/gen_mem_rep[0].inst_xpm_memory/xpm_memory_base_inst/gen_wr_a.gen_word_narrow.mem_reg_0_31_0_5/RAMB
  -------------------------------------------------------------------
                         required time                         -1.204    
                         arrival time                           1.233    
  -------------------------------------------------------------------
                         slack                                  0.029    

Slack (MET) :             0.029ns  (arrival time - required time)
  Source:                 PL_i/axi_smc/inst/s00_nodes/s00_w_node/inst/inst_mi_handler/gen_normal_area.gen_fifo_req.inst_fifo_req/gen_xpm_memory_fifo.inst_fifo/gen_wr.full_r_reg_inv/C
                            (rising edge-triggered cell FDRE clocked by clk_fpga_0  {rise@0.000ns fall@5.000ns period=10.000ns})
  Destination:            PL_i/axi_smc/inst/s00_nodes/s00_w_node/inst/inst_mi_handler/gen_normal_area.gen_fifo_req.inst_fifo_req/gen_xpm_memory_fifo.inst_fifo/gen_mem_rep[0].inst_xpm_memory/xpm_memory_base_inst/gen_wr_a.gen_word_narrow.mem_reg_0_31_0_5/RAMB_D1/WE
                            (rising edge-triggered cell RAMD32 clocked by clk_fpga_0  {rise@0.000ns fall@5.000ns period=10.000ns})
  Path Group:             clk_fpga_0
  Path Type:              Hold (Min at Fast Process Corner)
  Requirement:            0.000ns  (clk_fpga_0 rise@0.000ns - clk_fpga_0 rise@0.000ns)
  Data Path Delay:        0.345ns  (logic 0.164ns (47.488%)  route 0.181ns (52.512%))
  Logic Levels:           0  
  Clock Path Skew:        0.268ns (DCD - SCD - CPR)
    Destination Clock Delay (DCD):    1.191ns
    Source Clock Delay      (SCD):    0.888ns
    Clock Pessimism Removal (CPR):    0.035ns

    Location             Delay type                Incr(ns)  Path(ns)    Netlist Resource(s)
  -------------------------------------------------------------------    -------------------
                         (clock clk_fpga_0 rise edge)
                                                      0.000     0.000 r  
    PS7_X0Y0             PS7                          0.000     0.000 r  PL_i/processing_system7_0/inst/PS7_i/FCLKCLK[0]
                         net (fo=1, routed)           0.310     0.310    PL_i/processing_system7_0/inst/FCLK_CLK_unbuffered[0]
    BUFGCTRL_X0Y16       BUFG (Prop_bufg_I_O)         0.026     0.336 r  PL_i/processing_system7_0/inst/buffer_fclk_clk_0.FCLK_CLK_0_BUFG/O
                         net (fo=13695, routed)       0.552     0.888    PL_i/axi_smc/inst/s00_nodes/s00_w_node/inst/inst_mi_handler/gen_normal_area.gen_fifo_req.inst_fifo_req/gen_xpm_memory_fifo.inst_fifo/s_sc_aclk
    SLICE_X50Y96         FDRE                                         r  PL_i/axi_smc/inst/s00_nodes/s00_w_node/inst/inst_mi_handler/gen_normal_area.gen_fifo_req.inst_fifo_req/gen_xpm_memory_fifo.inst_fifo/gen_wr.full_r_reg_inv/C
  -------------------------------------------------------------------    -------------------
    SLICE_X50Y96         FDRE (Prop_fdre_C_Q)         0.164     1.052 r  PL_i/axi_smc/inst/s00_nodes/s00_w_node/inst/inst_mi_handler/gen_normal_area.gen_fifo_req.inst_fifo_req/gen_xpm_memory_fifo.inst_fifo/gen_wr.full_r_reg_inv/Q
                         net (fo=8, routed)           0.181     1.233    PL_i/axi_smc/inst/s00_nodes/s00_w_node/inst/inst_mi_handler/gen_normal_area.gen_fifo_req.inst_fifo_req/gen_xpm_memory_fifo.inst_fifo/gen_mem_rep[0].inst_xpm_memory/xpm_memory_base_inst/gen_wr_a.gen_word_narrow.mem_reg_0_31_0_5/WE
    SLICE_X46Y97         RAMD32                                       r  PL_i/axi_smc/inst/s00_nodes/s00_w_node/inst/inst_mi_handler/gen_normal_area.gen_fifo_req.inst_fifo_req/gen_xpm_memory_fifo.inst_fifo/gen_mem_rep[0].inst_xpm_memory/xpm_memory_base_inst/gen_wr_a.gen_word_narrow.mem_reg_0_31_0_5/RAMB_D1/WE
  -------------------------------------------------------------------    -------------------

                         (clock clk_fpga_0 rise edge)
                                                      0.000     0.000 r  
    PS7_X0Y0             PS7                          0.000     0.000 r  PL_i/processing_system7_0/inst/PS7_i/FCLKCLK[0]
                         net (fo=1, routed)           0.337     0.337    PL_i/processing_system7_0/inst/FCLK_CLK_unbuffered[0]
    BUFGCTRL_X0Y16       BUFG (Prop_bufg_I_O)         0.029     0.366 r  PL_i/processing_system7_0/inst/buffer_fclk_clk_0.FCLK_CLK_0_BUFG/O
                         net (fo=13695, routed)       0.825     1.191    PL_i/axi_smc/inst/s00_nodes/s00_w_node/inst/inst_mi_handler/gen_normal_area.gen_fifo_req.inst_fifo_req/gen_xpm_memory_fifo.inst_fifo/gen_mem_rep[0].inst_xpm_memory/xpm_memory_base_inst/gen_wr_a.gen_word_narrow.mem_reg_0_31_0_5/WCLK
    SLICE_X46Y97         RAMD32                                       r  PL_i/axi_smc/inst/s00_nodes/s00_w_node/inst/inst_mi_handler/gen_normal_area.gen_fifo_req.inst_fifo_req/gen_xpm_memory_fifo.inst_fifo/gen_mem_rep[0].inst_xpm_memory/xpm_memory_base_inst/gen_wr_a.gen_word_narrow.mem_reg_0_31_0_5/RAMB_D1/CLK
                         clock pessimism             -0.035     1.156    
    SLICE_X46Y97         RAMD32 (Hold_ramd32_CLK_WE)
                                                      0.048     1.204    PL_i/axi_smc/inst/s00_nodes/s00_w_node/inst/inst_mi_handler/gen_normal_area.gen_fifo_req.inst_fifo_req/gen_xpm_memory_fifo.inst_fifo/gen_mem_rep[0].inst_xpm_memory/xpm_memory_base_inst/gen_wr_a.gen_word_narrow.mem_reg_0_31_0_5/RAMB_D1
  -------------------------------------------------------------------
                         required time                         -1.204    
                         arrival time                           1.233    
  -------------------------------------------------------------------
                         slack                                  0.029    

Slack (MET) :             0.029ns  (arrival time - required time)
  Source:                 PL_i/axi_smc/inst/s00_nodes/s00_w_node/inst/inst_mi_handler/gen_normal_area.gen_fifo_req.inst_fifo_req/gen_xpm_memory_fifo.inst_fifo/gen_wr.full_r_reg_inv/C
                            (rising edge-triggered cell FDRE clocked by clk_fpga_0  {rise@0.000ns fall@5.000ns period=10.000ns})
  Destination:            PL_i/axi_smc/inst/s00_nodes/s00_w_node/inst/inst_mi_handler/gen_normal_area.gen_fifo_req.inst_fifo_req/gen_xpm_memory_fifo.inst_fifo/gen_mem_rep[0].inst_xpm_memory/xpm_memory_base_inst/gen_wr_a.gen_word_narrow.mem_reg_0_31_0_5/RAMC/WE
                            (rising edge-triggered cell RAMD32 clocked by clk_fpga_0  {rise@0.000ns fall@5.000ns period=10.000ns})
  Path Group:             clk_fpga_0
  Path Type:              Hold (Min at Fast Process Corner)
  Requirement:            0.000ns  (clk_fpga_0 rise@0.000ns - clk_fpga_0 rise@0.000ns)
  Data Path Delay:        0.345ns  (logic 0.164ns (47.488%)  route 0.181ns (52.512%))
  Logic Levels:           0  
  Clock Path Skew:        0.268ns (DCD - SCD - CPR)
    Destination Clock Delay (DCD):    1.191ns
    Source Clock Delay      (SCD):    0.888ns
    Clock Pessimism Removal (CPR):    0.035ns

    Location             Delay type                Incr(ns)  Path(ns)    Netlist Resource(s)
  -------------------------------------------------------------------    -------------------
                         (clock clk_fpga_0 rise edge)
                                                      0.000     0.000 r  
    PS7_X0Y0             PS7                          0.000     0.000 r  PL_i/processing_system7_0/inst/PS7_i/FCLKCLK[0]
                         net (fo=1, routed)           0.310     0.310    PL_i/processing_system7_0/inst/FCLK_CLK_unbuffered[0]
    BUFGCTRL_X0Y16       BUFG (Prop_bufg_I_O)         0.026     0.336 r  PL_i/processing_system7_0/inst/buffer_fclk_clk_0.FCLK_CLK_0_BUFG/O
                         net (fo=13695, routed)       0.552     0.888    PL_i/axi_smc/inst/s00_nodes/s00_w_node/inst/inst_mi_handler/gen_normal_area.gen_fifo_req.inst_fifo_req/gen_xpm_memory_fifo.inst_fifo/s_sc_aclk
    SLICE_X50Y96         FDRE                                         r  PL_i/axi_smc/inst/s00_nodes/s00_w_node/inst/inst_mi_handler/gen_normal_area.gen_fifo_req.inst_fifo_req/gen_xpm_memory_fifo.inst_fifo/gen_wr.full_r_reg_inv/C
  -------------------------------------------------------------------    -------------------
    SLICE_X50Y96         FDRE (Prop_fdre_C_Q)         0.164     1.052 r  PL_i/axi_smc/inst/s00_nodes/s00_w_node/inst/inst_mi_handler/gen_normal_area.gen_fifo_req.inst_fifo_req/gen_xpm_memory_fifo.inst_fifo/gen_wr.full_r_reg_inv/Q
                         net (fo=8, routed)           0.181     1.233    PL_i/axi_smc/inst/s00_nodes/s00_w_node/inst/inst_mi_handler/gen_normal_area.gen_fifo_req.inst_fifo_req/gen_xpm_memory_fifo.inst_fifo/gen_mem_rep[0].inst_xpm_memory/xpm_memory_base_inst/gen_wr_a.gen_word_narrow.mem_reg_0_31_0_5/WE
    SLICE_X46Y97         RAMD32                                       r  PL_i/axi_smc/inst/s00_nodes/s00_w_node/inst/inst_mi_handler/gen_normal_area.gen_fifo_req.inst_fifo_req/gen_xpm_memory_fifo.inst_fifo/gen_mem_rep[0].inst_xpm_memory/xpm_memory_base_inst/gen_wr_a.gen_word_narrow.mem_reg_0_31_0_5/RAMC/WE
  -------------------------------------------------------------------    -------------------

                         (clock clk_fpga_0 rise edge)
                                                      0.000     0.000 r  
    PS7_X0Y0             PS7                          0.000     0.000 r  PL_i/processing_system7_0/inst/PS7_i/FCLKCLK[0]
                         net (fo=1, routed)           0.337     0.337    PL_i/processing_system7_0/inst/FCLK_CLK_unbuffered[0]
    BUFGCTRL_X0Y16       BUFG (Prop_bufg_I_O)         0.029     0.366 r  PL_i/processing_system7_0/inst/buffer_fclk_clk_0.FCLK_CLK_0_BUFG/O
                         net (fo=13695, routed)       0.825     1.191    PL_i/axi_smc/inst/s00_nodes/s00_w_node/inst/inst_mi_handler/gen_normal_area.gen_fifo_req.inst_fifo_req/gen_xpm_memory_fifo.inst_fifo/gen_mem_rep[0].inst_xpm_memory/xpm_memory_base_inst/gen_wr_a.gen_word_narrow.mem_reg_0_31_0_5/WCLK
    SLICE_X46Y97         RAMD32                                       r  PL_i/axi_smc/inst/s00_nodes/s00_w_node/inst/inst_mi_handler/gen_normal_area.gen_fifo_req.inst_fifo_req/gen_xpm_memory_fifo.inst_fifo/gen_mem_rep[0].inst_xpm_memory/xpm_memory_base_inst/gen_wr_a.gen_word_narrow.mem_reg_0_31_0_5/RAMC/CLK
                         clock pessimism             -0.035     1.156    
    SLICE_X46Y97         RAMD32 (Hold_ramd32_CLK_WE)
                                                      0.048     1.204    PL_i/axi_smc/inst/s00_nodes/s00_w_node/inst/inst_mi_handler/gen_normal_area.gen_fifo_req.inst_fifo_req/gen_xpm_memory_fifo.inst_fifo/gen_mem_rep[0].inst_xpm_memory/xpm_memory_base_inst/gen_wr_a.gen_word_narrow.mem_reg_0_31_0_5/RAMC
  -------------------------------------------------------------------
                         required time                         -1.204    
                         arrival time                           1.233    
  -------------------------------------------------------------------
                         slack                                  0.029    

Slack (MET) :             0.029ns  (arrival time - required time)
  Source:                 PL_i/axi_smc/inst/s00_nodes/s00_w_node/inst/inst_mi_handler/gen_normal_area.gen_fifo_req.inst_fifo_req/gen_xpm_memory_fifo.inst_fifo/gen_wr.full_r_reg_inv/C
                            (rising edge-triggered cell FDRE clocked by clk_fpga_0  {rise@0.000ns fall@5.000ns period=10.000ns})
  Destination:            PL_i/axi_smc/inst/s00_nodes/s00_w_node/inst/inst_mi_handler/gen_normal_area.gen_fifo_req.inst_fifo_req/gen_xpm_memory_fifo.inst_fifo/gen_mem_rep[0].inst_xpm_memory/xpm_memory_base_inst/gen_wr_a.gen_word_narrow.mem_reg_0_31_0_5/RAMC_D1/WE
                            (rising edge-triggered cell RAMD32 clocked by clk_fpga_0  {rise@0.000ns fall@5.000ns period=10.000ns})
  Path Group:             clk_fpga_0
  Path Type:              Hold (Min at Fast Process Corner)
  Requirement:            0.000ns  (clk_fpga_0 rise@0.000ns - clk_fpga_0 rise@0.000ns)
  Data Path Delay:        0.345ns  (logic 0.164ns (47.488%)  route 0.181ns (52.512%))
  Logic Levels:           0  
  Clock Path Skew:        0.268ns (DCD - SCD - CPR)
    Destination Clock Delay (DCD):    1.191ns
    Source Clock Delay      (SCD):    0.888ns
    Clock Pessimism Removal (CPR):    0.035ns

    Location             Delay type                Incr(ns)  Path(ns)    Netlist Resource(s)
  -------------------------------------------------------------------    -------------------
                         (clock clk_fpga_0 rise edge)
                                                      0.000     0.000 r  
    PS7_X0Y0             PS7                          0.000     0.000 r  PL_i/processing_system7_0/inst/PS7_i/FCLKCLK[0]
                         net (fo=1, routed)           0.310     0.310    PL_i/processing_system7_0/inst/FCLK_CLK_unbuffered[0]
    BUFGCTRL_X0Y16       BUFG (Prop_bufg_I_O)         0.026     0.336 r  PL_i/processing_system7_0/inst/buffer_fclk_clk_0.FCLK_CLK_0_BUFG/O
                         net (fo=13695, routed)       0.552     0.888    PL_i/axi_smc/inst/s00_nodes/s00_w_node/inst/inst_mi_handler/gen_normal_area.gen_fifo_req.inst_fifo_req/gen_xpm_memory_fifo.inst_fifo/s_sc_aclk
    SLICE_X50Y96         FDRE                                         r  PL_i/axi_smc/inst/s00_nodes/s00_w_node/inst/inst_mi_handler/gen_normal_area.gen_fifo_req.inst_fifo_req/gen_xpm_memory_fifo.inst_fifo/gen_wr.full_r_reg_inv/C
  -------------------------------------------------------------------    -------------------
    SLICE_X50Y96         FDRE (Prop_fdre_C_Q)         0.164     1.052 r  PL_i/axi_smc/inst/s00_nodes/s00_w_node/inst/inst_mi_handler/gen_normal_area.gen_fifo_req.inst_fifo_req/gen_xpm_memory_fifo.inst_fifo/gen_wr.full_r_reg_inv/Q
                         net (fo=8, routed)           0.181     1.233    PL_i/axi_smc/inst/s00_nodes/s00_w_node/inst/inst_mi_handler/gen_normal_area.gen_fifo_req.inst_fifo_req/gen_xpm_memory_fifo.inst_fifo/gen_mem_rep[0].inst_xpm_memory/xpm_memory_base_inst/gen_wr_a.gen_word_narrow.mem_reg_0_31_0_5/WE
    SLICE_X46Y97         RAMD32                                       r  PL_i/axi_smc/inst/s00_nodes/s00_w_node/inst/inst_mi_handler/gen_normal_area.gen_fifo_req.inst_fifo_req/gen_xpm_memory_fifo.inst_fifo/gen_mem_rep[0].inst_xpm_memory/xpm_memory_base_inst/gen_wr_a.gen_word_narrow.mem_reg_0_31_0_5/RAMC_D1/WE
  -------------------------------------------------------------------    -------------------

                         (clock clk_fpga_0 rise edge)
                                                      0.000     0.000 r  
    PS7_X0Y0             PS7                          0.000     0.000 r  PL_i/processing_system7_0/inst/PS7_i/FCLKCLK[0]
                         net (fo=1, routed)           0.337     0.337    PL_i/processing_system7_0/inst/FCLK_CLK_unbuffered[0]
    BUFGCTRL_X0Y16       BUFG (Prop_bufg_I_O)         0.029     0.366 r  PL_i/processing_system7_0/inst/buffer_fclk_clk_0.FCLK_CLK_0_BUFG/O
                         net (fo=13695, routed)       0.825     1.191    PL_i/axi_smc/inst/s00_nodes/s00_w_node/inst/inst_mi_handler/gen_normal_area.gen_fifo_req.inst_fifo_req/gen_xpm_memory_fifo.inst_fifo/gen_mem_rep[0].inst_xpm_memory/xpm_memory_base_inst/gen_wr_a.gen_word_narrow.mem_reg_0_31_0_5/WCLK
    SLICE_X46Y97         RAMD32                                       r  PL_i/axi_smc/inst/s00_nodes/s00_w_node/inst/inst_mi_handler/gen_normal_area.gen_fifo_req.inst_fifo_req/gen_xpm_memory_fifo.inst_fifo/gen_mem_rep[0].inst_xpm_memory/xpm_memory_base_inst/gen_wr_a.gen_word_narrow.mem_reg_0_31_0_5/RAMC_D1/CLK
                         clock pessimism             -0.035     1.156    
    SLICE_X46Y97         RAMD32 (Hold_ramd32_CLK_WE)
                                                      0.048     1.204    PL_i/axi_smc/inst/s00_nodes/s00_w_node/inst/inst_mi_handler/gen_normal_area.gen_fifo_req.inst_fifo_req/gen_xpm_memory_fifo.inst_fifo/gen_mem_rep[0].inst_xpm_memory/xpm_memory_base_inst/gen_wr_a.gen_word_narrow.mem_reg_0_31_0_5/RAMC_D1
  -------------------------------------------------------------------
                         required time                         -1.204    
                         arrival time                           1.233    
  -------------------------------------------------------------------
                         slack                                  0.029    

Slack (MET) :             0.029ns  (arrival time - required time)
  Source:                 PL_i/axi_smc/inst/s00_nodes/s00_w_node/inst/inst_mi_handler/gen_normal_area.gen_fifo_req.inst_fifo_req/gen_xpm_memory_fifo.inst_fifo/gen_wr.full_r_reg_inv/C
                            (rising edge-triggered cell FDRE clocked by clk_fpga_0  {rise@0.000ns fall@5.000ns period=10.000ns})
  Destination:            PL_i/axi_smc/inst/s00_nodes/s00_w_node/inst/inst_mi_handler/gen_normal_area.gen_fifo_req.inst_fifo_req/gen_xpm_memory_fifo.inst_fifo/gen_mem_rep[0].inst_xpm_memory/xpm_memory_base_inst/gen_wr_a.gen_word_narrow.mem_reg_0_31_0_5/RAMD/WE
                            (rising edge-triggered cell RAMS32 clocked by clk_fpga_0  {rise@0.000ns fall@5.000ns period=10.000ns})
  Path Group:             clk_fpga_0
  Path Type:              Hold (Min at Fast Process Corner)
  Requirement:            0.000ns  (clk_fpga_0 rise@0.000ns - clk_fpga_0 rise@0.000ns)
  Data Path Delay:        0.345ns  (logic 0.164ns (47.488%)  route 0.181ns (52.512%))
  Logic Levels:           0  
  Clock Path Skew:        0.268ns (DCD - SCD - CPR)
    Destination Clock Delay (DCD):    1.191ns
    Source Clock Delay      (SCD):    0.888ns
    Clock Pessimism Removal (CPR):    0.035ns

    Location             Delay type                Incr(ns)  Path(ns)    Netlist Resource(s)
  -------------------------------------------------------------------    -------------------
                         (clock clk_fpga_0 rise edge)
                                                      0.000     0.000 r  
    PS7_X0Y0             PS7                          0.000     0.000 r  PL_i/processing_system7_0/inst/PS7_i/FCLKCLK[0]
                         net (fo=1, routed)           0.310     0.310    PL_i/processing_system7_0/inst/FCLK_CLK_unbuffered[0]
    BUFGCTRL_X0Y16       BUFG (Prop_bufg_I_O)         0.026     0.336 r  PL_i/processing_system7_0/inst/buffer_fclk_clk_0.FCLK_CLK_0_BUFG/O
                         net (fo=13695, routed)       0.552     0.888    PL_i/axi_smc/inst/s00_nodes/s00_w_node/inst/inst_mi_handler/gen_normal_area.gen_fifo_req.inst_fifo_req/gen_xpm_memory_fifo.inst_fifo/s_sc_aclk
    SLICE_X50Y96         FDRE                                         r  PL_i/axi_smc/inst/s00_nodes/s00_w_node/inst/inst_mi_handler/gen_normal_area.gen_fifo_req.inst_fifo_req/gen_xpm_memory_fifo.inst_fifo/gen_wr.full_r_reg_inv/C
  -------------------------------------------------------------------    -------------------
    SLICE_X50Y96         FDRE (Prop_fdre_C_Q)         0.164     1.052 r  PL_i/axi_smc/inst/s00_nodes/s00_w_node/inst/inst_mi_handler/gen_normal_area.gen_fifo_req.inst_fifo_req/gen_xpm_memory_fifo.inst_fifo/gen_wr.full_r_reg_inv/Q
                         net (fo=8, routed)           0.181     1.233    PL_i/axi_smc/inst/s00_nodes/s00_w_node/inst/inst_mi_handler/gen_normal_area.gen_fifo_req.inst_fifo_req/gen_xpm_memory_fifo.inst_fifo/gen_mem_rep[0].inst_xpm_memory/xpm_memory_base_inst/gen_wr_a.gen_word_narrow.mem_reg_0_31_0_5/WE
    SLICE_X46Y97         RAMS32                                       r  PL_i/axi_smc/inst/s00_nodes/s00_w_node/inst/inst_mi_handler/gen_normal_area.gen_fifo_req.inst_fifo_req/gen_xpm_memory_fifo.inst_fifo/gen_mem_rep[0].inst_xpm_memory/xpm_memory_base_inst/gen_wr_a.gen_word_narrow.mem_reg_0_31_0_5/RAMD/WE
  -------------------------------------------------------------------    -------------------

                         (clock clk_fpga_0 rise edge)
                                                      0.000     0.000 r  
    PS7_X0Y0             PS7                          0.000     0.000 r  PL_i/processing_system7_0/inst/PS7_i/FCLKCLK[0]
                         net (fo=1, routed)           0.337     0.337    PL_i/processing_system7_0/inst/FCLK_CLK_unbuffered[0]
    BUFGCTRL_X0Y16       BUFG (Prop_bufg_I_O)         0.029     0.366 r  PL_i/processing_system7_0/inst/buffer_fclk_clk_0.FCLK_CLK_0_BUFG/O
                         net (fo=13695, routed)       0.825     1.191    PL_i/axi_smc/inst/s00_nodes/s00_w_node/inst/inst_mi_handler/gen_normal_area.gen_fifo_req.inst_fifo_req/gen_xpm_memory_fifo.inst_fifo/gen_mem_rep[0].inst_xpm_memory/xpm_memory_base_inst/gen_wr_a.gen_word_narrow.mem_reg_0_31_0_5/WCLK
    SLICE_X46Y97         RAMS32                                       r  PL_i/axi_smc/inst/s00_nodes/s00_w_node/inst/inst_mi_handler/gen_normal_area.gen_fifo_req.inst_fifo_req/gen_xpm_memory_fifo.inst_fifo/gen_mem_rep[0].inst_xpm_memory/xpm_memory_base_inst/gen_wr_a.gen_word_narrow.mem_reg_0_31_0_5/RAMD/CLK
                         clock pessimism             -0.035     1.156    
    SLICE_X46Y97         RAMS32 (Hold_rams32_CLK_WE)
                                                      0.048     1.204    PL_i/axi_smc/inst/s00_nodes/s00_w_node/inst/inst_mi_handler/gen_normal_area.gen_fifo_req.inst_fifo_req/gen_xpm_memory_fifo.inst_fifo/gen_mem_rep[0].inst_xpm_memory/xpm_memory_base_inst/gen_wr_a.gen_word_narrow.mem_reg_0_31_0_5/RAMD
  -------------------------------------------------------------------
                         required time                         -1.204    
                         arrival time                           1.233    
  -------------------------------------------------------------------
                         slack                                  0.029    

Slack (MET) :             0.029ns  (arrival time - required time)
  Source:                 PL_i/axi_smc/inst/s00_nodes/s00_w_node/inst/inst_mi_handler/gen_normal_area.gen_fifo_req.inst_fifo_req/gen_xpm_memory_fifo.inst_fifo/gen_wr.full_r_reg_inv/C
                            (rising edge-triggered cell FDRE clocked by clk_fpga_0  {rise@0.000ns fall@5.000ns period=10.000ns})
  Destination:            PL_i/axi_smc/inst/s00_nodes/s00_w_node/inst/inst_mi_handler/gen_normal_area.gen_fifo_req.inst_fifo_req/gen_xpm_memory_fifo.inst_fifo/gen_mem_rep[0].inst_xpm_memory/xpm_memory_base_inst/gen_wr_a.gen_word_narrow.mem_reg_0_31_0_5/RAMD_D1/WE
                            (rising edge-triggered cell RAMS32 clocked by clk_fpga_0  {rise@0.000ns fall@5.000ns period=10.000ns})
  Path Group:             clk_fpga_0
  Path Type:              Hold (Min at Fast Process Corner)
  Requirement:            0.000ns  (clk_fpga_0 rise@0.000ns - clk_fpga_0 rise@0.000ns)
  Data Path Delay:        0.345ns  (logic 0.164ns (47.488%)  route 0.181ns (52.512%))
  Logic Levels:           0  
  Clock Path Skew:        0.268ns (DCD - SCD - CPR)
    Destination Clock Delay (DCD):    1.191ns
    Source Clock Delay      (SCD):    0.888ns
    Clock Pessimism Removal (CPR):    0.035ns

    Location             Delay type                Incr(ns)  Path(ns)    Netlist Resource(s)
  -------------------------------------------------------------------    -------------------
                         (clock clk_fpga_0 rise edge)
                                                      0.000     0.000 r  
    PS7_X0Y0             PS7                          0.000     0.000 r  PL_i/processing_system7_0/inst/PS7_i/FCLKCLK[0]
                         net (fo=1, routed)           0.310     0.310    PL_i/processing_system7_0/inst/FCLK_CLK_unbuffered[0]
    BUFGCTRL_X0Y16       BUFG (Prop_bufg_I_O)         0.026     0.336 r  PL_i/processing_system7_0/inst/buffer_fclk_clk_0.FCLK_CLK_0_BUFG/O
                         net (fo=13695, routed)       0.552     0.888    PL_i/axi_smc/inst/s00_nodes/s00_w_node/inst/inst_mi_handler/gen_normal_area.gen_fifo_req.inst_fifo_req/gen_xpm_memory_fifo.inst_fifo/s_sc_aclk
    SLICE_X50Y96         FDRE                                         r  PL_i/axi_smc/inst/s00_nodes/s00_w_node/inst/inst_mi_handler/gen_normal_area.gen_fifo_req.inst_fifo_req/gen_xpm_memory_fifo.inst_fifo/gen_wr.full_r_reg_inv/C
  -------------------------------------------------------------------    -------------------
    SLICE_X50Y96         FDRE (Prop_fdre_C_Q)         0.164     1.052 r  PL_i/axi_smc/inst/s00_nodes/s00_w_node/inst/inst_mi_handler/gen_normal_area.gen_fifo_req.inst_fifo_req/gen_xpm_memory_fifo.inst_fifo/gen_wr.full_r_reg_inv/Q
                         net (fo=8, routed)           0.181     1.233    PL_i/axi_smc/inst/s00_nodes/s00_w_node/inst/inst_mi_handler/gen_normal_area.gen_fifo_req.inst_fifo_req/gen_xpm_memory_fifo.inst_fifo/gen_mem_rep[0].inst_xpm_memory/xpm_memory_base_inst/gen_wr_a.gen_word_narrow.mem_reg_0_31_0_5/WE
    SLICE_X46Y97         RAMS32                                       r  PL_i/axi_smc/inst/s00_nodes/s00_w_node/inst/inst_mi_handler/gen_normal_area.gen_fifo_req.inst_fifo_req/gen_xpm_memory_fifo.inst_fifo/gen_mem_rep[0].inst_xpm_memory/xpm_memory_base_inst/gen_wr_a.gen_word_narrow.mem_reg_0_31_0_5/RAMD_D1/WE
  -------------------------------------------------------------------    -------------------

                         (clock clk_fpga_0 rise edge)
                                                      0.000     0.000 r  
    PS7_X0Y0             PS7                          0.000     0.000 r  PL_i/processing_system7_0/inst/PS7_i/FCLKCLK[0]
                         net (fo=1, routed)           0.337     0.337    PL_i/processing_system7_0/inst/FCLK_CLK_unbuffered[0]
    BUFGCTRL_X0Y16       BUFG (Prop_bufg_I_O)         0.029     0.366 r  PL_i/processing_system7_0/inst/buffer_fclk_clk_0.FCLK_CLK_0_BUFG/O
                         net (fo=13695, routed)       0.825     1.191    PL_i/axi_smc/inst/s00_nodes/s00_w_node/inst/inst_mi_handler/gen_normal_area.gen_fifo_req.inst_fifo_req/gen_xpm_memory_fifo.inst_fifo/gen_mem_rep[0].inst_xpm_memory/xpm_memory_base_inst/gen_wr_a.gen_word_narrow.mem_reg_0_31_0_5/WCLK
    SLICE_X46Y97         RAMS32                                       r  PL_i/axi_smc/inst/s00_nodes/s00_w_node/inst/inst_mi_handler/gen_normal_area.gen_fifo_req.inst_fifo_req/gen_xpm_memory_fifo.inst_fifo/gen_mem_rep[0].inst_xpm_memory/xpm_memory_base_inst/gen_wr_a.gen_word_narrow.mem_reg_0_31_0_5/RAMD_D1/CLK
                         clock pessimism             -0.035     1.156    
    SLICE_X46Y97         RAMS32 (Hold_rams32_CLK_WE)
                                                      0.048     1.204    PL_i/axi_smc/inst/s00_nodes/s00_w_node/inst/inst_mi_handler/gen_normal_area.gen_fifo_req.inst_fifo_req/gen_xpm_memory_fifo.inst_fifo/gen_mem_rep[0].inst_xpm_memory/xpm_memory_base_inst/gen_wr_a.gen_word_narrow.mem_reg_0_31_0_5/RAMD_D1
  -------------------------------------------------------------------
                         required time                         -1.204    
                         arrival time                           1.233    
  -------------------------------------------------------------------
                         slack                                  0.029    

Slack (MET) :             0.031ns  (arrival time - required time)
  Source:                 PL_i/cnn_accel_0/inst/grp_cnn_accel_Pipeline_GAP_IC_GAP_H_GAP_W_fu_660/gap_5383_fu_422_reg[24]/C
                            (rising edge-triggered cell FDRE clocked by clk_fpga_0  {rise@0.000ns fall@5.000ns period=10.000ns})
  Destination:            PL_i/cnn_accel_0/inst/grp_cnn_accel_Pipeline_GAP_IC_GAP_H_GAP_W_fu_660/gap_20_fu_290_reg[24]/D
                            (rising edge-triggered cell FDRE clocked by clk_fpga_0  {rise@0.000ns fall@5.000ns period=10.000ns})
  Path Group:             clk_fpga_0
  Path Type:              Hold (Min at Fast Process Corner)
  Requirement:            0.000ns  (clk_fpga_0 rise@0.000ns - clk_fpga_0 rise@0.000ns)
  Data Path Delay:        0.386ns  (logic 0.186ns (48.247%)  route 0.200ns (51.753%))
  Logic Levels:           1  (LUT3=1)
  Clock Path Skew:        0.262ns (DCD - SCD - CPR)
    Destination Clock Delay (DCD):    1.191ns
    Source Clock Delay      (SCD):    0.899ns
    Clock Pessimism Removal (CPR):    0.030ns

    Location             Delay type                Incr(ns)  Path(ns)    Netlist Resource(s)
  -------------------------------------------------------------------    -------------------
                         (clock clk_fpga_0 rise edge)
                                                      0.000     0.000 r  
    PS7_X0Y0             PS7                          0.000     0.000 r  PL_i/processing_system7_0/inst/PS7_i/FCLKCLK[0]
                         net (fo=1, routed)           0.310     0.310    PL_i/processing_system7_0/inst/FCLK_CLK_unbuffered[0]
    BUFGCTRL_X0Y16       BUFG (Prop_bufg_I_O)         0.026     0.336 r  PL_i/processing_system7_0/inst/buffer_fclk_clk_0.FCLK_CLK_0_BUFG/O
                         net (fo=13695, routed)       0.563     0.899    PL_i/cnn_accel_0/inst/grp_cnn_accel_Pipeline_GAP_IC_GAP_H_GAP_W_fu_660/ap_clk
    SLICE_X44Y49         FDRE                                         r  PL_i/cnn_accel_0/inst/grp_cnn_accel_Pipeline_GAP_IC_GAP_H_GAP_W_fu_660/gap_5383_fu_422_reg[24]/C
  -------------------------------------------------------------------    -------------------
    SLICE_X44Y49         FDRE (Prop_fdre_C_Q)         0.141     1.040 r  PL_i/cnn_accel_0/inst/grp_cnn_accel_Pipeline_GAP_IC_GAP_H_GAP_W_fu_660/gap_5383_fu_422_reg[24]/Q
                         net (fo=3, routed)           0.200     1.239    PL_i/cnn_accel_0/inst/grp_cnn_accel_Pipeline_GAP_IC_GAP_H_GAP_W_fu_660/grp_cnn_accel_Pipeline_GAP_IC_GAP_H_GAP_W_fu_660_gap_5383_out[24]
    SLICE_X45Y50         LUT3 (Prop_lut3_I0_O)        0.045     1.284 r  PL_i/cnn_accel_0/inst/grp_cnn_accel_Pipeline_GAP_IC_GAP_H_GAP_W_fu_660/gap_20_fu_290[24]_i_1/O
                         net (fo=1, routed)           0.000     1.284    PL_i/cnn_accel_0/inst/grp_cnn_accel_Pipeline_GAP_IC_GAP_H_GAP_W_fu_660/select_ln174_13_fu_1275_p3[24]
    SLICE_X45Y50         FDRE                                         r  PL_i/cnn_accel_0/inst/grp_cnn_accel_Pipeline_GAP_IC_GAP_H_GAP_W_fu_660/gap_20_fu_290_reg[24]/D
  -------------------------------------------------------------------    -------------------

                         (clock clk_fpga_0 rise edge)
                                                      0.000     0.000 r  
    PS7_X0Y0             PS7                          0.000     0.000 r  PL_i/processing_system7_0/inst/PS7_i/FCLKCLK[0]
                         net (fo=1, routed)           0.337     0.337    PL_i/processing_system7_0/inst/FCLK_CLK_unbuffered[0]
    BUFGCTRL_X0Y16       BUFG (Prop_bufg_I_O)         0.029     0.366 r  PL_i/processing_system7_0/inst/buffer_fclk_clk_0.FCLK_CLK_0_BUFG/O
                         net (fo=13695, routed)       0.825     1.191    PL_i/cnn_accel_0/inst/grp_cnn_accel_Pipeline_GAP_IC_GAP_H_GAP_W_fu_660/ap_clk
    SLICE_X45Y50         FDRE                                         r  PL_i/cnn_accel_0/inst/grp_cnn_accel_Pipeline_GAP_IC_GAP_H_GAP_W_fu_660/gap_20_fu_290_reg[24]/C
                         clock pessimism             -0.030     1.161    
    SLICE_X45Y50         FDRE (Hold_fdre_C_D)         0.092     1.253    PL_i/cnn_accel_0/inst/grp_cnn_accel_Pipeline_GAP_IC_GAP_H_GAP_W_fu_660/gap_20_fu_290_reg[24]
  -------------------------------------------------------------------
                         required time                         -1.253    
                         arrival time                           1.284    
  -------------------------------------------------------------------
                         slack                                  0.031    

Slack (MET) :             0.032ns  (arrival time - required time)
  Source:                 PL_i/axi_smc/inst/s00_nodes/s00_w_node/inst/inst_mi_handler/gen_normal_area.inst_fifo_node_payld/gen_xpm_memory_fifo.inst_fifo/gen_rd.fifo_empty_r_reg/C
                            (rising edge-triggered cell FDSE clocked by clk_fpga_0  {rise@0.000ns fall@5.000ns period=10.000ns})
  Destination:            PL_i/axi_smc/inst/s00_nodes/s00_w_node/inst/inst_mi_handler/gen_normal_area.inst_fifo_node_payld/gen_xpm_memory_fifo.inst_fifo/gen_rd.gen_fwft_latency_1.empty_r_reg/D
                            (rising edge-triggered cell FDSE clocked by clk_fpga_0  {rise@0.000ns fall@5.000ns period=10.000ns})
  Path Group:             clk_fpga_0
  Path Type:              Hold (Min at Fast Process Corner)
  Requirement:            0.000ns  (clk_fpga_0 rise@0.000ns - clk_fpga_0 rise@0.000ns)
  Data Path Delay:        0.384ns  (logic 0.186ns (48.485%)  route 0.198ns (51.515%))
  Logic Levels:           1  (LUT3=1)
  Clock Path Skew:        0.260ns (DCD - SCD - CPR)
    Destination Clock Delay (DCD):    1.186ns
    Source Clock Delay      (SCD):    0.891ns
    Clock Pessimism Removal (CPR):    0.035ns

    Location             Delay type                Incr(ns)  Path(ns)    Netlist Resource(s)
  -------------------------------------------------------------------    -------------------
                         (clock clk_fpga_0 rise edge)
                                                      0.000     0.000 r  
    PS7_X0Y0             PS7                          0.000     0.000 r  PL_i/processing_system7_0/inst/PS7_i/FCLKCLK[0]
                         net (fo=1, routed)           0.310     0.310    PL_i/processing_system7_0/inst/FCLK_CLK_unbuffered[0]
    BUFGCTRL_X0Y16       BUFG (Prop_bufg_I_O)         0.026     0.336 r  PL_i/processing_system7_0/inst/buffer_fclk_clk_0.FCLK_CLK_0_BUFG/O
                         net (fo=13695, routed)       0.555     0.891    PL_i/axi_smc/inst/s00_nodes/s00_w_node/inst/inst_mi_handler/gen_normal_area.inst_fifo_node_payld/gen_xpm_memory_fifo.inst_fifo/s_sc_aclk
    SLICE_X49Y93         FDSE                                         r  PL_i/axi_smc/inst/s00_nodes/s00_w_node/inst/inst_mi_handler/gen_normal_area.inst_fifo_node_payld/gen_xpm_memory_fifo.inst_fifo/gen_rd.fifo_empty_r_reg/C
  -------------------------------------------------------------------    -------------------
    SLICE_X49Y93         FDSE (Prop_fdse_C_Q)         0.141     1.032 r  PL_i/axi_smc/inst/s00_nodes/s00_w_node/inst/inst_mi_handler/gen_normal_area.inst_fifo_node_payld/gen_xpm_memory_fifo.inst_fifo/gen_rd.fifo_empty_r_reg/Q
                         net (fo=2, routed)           0.198     1.229    PL_i/axi_smc/inst/s00_nodes/s00_w_node/inst/inst_mi_handler/gen_normal_area.inst_fifo_node_payld/gen_xpm_memory_fifo.inst_fifo/gen_rd.fifo_empty_r
    SLICE_X53Y94         LUT3 (Prop_lut3_I0_O)        0.045     1.274 r  PL_i/axi_smc/inst/s00_nodes/s00_w_node/inst/inst_mi_handler/gen_normal_area.inst_fifo_node_payld/gen_xpm_memory_fifo.inst_fifo/gen_rd.gen_fwft_latency_1.empty_r_i_1__0/O
                         net (fo=1, routed)           0.000     1.274    PL_i/axi_smc/inst/s00_nodes/s00_w_node/inst/inst_mi_handler/gen_normal_area.inst_fifo_node_payld/gen_xpm_memory_fifo.inst_fifo/gen_rd.gen_fwft_latency_1.empty_r_i_1__0_n_0
    SLICE_X53Y94         FDSE                                         r  PL_i/axi_smc/inst/s00_nodes/s00_w_node/inst/inst_mi_handler/gen_normal_area.inst_fifo_node_payld/gen_xpm_memory_fifo.inst_fifo/gen_rd.gen_fwft_latency_1.empty_r_reg/D
  -------------------------------------------------------------------    -------------------

                         (clock clk_fpga_0 rise edge)
                                                      0.000     0.000 r  
    PS7_X0Y0             PS7                          0.000     0.000 r  PL_i/processing_system7_0/inst/PS7_i/FCLKCLK[0]
                         net (fo=1, routed)           0.337     0.337    PL_i/processing_system7_0/inst/FCLK_CLK_unbuffered[0]
    BUFGCTRL_X0Y16       BUFG (Prop_bufg_I_O)         0.029     0.366 r  PL_i/processing_system7_0/inst/buffer_fclk_clk_0.FCLK_CLK_0_BUFG/O
                         net (fo=13695, routed)       0.820     1.186    PL_i/axi_smc/inst/s00_nodes/s00_w_node/inst/inst_mi_handler/gen_normal_area.inst_fifo_node_payld/gen_xpm_memory_fifo.inst_fifo/s_sc_aclk
    SLICE_X53Y94         FDSE                                         r  PL_i/axi_smc/inst/s00_nodes/s00_w_node/inst/inst_mi_handler/gen_normal_area.inst_fifo_node_payld/gen_xpm_memory_fifo.inst_fifo/gen_rd.gen_fwft_latency_1.empty_r_reg/C
                         clock pessimism             -0.035     1.151    
    SLICE_X53Y94         FDSE (Hold_fdse_C_D)         0.091     1.242    PL_i/axi_smc/inst/s00_nodes/s00_w_node/inst/inst_mi_handler/gen_normal_area.inst_fifo_node_payld/gen_xpm_memory_fifo.inst_fifo/gen_rd.gen_fwft_latency_1.empty_r_reg
  -------------------------------------------------------------------
                         required time                         -1.242    
                         arrival time                           1.274    
  -------------------------------------------------------------------
                         slack                                  0.032    





Pulse Width Checks
--------------------------------------------------------------------------------------
Clock Name:         clk_fpga_0
Waveform(ns):       { 0.000 5.000 }
Period(ns):         10.000
Sources:            { PL_i/processing_system7_0/inst/PS7_i/FCLKCLK[0] }

Check Type        Corner  Lib Pin             Reference Pin  Required(ns)  Actual(ns)  Slack(ns)  Location      Pin
Min Period        n/a     DSP48E1/CLK         n/a            3.884         10.000      6.116      DSP48_X2Y10   PL_i/cnn_accel_0/inst/grp_cnn_accel_Pipeline_DN_OC_DN_IC_fu_697/mul_32s_8s_32_2_1_U73/buff0_reg/CLK
Min Period        n/a     RAMB36E1/CLKARDCLK  n/a            2.944         10.000      7.056      RAMB36_X1Y7   PL_i/cnn_accel_0/inst/MBUS_m_axi_U/load_unit_0/buff_rdata/U_fifo_mem/mem_reg/CLKARDCLK
Min Period        n/a     RAMB18E1/CLKARDCLK  n/a            2.944         10.000      7.056      RAMB18_X2Y14  PL_i/cnn_accel_0/inst/fm0_1_U/ram_reg/CLKARDCLK
Min Period        n/a     RAMB18E1/CLKARDCLK  n/a            2.944         10.000      7.056      RAMB18_X1Y12  PL_i/cnn_accel_0/inst/fm0_2_U/ram_reg/CLKARDCLK
Min Period        n/a     RAMB18E1/CLKARDCLK  n/a            2.944         10.000      7.056      RAMB18_X1Y13  PL_i/cnn_accel_0/inst/fm0_3_U/ram_reg/CLKARDCLK
Min Period        n/a     RAMB18E1/CLKARDCLK  n/a            2.944         10.000      7.056      RAMB18_X2Y15  PL_i/cnn_accel_0/inst/fm0_U/ram_reg/CLKARDCLK
Min Period        n/a     RAMB36E1/CLKARDCLK  n/a            2.944         10.000      7.056      RAMB36_X1Y4   PL_i/cnn_accel_0/inst/fm2_U/ram_reg_0/CLKARDCLK
Min Period        n/a     RAMB36E1/CLKARDCLK  n/a            2.944         10.000      7.056      RAMB36_X2Y6   PL_i/cnn_accel_0/inst/fm2_U/ram_reg_1/CLKARDCLK
Min Period        n/a     RAMB36E1/CLKARDCLK  n/a            2.944         10.000      7.056      RAMB36_X2Y4   PL_i/cnn_accel_0/inst/fm2_U/ram_reg_2/CLKARDCLK
Min Period        n/a     RAMB36E1/CLKARDCLK  n/a            2.944         10.000      7.056      RAMB36_X2Y5   PL_i/cnn_accel_0/inst/fm2_U/ram_reg_3/CLKARDCLK
Low Pulse Width   Slow    RAMD32/CLK          n/a            1.250         5.000       3.750      SLICE_X54Y89  PL_i/axi_smc/inst/m00_nodes/m00_ar_node/inst/inst_mi_handler/gen_normal_area.inst_fifo_node_payld/gen_xpm_memory_fifo.inst_fifo/gen_mem_rep[0].inst_xpm_memory/xpm_memory_base_inst/gen_wr_a.gen_word_narrow.mem_reg_0_31_0_5/RAMA/CLK
Low Pulse Width   Fast    RAMD32/CLK          n/a            1.250         5.000       3.750      SLICE_X54Y89  PL_i/axi_smc/inst/m00_nodes/m00_ar_node/inst/inst_mi_handler/gen_normal_area.inst_fifo_node_payld/gen_xpm_memory_fifo.inst_fifo/gen_mem_rep[0].inst_xpm_memory/xpm_memory_base_inst/gen_wr_a.gen_word_narrow.mem_reg_0_31_0_5/RAMA/CLK
Low Pulse Width   Slow    RAMD32/CLK          n/a            1.250         5.000       3.750      SLICE_X54Y89  PL_i/axi_smc/inst/m00_nodes/m00_ar_node/inst/inst_mi_handler/gen_normal_area.inst_fifo_node_payld/gen_xpm_memory_fifo.inst_fifo/gen_mem_rep[0].inst_xpm_memory/xpm_memory_base_inst/gen_wr_a.gen_word_narrow.mem_reg_0_31_0_5/RAMA_D1/CLK
Low Pulse Width   Fast    RAMD32/CLK          n/a            1.250         5.000       3.750      SLICE_X54Y89  PL_i/axi_smc/inst/m00_nodes/m00_ar_node/inst/inst_mi_handler/gen_normal_area.inst_fifo_node_payld/gen_xpm_memory_fifo.inst_fifo/gen_mem_rep[0].inst_xpm_memory/xpm_memory_base_inst/gen_wr_a.gen_word_narrow.mem_reg_0_31_0_5/RAMA_D1/CLK
Low Pulse Width   Slow    RAMD32/CLK          n/a            1.250         5.000       3.750      SLICE_X54Y89  PL_i/axi_smc/inst/m00_nodes/m00_ar_node/inst/inst_mi_handler/gen_normal_area.inst_fifo_node_payld/gen_xpm_memory_fifo.inst_fifo/gen_mem_rep[0].inst_xpm_memory/xpm_memory_base_inst/gen_wr_a.gen_word_narrow.mem_reg_0_31_0_5/RAMB/CLK
Low Pulse Width   Fast    RAMD32/CLK          n/a            1.250         5.000       3.750      SLICE_X54Y89  PL_i/axi_smc/inst/m00_nodes/m00_ar_node/inst/inst_mi_handler/gen_normal_area.inst_fifo_node_payld/gen_xpm_memory_fifo.inst_fifo/gen_mem_rep[0].inst_xpm_memory/xpm_memory_base_inst/gen_wr_a.gen_word_narrow.mem_reg_0_31_0_5/RAMB/CLK
Low Pulse Width   Slow    RAMD32/CLK          n/a            1.250         5.000       3.750      SLICE_X54Y89  PL_i/axi_smc/inst/m00_nodes/m00_ar_node/inst/inst_mi_handler/gen_normal_area.inst_fifo_node_payld/gen_xpm_memory_fifo.inst_fifo/gen_mem_rep[0].inst_xpm_memory/xpm_memory_base_inst/gen_wr_a.gen_word_narrow.mem_reg_0_31_0_5/RAMB_D1/CLK
Low Pulse Width   Fast    RAMD32/CLK          n/a            1.250         5.000       3.750      SLICE_X54Y89  PL_i/axi_smc/inst/m00_nodes/m00_ar_node/inst/inst_mi_handler/gen_normal_area.inst_fifo_node_payld/gen_xpm_memory_fifo.inst_fifo/gen_mem_rep[0].inst_xpm_memory/xpm_memory_base_inst/gen_wr_a.gen_word_narrow.mem_reg_0_31_0_5/RAMB_D1/CLK
Low Pulse Width   Slow    RAMD32/CLK          n/a            1.250         5.000       3.750      SLICE_X54Y89  PL_i/axi_smc/inst/m00_nodes/m00_ar_node/inst/inst_mi_handler/gen_normal_area.inst_fifo_node_payld/gen_xpm_memory_fifo.inst_fifo/gen_mem_rep[0].inst_xpm_memory/xpm_memory_base_inst/gen_wr_a.gen_word_narrow.mem_reg_0_31_0_5/RAMC/CLK
Low Pulse Width   Fast    RAMD32/CLK          n/a            1.250         5.000       3.750      SLICE_X54Y89  PL_i/axi_smc/inst/m00_nodes/m00_ar_node/inst/inst_mi_handler/gen_normal_area.inst_fifo_node_payld/gen_xpm_memory_fifo.inst_fifo/gen_mem_rep[0].inst_xpm_memory/xpm_memory_base_inst/gen_wr_a.gen_word_narrow.mem_reg_0_31_0_5/RAMC/CLK
High Pulse Width  Slow    RAMD32/CLK          n/a            1.250         5.000       3.750      SLICE_X54Y89  PL_i/axi_smc/inst/m00_nodes/m00_ar_node/inst/inst_mi_handler/gen_normal_area.inst_fifo_node_payld/gen_xpm_memory_fifo.inst_fifo/gen_mem_rep[0].inst_xpm_memory/xpm_memory_base_inst/gen_wr_a.gen_word_narrow.mem_reg_0_31_0_5/RAMA/CLK
High Pulse Width  Fast    RAMD32/CLK          n/a            1.250         5.000       3.750      SLICE_X54Y89  PL_i/axi_smc/inst/m00_nodes/m00_ar_node/inst/inst_mi_handler/gen_normal_area.inst_fifo_node_payld/gen_xpm_memory_fifo.inst_fifo/gen_mem_rep[0].inst_xpm_memory/xpm_memory_base_inst/gen_wr_a.gen_word_narrow.mem_reg_0_31_0_5/RAMA/CLK
High Pulse Width  Slow    RAMD32/CLK          n/a            1.250         5.000       3.750      SLICE_X54Y89  PL_i/axi_smc/inst/m00_nodes/m00_ar_node/inst/inst_mi_handler/gen_normal_area.inst_fifo_node_payld/gen_xpm_memory_fifo.inst_fifo/gen_mem_rep[0].inst_xpm_memory/xpm_memory_base_inst/gen_wr_a.gen_word_narrow.mem_reg_0_31_0_5/RAMA_D1/CLK
High Pulse Width  Fast    RAMD32/CLK          n/a            1.250         5.000       3.750      SLICE_X54Y89  PL_i/axi_smc/inst/m00_nodes/m00_ar_node/inst/inst_mi_handler/gen_normal_area.inst_fifo_node_payld/gen_xpm_memory_fifo.inst_fifo/gen_mem_rep[0].inst_xpm_memory/xpm_memory_base_inst/gen_wr_a.gen_word_narrow.mem_reg_0_31_0_5/RAMA_D1/CLK
High Pulse Width  Slow    RAMD32/CLK          n/a            1.250         5.000       3.750      SLICE_X54Y89  PL_i/axi_smc/inst/m00_nodes/m00_ar_node/inst/inst_mi_handler/gen_normal_area.inst_fifo_node_payld/gen_xpm_memory_fifo.inst_fifo/gen_mem_rep[0].inst_xpm_memory/xpm_memory_base_inst/gen_wr_a.gen_word_narrow.mem_reg_0_31_0_5/RAMB/CLK
High Pulse Width  Fast    RAMD32/CLK          n/a            1.250         5.000       3.750      SLICE_X54Y89  PL_i/axi_smc/inst/m00_nodes/m00_ar_node/inst/inst_mi_handler/gen_normal_area.inst_fifo_node_payld/gen_xpm_memory_fifo.inst_fifo/gen_mem_rep[0].inst_xpm_memory/xpm_memory_base_inst/gen_wr_a.gen_word_narrow.mem_reg_0_31_0_5/RAMB/CLK
High Pulse Width  Slow    RAMD32/CLK          n/a            1.250         5.000       3.750      SLICE_X54Y89  PL_i/axi_smc/inst/m00_nodes/m00_ar_node/inst/inst_mi_handler/gen_normal_area.inst_fifo_node_payld/gen_xpm_memory_fifo.inst_fifo/gen_mem_rep[0].inst_xpm_memory/xpm_memory_base_inst/gen_wr_a.gen_word_narrow.mem_reg_0_31_0_5/RAMB_D1/CLK
High Pulse Width  Fast    RAMD32/CLK          n/a            1.250         5.000       3.750      SLICE_X54Y89  PL_i/axi_smc/inst/m00_nodes/m00_ar_node/inst/inst_mi_handler/gen_normal_area.inst_fifo_node_payld/gen_xpm_memory_fifo.inst_fifo/gen_mem_rep[0].inst_xpm_memory/xpm_memory_base_inst/gen_wr_a.gen_word_narrow.mem_reg_0_31_0_5/RAMB_D1/CLK
High Pulse Width  Slow    RAMD32/CLK          n/a            1.250         5.000       3.750      SLICE_X54Y89  PL_i/axi_smc/inst/m00_nodes/m00_ar_node/inst/inst_mi_handler/gen_normal_area.inst_fifo_node_payld/gen_xpm_memory_fifo.inst_fifo/gen_mem_rep[0].inst_xpm_memory/xpm_memory_base_inst/gen_wr_a.gen_word_narrow.mem_reg_0_31_0_5/RAMC/CLK
High Pulse Width  Fast    RAMD32/CLK          n/a            1.250         5.000       3.750      SLICE_X54Y89  PL_i/axi_smc/inst/m00_nodes/m00_ar_node/inst/inst_mi_handler/gen_normal_area.inst_fifo_node_payld/gen_xpm_memory_fifo.inst_fifo/gen_mem_rep[0].inst_xpm_memory/xpm_memory_base_inst/gen_wr_a.gen_word_narrow.mem_reg_0_31_0_5/RAMC/CLK



---------------------------------------------------------------------------------------------------
Path Group:  **async_default**
From Clock:  clk_fpga_0
  To Clock:  clk_fpga_0

Setup :            0  Failing Endpoints,  Worst Slack        5.452ns,  Total Violation        0.000ns
Hold  :            0  Failing Endpoints,  Worst Slack        0.748ns,  Total Violation        0.000ns
---------------------------------------------------------------------------------------------------


Max Delay Paths
--------------------------------------------------------------------------------------
Slack (MET) :             5.452ns  (required time - arrival time)
  Source:                 PL_i/proc_sys_reset_0/U0/ACTIVE_LOW_BSR_OUT_DFF[0].FDRE_BSR_N/C
                            (rising edge-triggered cell FDRE clocked by clk_fpga_0  {rise@0.000ns fall@5.000ns period=10.000ns})
  Destination:            PL_i/avgpool_2x2_bram_ctrl_0/inst/ib_addr_reg[10]/CLR
                            (recovery check against rising-edge clock clk_fpga_0  {rise@0.000ns fall@5.000ns period=10.000ns})
  Path Group:             **async_default**
  Path Type:              Recovery (Max at Slow Process Corner)
  Requirement:            10.000ns  (clk_fpga_0 rise@10.000ns - clk_fpga_0 rise@0.000ns)
  Data Path Delay:        3.671ns  (logic 0.573ns (15.608%)  route 3.098ns (84.392%))
  Logic Levels:           1  (LUT1=1)
  Clock Path Skew:        -0.109ns (DCD - SCD + CPR)
    Destination Clock Delay (DCD):    2.705ns = ( 12.705 - 10.000 ) 
    Source Clock Delay      (SCD):    2.943ns
    Clock Pessimism Removal (CPR):    0.129ns
  Clock Uncertainty:      0.154ns  ((TSJ^2 + TIJ^2)^1/2 + DJ) / 2 + PE
    Total System Jitter     (TSJ):    0.071ns
    Total Input Jitter      (TIJ):    0.300ns
    Discrete Jitter          (DJ):    0.000ns
    Phase Error              (PE):    0.000ns

    Location             Delay type                Incr(ns)  Path(ns)    Netlist Resource(s)
  -------------------------------------------------------------------    -------------------
                         (clock clk_fpga_0 rise edge)
                                                      0.000     0.000 r  
    PS7_X0Y0             PS7                          0.000     0.000 r  PL_i/processing_system7_0/inst/PS7_i/FCLKCLK[0]
                         net (fo=1, routed)           1.193     1.193    PL_i/processing_system7_0/inst/FCLK_CLK_unbuffered[0]
    BUFGCTRL_X0Y16       BUFG (Prop_bufg_I_O)         0.101     1.294 r  PL_i/processing_system7_0/inst/buffer_fclk_clk_0.FCLK_CLK_0_BUFG/O
                         net (fo=13695, routed)       1.649     2.943    PL_i/proc_sys_reset_0/U0/slowest_sync_clk
    SLICE_X47Y60         FDRE                                         r  PL_i/proc_sys_reset_0/U0/ACTIVE_LOW_BSR_OUT_DFF[0].FDRE_BSR_N/C
  -------------------------------------------------------------------    -------------------
    SLICE_X47Y60         FDRE (Prop_fdre_C_Q)         0.456     3.399 r  PL_i/proc_sys_reset_0/U0/ACTIVE_LOW_BSR_OUT_DFF[0].FDRE_BSR_N/Q
                         net (fo=40, routed)          0.417     3.816    PL_i/avgpool_2x2_bram_ctrl_0/inst/rst_n
    SLICE_X47Y60         LUT1 (Prop_lut1_I0_O)        0.117     3.933 f  PL_i/avgpool_2x2_bram_ctrl_0/inst/done_i_2/O
                         net (fo=82, routed)          2.681     6.614    PL_i/avgpool_2x2_bram_ctrl_0/inst/done_i_2_n_0
    SLICE_X60Y77         FDCE                                         f  PL_i/avgpool_2x2_bram_ctrl_0/inst/ib_addr_reg[10]/CLR
  -------------------------------------------------------------------    -------------------

                         (clock clk_fpga_0 rise edge)
                                                     10.000    10.000 r  
    PS7_X0Y0             PS7                          0.000    10.000 r  PL_i/processing_system7_0/inst/PS7_i/FCLKCLK[0]
                         net (fo=1, routed)           1.088    11.088    PL_i/processing_system7_0/inst/FCLK_CLK_unbuffered[0]
    BUFGCTRL_X0Y16       BUFG (Prop_bufg_I_O)         0.091    11.179 r  PL_i/processing_system7_0/inst/buffer_fclk_clk_0.FCLK_CLK_0_BUFG/O
                         net (fo=13695, routed)       1.526    12.705    PL_i/avgpool_2x2_bram_ctrl_0/inst/clk
    SLICE_X60Y77         FDCE                                         r  PL_i/avgpool_2x2_bram_ctrl_0/inst/ib_addr_reg[10]/C
                         clock pessimism              0.129    12.834    
                         clock uncertainty           -0.154    12.680    
    SLICE_X60Y77         FDCE (Recov_fdce_C_CLR)     -0.613    12.067    PL_i/avgpool_2x2_bram_ctrl_0/inst/ib_addr_reg[10]
  -------------------------------------------------------------------
                         required time                         12.067    
                         arrival time                          -6.614    
  -------------------------------------------------------------------
                         slack                                  5.452    

Slack (MET) :             5.452ns  (required time - arrival time)
  Source:                 PL_i/proc_sys_reset_0/U0/ACTIVE_LOW_BSR_OUT_DFF[0].FDRE_BSR_N/C
                            (rising edge-triggered cell FDRE clocked by clk_fpga_0  {rise@0.000ns fall@5.000ns period=10.000ns})
  Destination:            PL_i/avgpool_2x2_bram_ctrl_0/inst/ib_addr_reg[11]/CLR
                            (recovery check against rising-edge clock clk_fpga_0  {rise@0.000ns fall@5.000ns period=10.000ns})
  Path Group:             **async_default**
  Path Type:              Recovery (Max at Slow Process Corner)
  Requirement:            10.000ns  (clk_fpga_0 rise@10.000ns - clk_fpga_0 rise@0.000ns)
  Data Path Delay:        3.671ns  (logic 0.573ns (15.608%)  route 3.098ns (84.392%))
  Logic Levels:           1  (LUT1=1)
  Clock Path Skew:        -0.109ns (DCD - SCD + CPR)
    Destination Clock Delay (DCD):    2.705ns = ( 12.705 - 10.000 ) 
    Source Clock Delay      (SCD):    2.943ns
    Clock Pessimism Removal (CPR):    0.129ns
  Clock Uncertainty:      0.154ns  ((TSJ^2 + TIJ^2)^1/2 + DJ) / 2 + PE
    Total System Jitter     (TSJ):    0.071ns
    Total Input Jitter      (TIJ):    0.300ns
    Discrete Jitter          (DJ):    0.000ns
    Phase Error              (PE):    0.000ns

    Location             Delay type                Incr(ns)  Path(ns)    Netlist Resource(s)
  -------------------------------------------------------------------    -------------------
                         (clock clk_fpga_0 rise edge)
                                                      0.000     0.000 r  
    PS7_X0Y0             PS7                          0.000     0.000 r  PL_i/processing_system7_0/inst/PS7_i/FCLKCLK[0]
                         net (fo=1, routed)           1.193     1.193    PL_i/processing_system7_0/inst/FCLK_CLK_unbuffered[0]
    BUFGCTRL_X0Y16       BUFG (Prop_bufg_I_O)         0.101     1.294 r  PL_i/processing_system7_0/inst/buffer_fclk_clk_0.FCLK_CLK_0_BUFG/O
                         net (fo=13695, routed)       1.649     2.943    PL_i/proc_sys_reset_0/U0/slowest_sync_clk
    SLICE_X47Y60         FDRE                                         r  PL_i/proc_sys_reset_0/U0/ACTIVE_LOW_BSR_OUT_DFF[0].FDRE_BSR_N/C
  -------------------------------------------------------------------    -------------------
    SLICE_X47Y60         FDRE (Prop_fdre_C_Q)         0.456     3.399 r  PL_i/proc_sys_reset_0/U0/ACTIVE_LOW_BSR_OUT_DFF[0].FDRE_BSR_N/Q
                         net (fo=40, routed)          0.417     3.816    PL_i/avgpool_2x2_bram_ctrl_0/inst/rst_n
    SLICE_X47Y60         LUT1 (Prop_lut1_I0_O)        0.117     3.933 f  PL_i/avgpool_2x2_bram_ctrl_0/inst/done_i_2/O
                         net (fo=82, routed)          2.681     6.614    PL_i/avgpool_2x2_bram_ctrl_0/inst/done_i_2_n_0
    SLICE_X60Y77         FDCE                                         f  PL_i/avgpool_2x2_bram_ctrl_0/inst/ib_addr_reg[11]/CLR
  -------------------------------------------------------------------    -------------------

                         (clock clk_fpga_0 rise edge)
                                                     10.000    10.000 r  
    PS7_X0Y0             PS7                          0.000    10.000 r  PL_i/processing_system7_0/inst/PS7_i/FCLKCLK[0]
                         net (fo=1, routed)           1.088    11.088    PL_i/processing_system7_0/inst/FCLK_CLK_unbuffered[0]
    BUFGCTRL_X0Y16       BUFG (Prop_bufg_I_O)         0.091    11.179 r  PL_i/processing_system7_0/inst/buffer_fclk_clk_0.FCLK_CLK_0_BUFG/O
                         net (fo=13695, routed)       1.526    12.705    PL_i/avgpool_2x2_bram_ctrl_0/inst/clk
    SLICE_X60Y77         FDCE                                         r  PL_i/avgpool_2x2_bram_ctrl_0/inst/ib_addr_reg[11]/C
                         clock pessimism              0.129    12.834    
                         clock uncertainty           -0.154    12.680    
    SLICE_X60Y77         FDCE (Recov_fdce_C_CLR)     -0.613    12.067    PL_i/avgpool_2x2_bram_ctrl_0/inst/ib_addr_reg[11]
  -------------------------------------------------------------------
                         required time                         12.067    
                         arrival time                          -6.614    
  -------------------------------------------------------------------
                         slack                                  5.452    

Slack (MET) :             5.452ns  (required time - arrival time)
  Source:                 PL_i/proc_sys_reset_0/U0/ACTIVE_LOW_BSR_OUT_DFF[0].FDRE_BSR_N/C
                            (rising edge-triggered cell FDRE clocked by clk_fpga_0  {rise@0.000ns fall@5.000ns period=10.000ns})
  Destination:            PL_i/avgpool_2x2_bram_ctrl_0/inst/ib_addr_reg[8]/CLR
                            (recovery check against rising-edge clock clk_fpga_0  {rise@0.000ns fall@5.000ns period=10.000ns})
  Path Group:             **async_default**
  Path Type:              Recovery (Max at Slow Process Corner)
  Requirement:            10.000ns  (clk_fpga_0 rise@10.000ns - clk_fpga_0 rise@0.000ns)
  Data Path Delay:        3.671ns  (logic 0.573ns (15.608%)  route 3.098ns (84.392%))
  Logic Levels:           1  (LUT1=1)
  Clock Path Skew:        -0.109ns (DCD - SCD + CPR)
    Destination Clock Delay (DCD):    2.705ns = ( 12.705 - 10.000 ) 
    Source Clock Delay      (SCD):    2.943ns
    Clock Pessimism Removal (CPR):    0.129ns
  Clock Uncertainty:      0.154ns  ((TSJ^2 + TIJ^2)^1/2 + DJ) / 2 + PE
    Total System Jitter     (TSJ):    0.071ns
    Total Input Jitter      (TIJ):    0.300ns
    Discrete Jitter          (DJ):    0.000ns
    Phase Error              (PE):    0.000ns

    Location             Delay type                Incr(ns)  Path(ns)    Netlist Resource(s)
  -------------------------------------------------------------------    -------------------
                         (clock clk_fpga_0 rise edge)
                                                      0.000     0.000 r  
    PS7_X0Y0             PS7                          0.000     0.000 r  PL_i/processing_system7_0/inst/PS7_i/FCLKCLK[0]
                         net (fo=1, routed)           1.193     1.193    PL_i/processing_system7_0/inst/FCLK_CLK_unbuffered[0]
    BUFGCTRL_X0Y16       BUFG (Prop_bufg_I_O)         0.101     1.294 r  PL_i/processing_system7_0/inst/buffer_fclk_clk_0.FCLK_CLK_0_BUFG/O
                         net (fo=13695, routed)       1.649     2.943    PL_i/proc_sys_reset_0/U0/slowest_sync_clk
    SLICE_X47Y60         FDRE                                         r  PL_i/proc_sys_reset_0/U0/ACTIVE_LOW_BSR_OUT_DFF[0].FDRE_BSR_N/C
  -------------------------------------------------------------------    -------------------
    SLICE_X47Y60         FDRE (Prop_fdre_C_Q)         0.456     3.399 r  PL_i/proc_sys_reset_0/U0/ACTIVE_LOW_BSR_OUT_DFF[0].FDRE_BSR_N/Q
                         net (fo=40, routed)          0.417     3.816    PL_i/avgpool_2x2_bram_ctrl_0/inst/rst_n
    SLICE_X47Y60         LUT1 (Prop_lut1_I0_O)        0.117     3.933 f  PL_i/avgpool_2x2_bram_ctrl_0/inst/done_i_2/O
                         net (fo=82, routed)          2.681     6.614    PL_i/avgpool_2x2_bram_ctrl_0/inst/done_i_2_n_0
    SLICE_X60Y77         FDCE                                         f  PL_i/avgpool_2x2_bram_ctrl_0/inst/ib_addr_reg[8]/CLR
  -------------------------------------------------------------------    -------------------

                         (clock clk_fpga_0 rise edge)
                                                     10.000    10.000 r  
    PS7_X0Y0             PS7                          0.000    10.000 r  PL_i/processing_system7_0/inst/PS7_i/FCLKCLK[0]
                         net (fo=1, routed)           1.088    11.088    PL_i/processing_system7_0/inst/FCLK_CLK_unbuffered[0]
    BUFGCTRL_X0Y16       BUFG (Prop_bufg_I_O)         0.091    11.179 r  PL_i/processing_system7_0/inst/buffer_fclk_clk_0.FCLK_CLK_0_BUFG/O
                         net (fo=13695, routed)       1.526    12.705    PL_i/avgpool_2x2_bram_ctrl_0/inst/clk
    SLICE_X60Y77         FDCE                                         r  PL_i/avgpool_2x2_bram_ctrl_0/inst/ib_addr_reg[8]/C
                         clock pessimism              0.129    12.834    
                         clock uncertainty           -0.154    12.680    
    SLICE_X60Y77         FDCE (Recov_fdce_C_CLR)     -0.613    12.067    PL_i/avgpool_2x2_bram_ctrl_0/inst/ib_addr_reg[8]
  -------------------------------------------------------------------
                         required time                         12.067    
                         arrival time                          -6.614    
  -------------------------------------------------------------------
                         slack                                  5.452    

Slack (MET) :             5.452ns  (required time - arrival time)
  Source:                 PL_i/proc_sys_reset_0/U0/ACTIVE_LOW_BSR_OUT_DFF[0].FDRE_BSR_N/C
                            (rising edge-triggered cell FDRE clocked by clk_fpga_0  {rise@0.000ns fall@5.000ns period=10.000ns})
  Destination:            PL_i/avgpool_2x2_bram_ctrl_0/inst/ib_addr_reg[9]/CLR
                            (recovery check against rising-edge clock clk_fpga_0  {rise@0.000ns fall@5.000ns period=10.000ns})
  Path Group:             **async_default**
  Path Type:              Recovery (Max at Slow Process Corner)
  Requirement:            10.000ns  (clk_fpga_0 rise@10.000ns - clk_fpga_0 rise@0.000ns)
  Data Path Delay:        3.671ns  (logic 0.573ns (15.608%)  route 3.098ns (84.392%))
  Logic Levels:           1  (LUT1=1)
  Clock Path Skew:        -0.109ns (DCD - SCD + CPR)
    Destination Clock Delay (DCD):    2.705ns = ( 12.705 - 10.000 ) 
    Source Clock Delay      (SCD):    2.943ns
    Clock Pessimism Removal (CPR):    0.129ns
  Clock Uncertainty:      0.154ns  ((TSJ^2 + TIJ^2)^1/2 + DJ) / 2 + PE
    Total System Jitter     (TSJ):    0.071ns
    Total Input Jitter      (TIJ):    0.300ns
    Discrete Jitter          (DJ):    0.000ns
    Phase Error              (PE):    0.000ns

    Location             Delay type                Incr(ns)  Path(ns)    Netlist Resource(s)
  -------------------------------------------------------------------    -------------------
                         (clock clk_fpga_0 rise edge)
                                                      0.000     0.000 r  
    PS7_X0Y0             PS7                          0.000     0.000 r  PL_i/processing_system7_0/inst/PS7_i/FCLKCLK[0]
                         net (fo=1, routed)           1.193     1.193    PL_i/processing_system7_0/inst/FCLK_CLK_unbuffered[0]
    BUFGCTRL_X0Y16       BUFG (Prop_bufg_I_O)         0.101     1.294 r  PL_i/processing_system7_0/inst/buffer_fclk_clk_0.FCLK_CLK_0_BUFG/O
                         net (fo=13695, routed)       1.649     2.943    PL_i/proc_sys_reset_0/U0/slowest_sync_clk
    SLICE_X47Y60         FDRE                                         r  PL_i/proc_sys_reset_0/U0/ACTIVE_LOW_BSR_OUT_DFF[0].FDRE_BSR_N/C
  -------------------------------------------------------------------    -------------------
    SLICE_X47Y60         FDRE (Prop_fdre_C_Q)         0.456     3.399 r  PL_i/proc_sys_reset_0/U0/ACTIVE_LOW_BSR_OUT_DFF[0].FDRE_BSR_N/Q
                         net (fo=40, routed)          0.417     3.816    PL_i/avgpool_2x2_bram_ctrl_0/inst/rst_n
    SLICE_X47Y60         LUT1 (Prop_lut1_I0_O)        0.117     3.933 f  PL_i/avgpool_2x2_bram_ctrl_0/inst/done_i_2/O
                         net (fo=82, routed)          2.681     6.614    PL_i/avgpool_2x2_bram_ctrl_0/inst/done_i_2_n_0
    SLICE_X60Y77         FDCE                                         f  PL_i/avgpool_2x2_bram_ctrl_0/inst/ib_addr_reg[9]/CLR
  -------------------------------------------------------------------    -------------------

                         (clock clk_fpga_0 rise edge)
                                                     10.000    10.000 r  
    PS7_X0Y0             PS7                          0.000    10.000 r  PL_i/processing_system7_0/inst/PS7_i/FCLKCLK[0]
                         net (fo=1, routed)           1.088    11.088    PL_i/processing_system7_0/inst/FCLK_CLK_unbuffered[0]
    BUFGCTRL_X0Y16       BUFG (Prop_bufg_I_O)         0.091    11.179 r  PL_i/processing_system7_0/inst/buffer_fclk_clk_0.FCLK_CLK_0_BUFG/O
                         net (fo=13695, routed)       1.526    12.705    PL_i/avgpool_2x2_bram_ctrl_0/inst/clk
    SLICE_X60Y77         FDCE                                         r  PL_i/avgpool_2x2_bram_ctrl_0/inst/ib_addr_reg[9]/C
                         clock pessimism              0.129    12.834    
                         clock uncertainty           -0.154    12.680    
    SLICE_X60Y77         FDCE (Recov_fdce_C_CLR)     -0.613    12.067    PL_i/avgpool_2x2_bram_ctrl_0/inst/ib_addr_reg[9]
  -------------------------------------------------------------------
                         required time                         12.067    
                         arrival time                          -6.614    
  -------------------------------------------------------------------
                         slack                                  5.452    

Slack (MET) :             5.734ns  (required time - arrival time)
  Source:                 PL_i/proc_sys_reset_0/U0/ACTIVE_LOW_BSR_OUT_DFF[0].FDRE_BSR_N/C
                            (rising edge-triggered cell FDRE clocked by clk_fpga_0  {rise@0.000ns fall@5.000ns period=10.000ns})
  Destination:            PL_i/avgpool_2x2_bram_ctrl_0/inst/ib_addr_reg[12]/CLR
                            (recovery check against rising-edge clock clk_fpga_0  {rise@0.000ns fall@5.000ns period=10.000ns})
  Path Group:             **async_default**
  Path Type:              Recovery (Max at Slow Process Corner)
  Requirement:            10.000ns  (clk_fpga_0 rise@10.000ns - clk_fpga_0 rise@0.000ns)
  Data Path Delay:        3.392ns  (logic 0.573ns (16.894%)  route 2.819ns (83.106%))
  Logic Levels:           1  (LUT1=1)
  Clock Path Skew:        -0.107ns (DCD - SCD + CPR)
    Destination Clock Delay (DCD):    2.707ns = ( 12.707 - 10.000 ) 
    Source Clock Delay      (SCD):    2.943ns
    Clock Pessimism Removal (CPR):    0.129ns
  Clock Uncertainty:      0.154ns  ((TSJ^2 + TIJ^2)^1/2 + DJ) / 2 + PE
    Total System Jitter     (TSJ):    0.071ns
    Total Input Jitter      (TIJ):    0.300ns
    Discrete Jitter          (DJ):    0.000ns
    Phase Error              (PE):    0.000ns

    Location             Delay type                Incr(ns)  Path(ns)    Netlist Resource(s)
  -------------------------------------------------------------------    -------------------
                         (clock clk_fpga_0 rise edge)
                                                      0.000     0.000 r  
    PS7_X0Y0             PS7                          0.000     0.000 r  PL_i/processing_system7_0/inst/PS7_i/FCLKCLK[0]
                         net (fo=1, routed)           1.193     1.193    PL_i/processing_system7_0/inst/FCLK_CLK_unbuffered[0]
    BUFGCTRL_X0Y16       BUFG (Prop_bufg_I_O)         0.101     1.294 r  PL_i/processing_system7_0/inst/buffer_fclk_clk_0.FCLK_CLK_0_BUFG/O
                         net (fo=13695, routed)       1.649     2.943    PL_i/proc_sys_reset_0/U0/slowest_sync_clk
    SLICE_X47Y60         FDRE                                         r  PL_i/proc_sys_reset_0/U0/ACTIVE_LOW_BSR_OUT_DFF[0].FDRE_BSR_N/C
  -------------------------------------------------------------------    -------------------
    SLICE_X47Y60         FDRE (Prop_fdre_C_Q)         0.456     3.399 r  PL_i/proc_sys_reset_0/U0/ACTIVE_LOW_BSR_OUT_DFF[0].FDRE_BSR_N/Q
                         net (fo=40, routed)          0.417     3.816    PL_i/avgpool_2x2_bram_ctrl_0/inst/rst_n
    SLICE_X47Y60         LUT1 (Prop_lut1_I0_O)        0.117     3.933 f  PL_i/avgpool_2x2_bram_ctrl_0/inst/done_i_2/O
                         net (fo=82, routed)          2.402     6.335    PL_i/avgpool_2x2_bram_ctrl_0/inst/done_i_2_n_0
    SLICE_X60Y78         FDCE                                         f  PL_i/avgpool_2x2_bram_ctrl_0/inst/ib_addr_reg[12]/CLR
  -------------------------------------------------------------------    -------------------

                         (clock clk_fpga_0 rise edge)
                                                     10.000    10.000 r  
    PS7_X0Y0             PS7                          0.000    10.000 r  PL_i/processing_system7_0/inst/PS7_i/FCLKCLK[0]
                         net (fo=1, routed)           1.088    11.088    PL_i/processing_system7_0/inst/FCLK_CLK_unbuffered[0]
    BUFGCTRL_X0Y16       BUFG (Prop_bufg_I_O)         0.091    11.179 r  PL_i/processing_system7_0/inst/buffer_fclk_clk_0.FCLK_CLK_0_BUFG/O
                         net (fo=13695, routed)       1.528    12.707    PL_i/avgpool_2x2_bram_ctrl_0/inst/clk
    SLICE_X60Y78         FDCE                                         r  PL_i/avgpool_2x2_bram_ctrl_0/inst/ib_addr_reg[12]/C
                         clock pessimism              0.129    12.836    
                         clock uncertainty           -0.154    12.682    
    SLICE_X60Y78         FDCE (Recov_fdce_C_CLR)     -0.613    12.069    PL_i/avgpool_2x2_bram_ctrl_0/inst/ib_addr_reg[12]
  -------------------------------------------------------------------
                         required time                         12.069    
                         arrival time                          -6.335    
  -------------------------------------------------------------------
                         slack                                  5.734    

Slack (MET) :             5.734ns  (required time - arrival time)
  Source:                 PL_i/proc_sys_reset_0/U0/ACTIVE_LOW_BSR_OUT_DFF[0].FDRE_BSR_N/C
                            (rising edge-triggered cell FDRE clocked by clk_fpga_0  {rise@0.000ns fall@5.000ns period=10.000ns})
  Destination:            PL_i/avgpool_2x2_bram_ctrl_0/inst/ib_addr_reg[13]/CLR
                            (recovery check against rising-edge clock clk_fpga_0  {rise@0.000ns fall@5.000ns period=10.000ns})
  Path Group:             **async_default**
  Path Type:              Recovery (Max at Slow Process Corner)
  Requirement:            10.000ns  (clk_fpga_0 rise@10.000ns - clk_fpga_0 rise@0.000ns)
  Data Path Delay:        3.392ns  (logic 0.573ns (16.894%)  route 2.819ns (83.106%))
  Logic Levels:           1  (LUT1=1)
  Clock Path Skew:        -0.107ns (DCD - SCD + CPR)
    Destination Clock Delay (DCD):    2.707ns = ( 12.707 - 10.000 ) 
    Source Clock Delay      (SCD):    2.943ns
    Clock Pessimism Removal (CPR):    0.129ns
  Clock Uncertainty:      0.154ns  ((TSJ^2 + TIJ^2)^1/2 + DJ) / 2 + PE
    Total System Jitter     (TSJ):    0.071ns
    Total Input Jitter      (TIJ):    0.300ns
    Discrete Jitter          (DJ):    0.000ns
    Phase Error              (PE):    0.000ns

    Location             Delay type                Incr(ns)  Path(ns)    Netlist Resource(s)
  -------------------------------------------------------------------    -------------------
                         (clock clk_fpga_0 rise edge)
                                                      0.000     0.000 r  
    PS7_X0Y0             PS7                          0.000     0.000 r  PL_i/processing_system7_0/inst/PS7_i/FCLKCLK[0]
                         net (fo=1, routed)           1.193     1.193    PL_i/processing_system7_0/inst/FCLK_CLK_unbuffered[0]
    BUFGCTRL_X0Y16       BUFG (Prop_bufg_I_O)         0.101     1.294 r  PL_i/processing_system7_0/inst/buffer_fclk_clk_0.FCLK_CLK_0_BUFG/O
                         net (fo=13695, routed)       1.649     2.943    PL_i/proc_sys_reset_0/U0/slowest_sync_clk
    SLICE_X47Y60         FDRE                                         r  PL_i/proc_sys_reset_0/U0/ACTIVE_LOW_BSR_OUT_DFF[0].FDRE_BSR_N/C
  -------------------------------------------------------------------    -------------------
    SLICE_X47Y60         FDRE (Prop_fdre_C_Q)         0.456     3.399 r  PL_i/proc_sys_reset_0/U0/ACTIVE_LOW_BSR_OUT_DFF[0].FDRE_BSR_N/Q
                         net (fo=40, routed)          0.417     3.816    PL_i/avgpool_2x2_bram_ctrl_0/inst/rst_n
    SLICE_X47Y60         LUT1 (Prop_lut1_I0_O)        0.117     3.933 f  PL_i/avgpool_2x2_bram_ctrl_0/inst/done_i_2/O
                         net (fo=82, routed)          2.402     6.335    PL_i/avgpool_2x2_bram_ctrl_0/inst/done_i_2_n_0
    SLICE_X60Y78         FDCE                                         f  PL_i/avgpool_2x2_bram_ctrl_0/inst/ib_addr_reg[13]/CLR
  -------------------------------------------------------------------    -------------------

                         (clock clk_fpga_0 rise edge)
                                                     10.000    10.000 r  
    PS7_X0Y0             PS7                          0.000    10.000 r  PL_i/processing_system7_0/inst/PS7_i/FCLKCLK[0]
                         net (fo=1, routed)           1.088    11.088    PL_i/processing_system7_0/inst/FCLK_CLK_unbuffered[0]
    BUFGCTRL_X0Y16       BUFG (Prop_bufg_I_O)         0.091    11.179 r  PL_i/processing_system7_0/inst/buffer_fclk_clk_0.FCLK_CLK_0_BUFG/O
                         net (fo=13695, routed)       1.528    12.707    PL_i/avgpool_2x2_bram_ctrl_0/inst/clk
    SLICE_X60Y78         FDCE                                         r  PL_i/avgpool_2x2_bram_ctrl_0/inst/ib_addr_reg[13]/C
                         clock pessimism              0.129    12.836    
                         clock uncertainty           -0.154    12.682    
    SLICE_X60Y78         FDCE (Recov_fdce_C_CLR)     -0.613    12.069    PL_i/avgpool_2x2_bram_ctrl_0/inst/ib_addr_reg[13]
  -------------------------------------------------------------------
                         required time                         12.069    
                         arrival time                          -6.335    
  -------------------------------------------------------------------
                         slack                                  5.734    

Slack (MET) :             5.734ns  (required time - arrival time)
  Source:                 PL_i/proc_sys_reset_0/U0/ACTIVE_LOW_BSR_OUT_DFF[0].FDRE_BSR_N/C
                            (rising edge-triggered cell FDRE clocked by clk_fpga_0  {rise@0.000ns fall@5.000ns period=10.000ns})
  Destination:            PL_i/avgpool_2x2_bram_ctrl_0/inst/ib_addr_reg[14]/CLR
                            (recovery check against rising-edge clock clk_fpga_0  {rise@0.000ns fall@5.000ns period=10.000ns})
  Path Group:             **async_default**
  Path Type:              Recovery (Max at Slow Process Corner)
  Requirement:            10.000ns  (clk_fpga_0 rise@10.000ns - clk_fpga_0 rise@0.000ns)
  Data Path Delay:        3.392ns  (logic 0.573ns (16.894%)  route 2.819ns (83.106%))
  Logic Levels:           1  (LUT1=1)
  Clock Path Skew:        -0.107ns (DCD - SCD + CPR)
    Destination Clock Delay (DCD):    2.707ns = ( 12.707 - 10.000 ) 
    Source Clock Delay      (SCD):    2.943ns
    Clock Pessimism Removal (CPR):    0.129ns
  Clock Uncertainty:      0.154ns  ((TSJ^2 + TIJ^2)^1/2 + DJ) / 2 + PE
    Total System Jitter     (TSJ):    0.071ns
    Total Input Jitter      (TIJ):    0.300ns
    Discrete Jitter          (DJ):    0.000ns
    Phase Error              (PE):    0.000ns

    Location             Delay type                Incr(ns)  Path(ns)    Netlist Resource(s)
  -------------------------------------------------------------------    -------------------
                         (clock clk_fpga_0 rise edge)
                                                      0.000     0.000 r  
    PS7_X0Y0             PS7                          0.000     0.000 r  PL_i/processing_system7_0/inst/PS7_i/FCLKCLK[0]
                         net (fo=1, routed)           1.193     1.193    PL_i/processing_system7_0/inst/FCLK_CLK_unbuffered[0]
    BUFGCTRL_X0Y16       BUFG (Prop_bufg_I_O)         0.101     1.294 r  PL_i/processing_system7_0/inst/buffer_fclk_clk_0.FCLK_CLK_0_BUFG/O
                         net (fo=13695, routed)       1.649     2.943    PL_i/proc_sys_reset_0/U0/slowest_sync_clk
    SLICE_X47Y60         FDRE                                         r  PL_i/proc_sys_reset_0/U0/ACTIVE_LOW_BSR_OUT_DFF[0].FDRE_BSR_N/C
  -------------------------------------------------------------------    -------------------
    SLICE_X47Y60         FDRE (Prop_fdre_C_Q)         0.456     3.399 r  PL_i/proc_sys_reset_0/U0/ACTIVE_LOW_BSR_OUT_DFF[0].FDRE_BSR_N/Q
                         net (fo=40, routed)          0.417     3.816    PL_i/avgpool_2x2_bram_ctrl_0/inst/rst_n
    SLICE_X47Y60         LUT1 (Prop_lut1_I0_O)        0.117     3.933 f  PL_i/avgpool_2x2_bram_ctrl_0/inst/done_i_2/O
                         net (fo=82, routed)          2.402     6.335    PL_i/avgpool_2x2_bram_ctrl_0/inst/done_i_2_n_0
    SLICE_X60Y78         FDCE                                         f  PL_i/avgpool_2x2_bram_ctrl_0/inst/ib_addr_reg[14]/CLR
  -------------------------------------------------------------------    -------------------

                         (clock clk_fpga_0 rise edge)
                                                     10.000    10.000 r  
    PS7_X0Y0             PS7                          0.000    10.000 r  PL_i/processing_system7_0/inst/PS7_i/FCLKCLK[0]
                         net (fo=1, routed)           1.088    11.088    PL_i/processing_system7_0/inst/FCLK_CLK_unbuffered[0]
    BUFGCTRL_X0Y16       BUFG (Prop_bufg_I_O)         0.091    11.179 r  PL_i/processing_system7_0/inst/buffer_fclk_clk_0.FCLK_CLK_0_BUFG/O
                         net (fo=13695, routed)       1.528    12.707    PL_i/avgpool_2x2_bram_ctrl_0/inst/clk
    SLICE_X60Y78         FDCE                                         r  PL_i/avgpool_2x2_bram_ctrl_0/inst/ib_addr_reg[14]/C
                         clock pessimism              0.129    12.836    
                         clock uncertainty           -0.154    12.682    
    SLICE_X60Y78         FDCE (Recov_fdce_C_CLR)     -0.613    12.069    PL_i/avgpool_2x2_bram_ctrl_0/inst/ib_addr_reg[14]
  -------------------------------------------------------------------
                         required time                         12.069    
                         arrival time                          -6.335    
  -------------------------------------------------------------------
                         slack                                  5.734    

Slack (MET) :             5.734ns  (required time - arrival time)
  Source:                 PL_i/proc_sys_reset_0/U0/ACTIVE_LOW_BSR_OUT_DFF[0].FDRE_BSR_N/C
                            (rising edge-triggered cell FDRE clocked by clk_fpga_0  {rise@0.000ns fall@5.000ns period=10.000ns})
  Destination:            PL_i/avgpool_2x2_bram_ctrl_0/inst/ib_addr_reg[15]/CLR
                            (recovery check against rising-edge clock clk_fpga_0  {rise@0.000ns fall@5.000ns period=10.000ns})
  Path Group:             **async_default**
  Path Type:              Recovery (Max at Slow Process Corner)
  Requirement:            10.000ns  (clk_fpga_0 rise@10.000ns - clk_fpga_0 rise@0.000ns)
  Data Path Delay:        3.392ns  (logic 0.573ns (16.894%)  route 2.819ns (83.106%))
  Logic Levels:           1  (LUT1=1)
  Clock Path Skew:        -0.107ns (DCD - SCD + CPR)
    Destination Clock Delay (DCD):    2.707ns = ( 12.707 - 10.000 ) 
    Source Clock Delay      (SCD):    2.943ns
    Clock Pessimism Removal (CPR):    0.129ns
  Clock Uncertainty:      0.154ns  ((TSJ^2 + TIJ^2)^1/2 + DJ) / 2 + PE
    Total System Jitter     (TSJ):    0.071ns
    Total Input Jitter      (TIJ):    0.300ns
    Discrete Jitter          (DJ):    0.000ns
    Phase Error              (PE):    0.000ns

    Location             Delay type                Incr(ns)  Path(ns)    Netlist Resource(s)
  -------------------------------------------------------------------    -------------------
                         (clock clk_fpga_0 rise edge)
                                                      0.000     0.000 r  
    PS7_X0Y0             PS7                          0.000     0.000 r  PL_i/processing_system7_0/inst/PS7_i/FCLKCLK[0]
                         net (fo=1, routed)           1.193     1.193    PL_i/processing_system7_0/inst/FCLK_CLK_unbuffered[0]
    BUFGCTRL_X0Y16       BUFG (Prop_bufg_I_O)         0.101     1.294 r  PL_i/processing_system7_0/inst/buffer_fclk_clk_0.FCLK_CLK_0_BUFG/O
                         net (fo=13695, routed)       1.649     2.943    PL_i/proc_sys_reset_0/U0/slowest_sync_clk
    SLICE_X47Y60         FDRE                                         r  PL_i/proc_sys_reset_0/U0/ACTIVE_LOW_BSR_OUT_DFF[0].FDRE_BSR_N/C
  -------------------------------------------------------------------    -------------------
    SLICE_X47Y60         FDRE (Prop_fdre_C_Q)         0.456     3.399 r  PL_i/proc_sys_reset_0/U0/ACTIVE_LOW_BSR_OUT_DFF[0].FDRE_BSR_N/Q
                         net (fo=40, routed)          0.417     3.816    PL_i/avgpool_2x2_bram_ctrl_0/inst/rst_n
    SLICE_X47Y60         LUT1 (Prop_lut1_I0_O)        0.117     3.933 f  PL_i/avgpool_2x2_bram_ctrl_0/inst/done_i_2/O
                         net (fo=82, routed)          2.402     6.335    PL_i/avgpool_2x2_bram_ctrl_0/inst/done_i_2_n_0
    SLICE_X60Y78         FDCE                                         f  PL_i/avgpool_2x2_bram_ctrl_0/inst/ib_addr_reg[15]/CLR
  -------------------------------------------------------------------    -------------------

                         (clock clk_fpga_0 rise edge)
                                                     10.000    10.000 r  
    PS7_X0Y0             PS7                          0.000    10.000 r  PL_i/processing_system7_0/inst/PS7_i/FCLKCLK[0]
                         net (fo=1, routed)           1.088    11.088    PL_i/processing_system7_0/inst/FCLK_CLK_unbuffered[0]
    BUFGCTRL_X0Y16       BUFG (Prop_bufg_I_O)         0.091    11.179 r  PL_i/processing_system7_0/inst/buffer_fclk_clk_0.FCLK_CLK_0_BUFG/O
                         net (fo=13695, routed)       1.528    12.707    PL_i/avgpool_2x2_bram_ctrl_0/inst/clk
    SLICE_X60Y78         FDCE                                         r  PL_i/avgpool_2x2_bram_ctrl_0/inst/ib_addr_reg[15]/C
                         clock pessimism              0.129    12.836    
                         clock uncertainty           -0.154    12.682    
    SLICE_X60Y78         FDCE (Recov_fdce_C_CLR)     -0.613    12.069    PL_i/avgpool_2x2_bram_ctrl_0/inst/ib_addr_reg[15]
  -------------------------------------------------------------------
                         required time                         12.069    
                         arrival time                          -6.335    
  -------------------------------------------------------------------
                         slack                                  5.734    

Slack (MET) :             5.889ns  (required time - arrival time)
  Source:                 PL_i/proc_sys_reset_0/U0/ACTIVE_LOW_BSR_OUT_DFF[0].FDRE_BSR_N/C
                            (rising edge-triggered cell FDRE clocked by clk_fpga_0  {rise@0.000ns fall@5.000ns period=10.000ns})
  Destination:            PL_i/avgpool_2x2_bram_ctrl_0/inst/FSM_sequential_state_reg[2]/CLR
                            (recovery check against rising-edge clock clk_fpga_0  {rise@0.000ns fall@5.000ns period=10.000ns})
  Path Group:             **async_default**
  Path Type:              Recovery (Max at Slow Process Corner)
  Requirement:            10.000ns  (clk_fpga_0 rise@10.000ns - clk_fpga_0 rise@0.000ns)
  Data Path Delay:        3.282ns  (logic 0.573ns (17.459%)  route 2.709ns (82.541%))
  Logic Levels:           1  (LUT1=1)
  Clock Path Skew:        -0.106ns (DCD - SCD + CPR)
    Destination Clock Delay (DCD):    2.708ns = ( 12.708 - 10.000 ) 
    Source Clock Delay      (SCD):    2.943ns
    Clock Pessimism Removal (CPR):    0.129ns
  Clock Uncertainty:      0.154ns  ((TSJ^2 + TIJ^2)^1/2 + DJ) / 2 + PE
    Total System Jitter     (TSJ):    0.071ns
    Total Input Jitter      (TIJ):    0.300ns
    Discrete Jitter          (DJ):    0.000ns
    Phase Error              (PE):    0.000ns

    Location             Delay type                Incr(ns)  Path(ns)    Netlist Resource(s)
  -------------------------------------------------------------------    -------------------
                         (clock clk_fpga_0 rise edge)
                                                      0.000     0.000 r  
    PS7_X0Y0             PS7                          0.000     0.000 r  PL_i/processing_system7_0/inst/PS7_i/FCLKCLK[0]
                         net (fo=1, routed)           1.193     1.193    PL_i/processing_system7_0/inst/FCLK_CLK_unbuffered[0]
    BUFGCTRL_X0Y16       BUFG (Prop_bufg_I_O)         0.101     1.294 r  PL_i/processing_system7_0/inst/buffer_fclk_clk_0.FCLK_CLK_0_BUFG/O
                         net (fo=13695, routed)       1.649     2.943    PL_i/proc_sys_reset_0/U0/slowest_sync_clk
    SLICE_X47Y60         FDRE                                         r  PL_i/proc_sys_reset_0/U0/ACTIVE_LOW_BSR_OUT_DFF[0].FDRE_BSR_N/C
  -------------------------------------------------------------------    -------------------
    SLICE_X47Y60         FDRE (Prop_fdre_C_Q)         0.456     3.399 r  PL_i/proc_sys_reset_0/U0/ACTIVE_LOW_BSR_OUT_DFF[0].FDRE_BSR_N/Q
                         net (fo=40, routed)          0.417     3.816    PL_i/avgpool_2x2_bram_ctrl_0/inst/rst_n
    SLICE_X47Y60         LUT1 (Prop_lut1_I0_O)        0.117     3.933 f  PL_i/avgpool_2x2_bram_ctrl_0/inst/done_i_2/O
                         net (fo=82, routed)          2.292     6.225    PL_i/avgpool_2x2_bram_ctrl_0/inst/done_i_2_n_0
    SLICE_X66Y78         FDCE                                         f  PL_i/avgpool_2x2_bram_ctrl_0/inst/FSM_sequential_state_reg[2]/CLR
  -------------------------------------------------------------------    -------------------

                         (clock clk_fpga_0 rise edge)
                                                     10.000    10.000 r  
    PS7_X0Y0             PS7                          0.000    10.000 r  PL_i/processing_system7_0/inst/PS7_i/FCLKCLK[0]
                         net (fo=1, routed)           1.088    11.088    PL_i/processing_system7_0/inst/FCLK_CLK_unbuffered[0]
    BUFGCTRL_X0Y16       BUFG (Prop_bufg_I_O)         0.091    11.179 r  PL_i/processing_system7_0/inst/buffer_fclk_clk_0.FCLK_CLK_0_BUFG/O
                         net (fo=13695, routed)       1.529    12.708    PL_i/avgpool_2x2_bram_ctrl_0/inst/clk
    SLICE_X66Y78         FDCE                                         r  PL_i/avgpool_2x2_bram_ctrl_0/inst/FSM_sequential_state_reg[2]/C
                         clock pessimism              0.129    12.837    
                         clock uncertainty           -0.154    12.683    
    SLICE_X66Y78         FDCE (Recov_fdce_C_CLR)     -0.569    12.114    PL_i/avgpool_2x2_bram_ctrl_0/inst/FSM_sequential_state_reg[2]
  -------------------------------------------------------------------
                         required time                         12.114    
                         arrival time                          -6.225    
  -------------------------------------------------------------------
                         slack                                  5.889    

Slack (MET) :             5.893ns  (required time - arrival time)
  Source:                 PL_i/proc_sys_reset_0/U0/ACTIVE_LOW_BSR_OUT_DFF[0].FDRE_BSR_N/C
                            (rising edge-triggered cell FDRE clocked by clk_fpga_0  {rise@0.000ns fall@5.000ns period=10.000ns})
  Destination:            PL_i/avgpool_2x2_bram_ctrl_0/inst/pair_idx_reg[11]/CLR
                            (recovery check against rising-edge clock clk_fpga_0  {rise@0.000ns fall@5.000ns period=10.000ns})
  Path Group:             **async_default**
  Path Type:              Recovery (Max at Slow Process Corner)
  Requirement:            10.000ns  (clk_fpga_0 rise@10.000ns - clk_fpga_0 rise@0.000ns)
  Data Path Delay:        3.278ns  (logic 0.573ns (17.482%)  route 2.705ns (82.518%))
  Logic Levels:           1  (LUT1=1)
  Clock Path Skew:        -0.106ns (DCD - SCD + CPR)
    Destination Clock Delay (DCD):    2.708ns = ( 12.708 - 10.000 ) 
    Source Clock Delay      (SCD):    2.943ns
    Clock Pessimism Removal (CPR):    0.129ns
  Clock Uncertainty:      0.154ns  ((TSJ^2 + TIJ^2)^1/2 + DJ) / 2 + PE
    Total System Jitter     (TSJ):    0.071ns
    Total Input Jitter      (TIJ):    0.300ns
    Discrete Jitter          (DJ):    0.000ns
    Phase Error              (PE):    0.000ns

    Location             Delay type                Incr(ns)  Path(ns)    Netlist Resource(s)
  -------------------------------------------------------------------    -------------------
                         (clock clk_fpga_0 rise edge)
                                                      0.000     0.000 r  
    PS7_X0Y0             PS7                          0.000     0.000 r  PL_i/processing_system7_0/inst/PS7_i/FCLKCLK[0]
                         net (fo=1, routed)           1.193     1.193    PL_i/processing_system7_0/inst/FCLK_CLK_unbuffered[0]
    BUFGCTRL_X0Y16       BUFG (Prop_bufg_I_O)         0.101     1.294 r  PL_i/processing_system7_0/inst/buffer_fclk_clk_0.FCLK_CLK_0_BUFG/O
                         net (fo=13695, routed)       1.649     2.943    PL_i/proc_sys_reset_0/U0/slowest_sync_clk
    SLICE_X47Y60         FDRE                                         r  PL_i/proc_sys_reset_0/U0/ACTIVE_LOW_BSR_OUT_DFF[0].FDRE_BSR_N/C
  -------------------------------------------------------------------    -------------------
    SLICE_X47Y60         FDRE (Prop_fdre_C_Q)         0.456     3.399 r  PL_i/proc_sys_reset_0/U0/ACTIVE_LOW_BSR_OUT_DFF[0].FDRE_BSR_N/Q
                         net (fo=40, routed)          0.417     3.816    PL_i/avgpool_2x2_bram_ctrl_0/inst/rst_n
    SLICE_X47Y60         LUT1 (Prop_lut1_I0_O)        0.117     3.933 f  PL_i/avgpool_2x2_bram_ctrl_0/inst/done_i_2/O
                         net (fo=82, routed)          2.288     6.221    PL_i/avgpool_2x2_bram_ctrl_0/inst/done_i_2_n_0
    SLICE_X62Y79         FDCE                                         f  PL_i/avgpool_2x2_bram_ctrl_0/inst/pair_idx_reg[11]/CLR
  -------------------------------------------------------------------    -------------------

                         (clock clk_fpga_0 rise edge)
                                                     10.000    10.000 r  
    PS7_X0Y0             PS7                          0.000    10.000 r  PL_i/processing_system7_0/inst/PS7_i/FCLKCLK[0]
                         net (fo=1, routed)           1.088    11.088    PL_i/processing_system7_0/inst/FCLK_CLK_unbuffered[0]
    BUFGCTRL_X0Y16       BUFG (Prop_bufg_I_O)         0.091    11.179 r  PL_i/processing_system7_0/inst/buffer_fclk_clk_0.FCLK_CLK_0_BUFG/O
                         net (fo=13695, routed)       1.529    12.708    PL_i/avgpool_2x2_bram_ctrl_0/inst/clk
    SLICE_X62Y79         FDCE                                         r  PL_i/avgpool_2x2_bram_ctrl_0/inst/pair_idx_reg[11]/C
                         clock pessimism              0.129    12.837    
                         clock uncertainty           -0.154    12.683    
    SLICE_X62Y79         FDCE (Recov_fdce_C_CLR)     -0.569    12.114    PL_i/avgpool_2x2_bram_ctrl_0/inst/pair_idx_reg[11]
  -------------------------------------------------------------------
                         required time                         12.114    
                         arrival time                          -6.221    
  -------------------------------------------------------------------
                         slack                                  5.893    





Min Delay Paths
--------------------------------------------------------------------------------------
Slack (MET) :             0.748ns  (arrival time - required time)
  Source:                 PL_i/proc_sys_reset_0/U0/ACTIVE_LOW_BSR_OUT_DFF[0].FDRE_BSR_N/C
                            (rising edge-triggered cell FDRE clocked by clk_fpga_0  {rise@0.000ns fall@5.000ns period=10.000ns})
  Destination:            PL_i/avgpool_2x2_bram_ctrl_0/inst/sample_a_reg[12]/CLR
                            (removal check against rising-edge clock clk_fpga_0  {rise@0.000ns fall@5.000ns period=10.000ns})
  Path Group:             **async_default**
  Path Type:              Removal (Min at Fast Process Corner)
  Requirement:            0.000ns  (clk_fpga_0 rise@0.000ns - clk_fpga_0 rise@0.000ns)
  Data Path Delay:        0.879ns  (logic 0.190ns (21.628%)  route 0.689ns (78.372%))
  Logic Levels:           1  (LUT1=1)
  Clock Path Skew:        0.289ns (DCD - SCD - CPR)
    Destination Clock Delay (DCD):    1.214ns
    Source Clock Delay      (SCD):    0.890ns
    Clock Pessimism Removal (CPR):    0.035ns

    Location             Delay type                Incr(ns)  Path(ns)    Netlist Resource(s)
  -------------------------------------------------------------------    -------------------
                         (clock clk_fpga_0 rise edge)
                                                      0.000     0.000 r  
    PS7_X0Y0             PS7                          0.000     0.000 r  PL_i/processing_system7_0/inst/PS7_i/FCLKCLK[0]
                         net (fo=1, routed)           0.310     0.310    PL_i/processing_system7_0/inst/FCLK_CLK_unbuffered[0]
    BUFGCTRL_X0Y16       BUFG (Prop_bufg_I_O)         0.026     0.336 r  PL_i/processing_system7_0/inst/buffer_fclk_clk_0.FCLK_CLK_0_BUFG/O
                         net (fo=13695, routed)       0.554     0.890    PL_i/proc_sys_reset_0/U0/slowest_sync_clk
    SLICE_X47Y60         FDRE                                         r  PL_i/proc_sys_reset_0/U0/ACTIVE_LOW_BSR_OUT_DFF[0].FDRE_BSR_N/C
  -------------------------------------------------------------------    -------------------
    SLICE_X47Y60         FDRE (Prop_fdre_C_Q)         0.141     1.031 r  PL_i/proc_sys_reset_0/U0/ACTIVE_LOW_BSR_OUT_DFF[0].FDRE_BSR_N/Q
                         net (fo=40, routed)          0.150     1.180    PL_i/avgpool_2x2_bram_ctrl_0/inst/rst_n
    SLICE_X47Y60         LUT1 (Prop_lut1_I0_O)        0.049     1.229 f  PL_i/avgpool_2x2_bram_ctrl_0/inst/done_i_2/O
                         net (fo=82, routed)          0.539     1.768    PL_i/avgpool_2x2_bram_ctrl_0/inst/done_i_2_n_0
    SLICE_X57Y51         FDCE                                         f  PL_i/avgpool_2x2_bram_ctrl_0/inst/sample_a_reg[12]/CLR
  -------------------------------------------------------------------    -------------------

                         (clock clk_fpga_0 rise edge)
                                                      0.000     0.000 r  
    PS7_X0Y0             PS7                          0.000     0.000 r  PL_i/processing_system7_0/inst/PS7_i/FCLKCLK[0]
                         net (fo=1, routed)           0.337     0.337    PL_i/processing_system7_0/inst/FCLK_CLK_unbuffered[0]
    BUFGCTRL_X0Y16       BUFG (Prop_bufg_I_O)         0.029     0.366 r  PL_i/processing_system7_0/inst/buffer_fclk_clk_0.FCLK_CLK_0_BUFG/O
                         net (fo=13695, routed)       0.848     1.214    PL_i/avgpool_2x2_bram_ctrl_0/inst/clk
    SLICE_X57Y51         FDCE                                         r  PL_i/avgpool_2x2_bram_ctrl_0/inst/sample_a_reg[12]/C
                         clock pessimism             -0.035     1.179    
    SLICE_X57Y51         FDCE (Remov_fdce_C_CLR)     -0.159     1.020    PL_i/avgpool_2x2_bram_ctrl_0/inst/sample_a_reg[12]
  -------------------------------------------------------------------
                         required time                         -1.020    
                         arrival time                           1.768    
  -------------------------------------------------------------------
                         slack                                  0.748    

Slack (MET) :             0.748ns  (arrival time - required time)
  Source:                 PL_i/proc_sys_reset_0/U0/ACTIVE_LOW_BSR_OUT_DFF[0].FDRE_BSR_N/C
                            (rising edge-triggered cell FDRE clocked by clk_fpga_0  {rise@0.000ns fall@5.000ns period=10.000ns})
  Destination:            PL_i/avgpool_2x2_bram_ctrl_0/inst/sample_a_reg[13]/CLR
                            (removal check against rising-edge clock clk_fpga_0  {rise@0.000ns fall@5.000ns period=10.000ns})
  Path Group:             **async_default**
  Path Type:              Removal (Min at Fast Process Corner)
  Requirement:            0.000ns  (clk_fpga_0 rise@0.000ns - clk_fpga_0 rise@0.000ns)
  Data Path Delay:        0.879ns  (logic 0.190ns (21.628%)  route 0.689ns (78.372%))
  Logic Levels:           1  (LUT1=1)
  Clock Path Skew:        0.289ns (DCD - SCD - CPR)
    Destination Clock Delay (DCD):    1.214ns
    Source Clock Delay      (SCD):    0.890ns
    Clock Pessimism Removal (CPR):    0.035ns

    Location             Delay type                Incr(ns)  Path(ns)    Netlist Resource(s)
  -------------------------------------------------------------------    -------------------
                         (clock clk_fpga_0 rise edge)
                                                      0.000     0.000 r  
    PS7_X0Y0             PS7                          0.000     0.000 r  PL_i/processing_system7_0/inst/PS7_i/FCLKCLK[0]
                         net (fo=1, routed)           0.310     0.310    PL_i/processing_system7_0/inst/FCLK_CLK_unbuffered[0]
    BUFGCTRL_X0Y16       BUFG (Prop_bufg_I_O)         0.026     0.336 r  PL_i/processing_system7_0/inst/buffer_fclk_clk_0.FCLK_CLK_0_BUFG/O
                         net (fo=13695, routed)       0.554     0.890    PL_i/proc_sys_reset_0/U0/slowest_sync_clk
    SLICE_X47Y60         FDRE                                         r  PL_i/proc_sys_reset_0/U0/ACTIVE_LOW_BSR_OUT_DFF[0].FDRE_BSR_N/C
  -------------------------------------------------------------------    -------------------
    SLICE_X47Y60         FDRE (Prop_fdre_C_Q)         0.141     1.031 r  PL_i/proc_sys_reset_0/U0/ACTIVE_LOW_BSR_OUT_DFF[0].FDRE_BSR_N/Q
                         net (fo=40, routed)          0.150     1.180    PL_i/avgpool_2x2_bram_ctrl_0/inst/rst_n
    SLICE_X47Y60         LUT1 (Prop_lut1_I0_O)        0.049     1.229 f  PL_i/avgpool_2x2_bram_ctrl_0/inst/done_i_2/O
                         net (fo=82, routed)          0.539     1.768    PL_i/avgpool_2x2_bram_ctrl_0/inst/done_i_2_n_0
    SLICE_X57Y51         FDCE                                         f  PL_i/avgpool_2x2_bram_ctrl_0/inst/sample_a_reg[13]/CLR
  -------------------------------------------------------------------    -------------------

                         (clock clk_fpga_0 rise edge)
                                                      0.000     0.000 r  
    PS7_X0Y0             PS7                          0.000     0.000 r  PL_i/processing_system7_0/inst/PS7_i/FCLKCLK[0]
                         net (fo=1, routed)           0.337     0.337    PL_i/processing_system7_0/inst/FCLK_CLK_unbuffered[0]
    BUFGCTRL_X0Y16       BUFG (Prop_bufg_I_O)         0.029     0.366 r  PL_i/processing_system7_0/inst/buffer_fclk_clk_0.FCLK_CLK_0_BUFG/O
                         net (fo=13695, routed)       0.848     1.214    PL_i/avgpool_2x2_bram_ctrl_0/inst/clk
    SLICE_X57Y51         FDCE                                         r  PL_i/avgpool_2x2_bram_ctrl_0/inst/sample_a_reg[13]/C
                         clock pessimism             -0.035     1.179    
    SLICE_X57Y51         FDCE (Remov_fdce_C_CLR)     -0.159     1.020    PL_i/avgpool_2x2_bram_ctrl_0/inst/sample_a_reg[13]
  -------------------------------------------------------------------
                         required time                         -1.020    
                         arrival time                           1.768    
  -------------------------------------------------------------------
                         slack                                  0.748    

Slack (MET) :             0.748ns  (arrival time - required time)
  Source:                 PL_i/proc_sys_reset_0/U0/ACTIVE_LOW_BSR_OUT_DFF[0].FDRE_BSR_N/C
                            (rising edge-triggered cell FDRE clocked by clk_fpga_0  {rise@0.000ns fall@5.000ns period=10.000ns})
  Destination:            PL_i/avgpool_2x2_bram_ctrl_0/inst/sample_a_reg[14]/CLR
                            (removal check against rising-edge clock clk_fpga_0  {rise@0.000ns fall@5.000ns period=10.000ns})
  Path Group:             **async_default**
  Path Type:              Removal (Min at Fast Process Corner)
  Requirement:            0.000ns  (clk_fpga_0 rise@0.000ns - clk_fpga_0 rise@0.000ns)
  Data Path Delay:        0.879ns  (logic 0.190ns (21.628%)  route 0.689ns (78.372%))
  Logic Levels:           1  (LUT1=1)
  Clock Path Skew:        0.289ns (DCD - SCD - CPR)
    Destination Clock Delay (DCD):    1.214ns
    Source Clock Delay      (SCD):    0.890ns
    Clock Pessimism Removal (CPR):    0.035ns

    Location             Delay type                Incr(ns)  Path(ns)    Netlist Resource(s)
  -------------------------------------------------------------------    -------------------
                         (clock clk_fpga_0 rise edge)
                                                      0.000     0.000 r  
    PS7_X0Y0             PS7                          0.000     0.000 r  PL_i/processing_system7_0/inst/PS7_i/FCLKCLK[0]
                         net (fo=1, routed)           0.310     0.310    PL_i/processing_system7_0/inst/FCLK_CLK_unbuffered[0]
    BUFGCTRL_X0Y16       BUFG (Prop_bufg_I_O)         0.026     0.336 r  PL_i/processing_system7_0/inst/buffer_fclk_clk_0.FCLK_CLK_0_BUFG/O
                         net (fo=13695, routed)       0.554     0.890    PL_i/proc_sys_reset_0/U0/slowest_sync_clk
    SLICE_X47Y60         FDRE                                         r  PL_i/proc_sys_reset_0/U0/ACTIVE_LOW_BSR_OUT_DFF[0].FDRE_BSR_N/C
  -------------------------------------------------------------------    -------------------
    SLICE_X47Y60         FDRE (Prop_fdre_C_Q)         0.141     1.031 r  PL_i/proc_sys_reset_0/U0/ACTIVE_LOW_BSR_OUT_DFF[0].FDRE_BSR_N/Q
                         net (fo=40, routed)          0.150     1.180    PL_i/avgpool_2x2_bram_ctrl_0/inst/rst_n
    SLICE_X47Y60         LUT1 (Prop_lut1_I0_O)        0.049     1.229 f  PL_i/avgpool_2x2_bram_ctrl_0/inst/done_i_2/O
                         net (fo=82, routed)          0.539     1.768    PL_i/avgpool_2x2_bram_ctrl_0/inst/done_i_2_n_0
    SLICE_X57Y51         FDCE                                         f  PL_i/avgpool_2x2_bram_ctrl_0/inst/sample_a_reg[14]/CLR
  -------------------------------------------------------------------    -------------------

                         (clock clk_fpga_0 rise edge)
                                                      0.000     0.000 r  
    PS7_X0Y0             PS7                          0.000     0.000 r  PL_i/processing_system7_0/inst/PS7_i/FCLKCLK[0]
                         net (fo=1, routed)           0.337     0.337    PL_i/processing_system7_0/inst/FCLK_CLK_unbuffered[0]
    BUFGCTRL_X0Y16       BUFG (Prop_bufg_I_O)         0.029     0.366 r  PL_i/processing_system7_0/inst/buffer_fclk_clk_0.FCLK_CLK_0_BUFG/O
                         net (fo=13695, routed)       0.848     1.214    PL_i/avgpool_2x2_bram_ctrl_0/inst/clk
    SLICE_X57Y51         FDCE                                         r  PL_i/avgpool_2x2_bram_ctrl_0/inst/sample_a_reg[14]/C
                         clock pessimism             -0.035     1.179    
    SLICE_X57Y51         FDCE (Remov_fdce_C_CLR)     -0.159     1.020    PL_i/avgpool_2x2_bram_ctrl_0/inst/sample_a_reg[14]
  -------------------------------------------------------------------
                         required time                         -1.020    
                         arrival time                           1.768    
  -------------------------------------------------------------------
                         slack                                  0.748    

Slack (MET) :             0.748ns  (arrival time - required time)
  Source:                 PL_i/proc_sys_reset_0/U0/ACTIVE_LOW_BSR_OUT_DFF[0].FDRE_BSR_N/C
                            (rising edge-triggered cell FDRE clocked by clk_fpga_0  {rise@0.000ns fall@5.000ns period=10.000ns})
  Destination:            PL_i/avgpool_2x2_bram_ctrl_0/inst/sample_a_reg[15]/CLR
                            (removal check against rising-edge clock clk_fpga_0  {rise@0.000ns fall@5.000ns period=10.000ns})
  Path Group:             **async_default**
  Path Type:              Removal (Min at Fast Process Corner)
  Requirement:            0.000ns  (clk_fpga_0 rise@0.000ns - clk_fpga_0 rise@0.000ns)
  Data Path Delay:        0.879ns  (logic 0.190ns (21.628%)  route 0.689ns (78.372%))
  Logic Levels:           1  (LUT1=1)
  Clock Path Skew:        0.289ns (DCD - SCD - CPR)
    Destination Clock Delay (DCD):    1.214ns
    Source Clock Delay      (SCD):    0.890ns
    Clock Pessimism Removal (CPR):    0.035ns

    Location             Delay type                Incr(ns)  Path(ns)    Netlist Resource(s)
  -------------------------------------------------------------------    -------------------
                         (clock clk_fpga_0 rise edge)
                                                      0.000     0.000 r  
    PS7_X0Y0             PS7                          0.000     0.000 r  PL_i/processing_system7_0/inst/PS7_i/FCLKCLK[0]
                         net (fo=1, routed)           0.310     0.310    PL_i/processing_system7_0/inst/FCLK_CLK_unbuffered[0]
    BUFGCTRL_X0Y16       BUFG (Prop_bufg_I_O)         0.026     0.336 r  PL_i/processing_system7_0/inst/buffer_fclk_clk_0.FCLK_CLK_0_BUFG/O
                         net (fo=13695, routed)       0.554     0.890    PL_i/proc_sys_reset_0/U0/slowest_sync_clk
    SLICE_X47Y60         FDRE                                         r  PL_i/proc_sys_reset_0/U0/ACTIVE_LOW_BSR_OUT_DFF[0].FDRE_BSR_N/C
  -------------------------------------------------------------------    -------------------
    SLICE_X47Y60         FDRE (Prop_fdre_C_Q)         0.141     1.031 r  PL_i/proc_sys_reset_0/U0/ACTIVE_LOW_BSR_OUT_DFF[0].FDRE_BSR_N/Q
                         net (fo=40, routed)          0.150     1.180    PL_i/avgpool_2x2_bram_ctrl_0/inst/rst_n
    SLICE_X47Y60         LUT1 (Prop_lut1_I0_O)        0.049     1.229 f  PL_i/avgpool_2x2_bram_ctrl_0/inst/done_i_2/O
                         net (fo=82, routed)          0.539     1.768    PL_i/avgpool_2x2_bram_ctrl_0/inst/done_i_2_n_0
    SLICE_X57Y51         FDCE                                         f  PL_i/avgpool_2x2_bram_ctrl_0/inst/sample_a_reg[15]/CLR
  -------------------------------------------------------------------    -------------------

                         (clock clk_fpga_0 rise edge)
                                                      0.000     0.000 r  
    PS7_X0Y0             PS7                          0.000     0.000 r  PL_i/processing_system7_0/inst/PS7_i/FCLKCLK[0]
                         net (fo=1, routed)           0.337     0.337    PL_i/processing_system7_0/inst/FCLK_CLK_unbuffered[0]
    BUFGCTRL_X0Y16       BUFG (Prop_bufg_I_O)         0.029     0.366 r  PL_i/processing_system7_0/inst/buffer_fclk_clk_0.FCLK_CLK_0_BUFG/O
                         net (fo=13695, routed)       0.848     1.214    PL_i/avgpool_2x2_bram_ctrl_0/inst/clk
    SLICE_X57Y51         FDCE                                         r  PL_i/avgpool_2x2_bram_ctrl_0/inst/sample_a_reg[15]/C
                         clock pessimism             -0.035     1.179    
    SLICE_X57Y51         FDCE (Remov_fdce_C_CLR)     -0.159     1.020    PL_i/avgpool_2x2_bram_ctrl_0/inst/sample_a_reg[15]
  -------------------------------------------------------------------
                         required time                         -1.020    
                         arrival time                           1.768    
  -------------------------------------------------------------------
                         slack                                  0.748    

Slack (MET) :             0.753ns  (arrival time - required time)
  Source:                 PL_i/proc_sys_reset_0/U0/ACTIVE_LOW_BSR_OUT_DFF[0].FDRE_BSR_N/C
                            (rising edge-triggered cell FDRE clocked by clk_fpga_0  {rise@0.000ns fall@5.000ns period=10.000ns})
  Destination:            PL_i/avgpool_2x2_bram_ctrl_0/inst/sum_reg_reg[12]/CLR
                            (removal check against rising-edge clock clk_fpga_0  {rise@0.000ns fall@5.000ns period=10.000ns})
  Path Group:             **async_default**
  Path Type:              Removal (Min at Fast Process Corner)
  Requirement:            0.000ns  (clk_fpga_0 rise@0.000ns - clk_fpga_0 rise@0.000ns)
  Data Path Delay:        0.883ns  (logic 0.190ns (21.521%)  route 0.693ns (78.479%))
  Logic Levels:           1  (LUT1=1)
  Clock Path Skew:        0.289ns (DCD - SCD - CPR)
    Destination Clock Delay (DCD):    1.214ns
    Source Clock Delay      (SCD):    0.890ns
    Clock Pessimism Removal (CPR):    0.035ns

    Location             Delay type                Incr(ns)  Path(ns)    Netlist Resource(s)
  -------------------------------------------------------------------    -------------------
                         (clock clk_fpga_0 rise edge)
                                                      0.000     0.000 r  
    PS7_X0Y0             PS7                          0.000     0.000 r  PL_i/processing_system7_0/inst/PS7_i/FCLKCLK[0]
                         net (fo=1, routed)           0.310     0.310    PL_i/processing_system7_0/inst/FCLK_CLK_unbuffered[0]
    BUFGCTRL_X0Y16       BUFG (Prop_bufg_I_O)         0.026     0.336 r  PL_i/processing_system7_0/inst/buffer_fclk_clk_0.FCLK_CLK_0_BUFG/O
                         net (fo=13695, routed)       0.554     0.890    PL_i/proc_sys_reset_0/U0/slowest_sync_clk
    SLICE_X47Y60         FDRE                                         r  PL_i/proc_sys_reset_0/U0/ACTIVE_LOW_BSR_OUT_DFF[0].FDRE_BSR_N/C
  -------------------------------------------------------------------    -------------------
    SLICE_X47Y60         FDRE (Prop_fdre_C_Q)         0.141     1.031 r  PL_i/proc_sys_reset_0/U0/ACTIVE_LOW_BSR_OUT_DFF[0].FDRE_BSR_N/Q
                         net (fo=40, routed)          0.150     1.180    PL_i/avgpool_2x2_bram_ctrl_0/inst/rst_n
    SLICE_X47Y60         LUT1 (Prop_lut1_I0_O)        0.049     1.229 f  PL_i/avgpool_2x2_bram_ctrl_0/inst/done_i_2/O
                         net (fo=82, routed)          0.543     1.772    PL_i/avgpool_2x2_bram_ctrl_0/inst/done_i_2_n_0
    SLICE_X56Y51         FDCE                                         f  PL_i/avgpool_2x2_bram_ctrl_0/inst/sum_reg_reg[12]/CLR
  -------------------------------------------------------------------    -------------------

                         (clock clk_fpga_0 rise edge)
                                                      0.000     0.000 r  
    PS7_X0Y0             PS7                          0.000     0.000 r  PL_i/processing_system7_0/inst/PS7_i/FCLKCLK[0]
                         net (fo=1, routed)           0.337     0.337    PL_i/processing_system7_0/inst/FCLK_CLK_unbuffered[0]
    BUFGCTRL_X0Y16       BUFG (Prop_bufg_I_O)         0.029     0.366 r  PL_i/processing_system7_0/inst/buffer_fclk_clk_0.FCLK_CLK_0_BUFG/O
                         net (fo=13695, routed)       0.848     1.214    PL_i/avgpool_2x2_bram_ctrl_0/inst/clk
    SLICE_X56Y51         FDCE                                         r  PL_i/avgpool_2x2_bram_ctrl_0/inst/sum_reg_reg[12]/C
                         clock pessimism             -0.035     1.179    
    SLICE_X56Y51         FDCE (Remov_fdce_C_CLR)     -0.159     1.020    PL_i/avgpool_2x2_bram_ctrl_0/inst/sum_reg_reg[12]
  -------------------------------------------------------------------
                         required time                         -1.020    
                         arrival time                           1.772    
  -------------------------------------------------------------------
                         slack                                  0.753    

Slack (MET) :             0.753ns  (arrival time - required time)
  Source:                 PL_i/proc_sys_reset_0/U0/ACTIVE_LOW_BSR_OUT_DFF[0].FDRE_BSR_N/C
                            (rising edge-triggered cell FDRE clocked by clk_fpga_0  {rise@0.000ns fall@5.000ns period=10.000ns})
  Destination:            PL_i/avgpool_2x2_bram_ctrl_0/inst/sum_reg_reg[13]/CLR
                            (removal check against rising-edge clock clk_fpga_0  {rise@0.000ns fall@5.000ns period=10.000ns})
  Path Group:             **async_default**
  Path Type:              Removal (Min at Fast Process Corner)
  Requirement:            0.000ns  (clk_fpga_0 rise@0.000ns - clk_fpga_0 rise@0.000ns)
  Data Path Delay:        0.883ns  (logic 0.190ns (21.521%)  route 0.693ns (78.479%))
  Logic Levels:           1  (LUT1=1)
  Clock Path Skew:        0.289ns (DCD - SCD - CPR)
    Destination Clock Delay (DCD):    1.214ns
    Source Clock Delay      (SCD):    0.890ns
    Clock Pessimism Removal (CPR):    0.035ns

    Location             Delay type                Incr(ns)  Path(ns)    Netlist Resource(s)
  -------------------------------------------------------------------    -------------------
                         (clock clk_fpga_0 rise edge)
                                                      0.000     0.000 r  
    PS7_X0Y0             PS7                          0.000     0.000 r  PL_i/processing_system7_0/inst/PS7_i/FCLKCLK[0]
                         net (fo=1, routed)           0.310     0.310    PL_i/processing_system7_0/inst/FCLK_CLK_unbuffered[0]
    BUFGCTRL_X0Y16       BUFG (Prop_bufg_I_O)         0.026     0.336 r  PL_i/processing_system7_0/inst/buffer_fclk_clk_0.FCLK_CLK_0_BUFG/O
                         net (fo=13695, routed)       0.554     0.890    PL_i/proc_sys_reset_0/U0/slowest_sync_clk
    SLICE_X47Y60         FDRE                                         r  PL_i/proc_sys_reset_0/U0/ACTIVE_LOW_BSR_OUT_DFF[0].FDRE_BSR_N/C
  -------------------------------------------------------------------    -------------------
    SLICE_X47Y60         FDRE (Prop_fdre_C_Q)         0.141     1.031 r  PL_i/proc_sys_reset_0/U0/ACTIVE_LOW_BSR_OUT_DFF[0].FDRE_BSR_N/Q
                         net (fo=40, routed)          0.150     1.180    PL_i/avgpool_2x2_bram_ctrl_0/inst/rst_n
    SLICE_X47Y60         LUT1 (Prop_lut1_I0_O)        0.049     1.229 f  PL_i/avgpool_2x2_bram_ctrl_0/inst/done_i_2/O
                         net (fo=82, routed)          0.543     1.772    PL_i/avgpool_2x2_bram_ctrl_0/inst/done_i_2_n_0
    SLICE_X56Y51         FDCE                                         f  PL_i/avgpool_2x2_bram_ctrl_0/inst/sum_reg_reg[13]/CLR
  -------------------------------------------------------------------    -------------------

                         (clock clk_fpga_0 rise edge)
                                                      0.000     0.000 r  
    PS7_X0Y0             PS7                          0.000     0.000 r  PL_i/processing_system7_0/inst/PS7_i/FCLKCLK[0]
                         net (fo=1, routed)           0.337     0.337    PL_i/processing_system7_0/inst/FCLK_CLK_unbuffered[0]
    BUFGCTRL_X0Y16       BUFG (Prop_bufg_I_O)         0.029     0.366 r  PL_i/processing_system7_0/inst/buffer_fclk_clk_0.FCLK_CLK_0_BUFG/O
                         net (fo=13695, routed)       0.848     1.214    PL_i/avgpool_2x2_bram_ctrl_0/inst/clk
    SLICE_X56Y51         FDCE                                         r  PL_i/avgpool_2x2_bram_ctrl_0/inst/sum_reg_reg[13]/C
                         clock pessimism             -0.035     1.179    
    SLICE_X56Y51         FDCE (Remov_fdce_C_CLR)     -0.159     1.020    PL_i/avgpool_2x2_bram_ctrl_0/inst/sum_reg_reg[13]
  -------------------------------------------------------------------
                         required time                         -1.020    
                         arrival time                           1.772    
  -------------------------------------------------------------------
                         slack                                  0.753    

Slack (MET) :             0.753ns  (arrival time - required time)
  Source:                 PL_i/proc_sys_reset_0/U0/ACTIVE_LOW_BSR_OUT_DFF[0].FDRE_BSR_N/C
                            (rising edge-triggered cell FDRE clocked by clk_fpga_0  {rise@0.000ns fall@5.000ns period=10.000ns})
  Destination:            PL_i/avgpool_2x2_bram_ctrl_0/inst/sum_reg_reg[14]/CLR
                            (removal check against rising-edge clock clk_fpga_0  {rise@0.000ns fall@5.000ns period=10.000ns})
  Path Group:             **async_default**
  Path Type:              Removal (Min at Fast Process Corner)
  Requirement:            0.000ns  (clk_fpga_0 rise@0.000ns - clk_fpga_0 rise@0.000ns)
  Data Path Delay:        0.883ns  (logic 0.190ns (21.521%)  route 0.693ns (78.479%))
  Logic Levels:           1  (LUT1=1)
  Clock Path Skew:        0.289ns (DCD - SCD - CPR)
    Destination Clock Delay (DCD):    1.214ns
    Source Clock Delay      (SCD):    0.890ns
    Clock Pessimism Removal (CPR):    0.035ns

    Location             Delay type                Incr(ns)  Path(ns)    Netlist Resource(s)
  -------------------------------------------------------------------    -------------------
                         (clock clk_fpga_0 rise edge)
                                                      0.000     0.000 r  
    PS7_X0Y0             PS7                          0.000     0.000 r  PL_i/processing_system7_0/inst/PS7_i/FCLKCLK[0]
                         net (fo=1, routed)           0.310     0.310    PL_i/processing_system7_0/inst/FCLK_CLK_unbuffered[0]
    BUFGCTRL_X0Y16       BUFG (Prop_bufg_I_O)         0.026     0.336 r  PL_i/processing_system7_0/inst/buffer_fclk_clk_0.FCLK_CLK_0_BUFG/O
                         net (fo=13695, routed)       0.554     0.890    PL_i/proc_sys_reset_0/U0/slowest_sync_clk
    SLICE_X47Y60         FDRE                                         r  PL_i/proc_sys_reset_0/U0/ACTIVE_LOW_BSR_OUT_DFF[0].FDRE_BSR_N/C
  -------------------------------------------------------------------    -------------------
    SLICE_X47Y60         FDRE (Prop_fdre_C_Q)         0.141     1.031 r  PL_i/proc_sys_reset_0/U0/ACTIVE_LOW_BSR_OUT_DFF[0].FDRE_BSR_N/Q
                         net (fo=40, routed)          0.150     1.180    PL_i/avgpool_2x2_bram_ctrl_0/inst/rst_n
    SLICE_X47Y60         LUT1 (Prop_lut1_I0_O)        0.049     1.229 f  PL_i/avgpool_2x2_bram_ctrl_0/inst/done_i_2/O
                         net (fo=82, routed)          0.543     1.772    PL_i/avgpool_2x2_bram_ctrl_0/inst/done_i_2_n_0
    SLICE_X56Y51         FDCE                                         f  PL_i/avgpool_2x2_bram_ctrl_0/inst/sum_reg_reg[14]/CLR
  -------------------------------------------------------------------    -------------------

                         (clock clk_fpga_0 rise edge)
                                                      0.000     0.000 r  
    PS7_X0Y0             PS7                          0.000     0.000 r  PL_i/processing_system7_0/inst/PS7_i/FCLKCLK[0]
                         net (fo=1, routed)           0.337     0.337    PL_i/processing_system7_0/inst/FCLK_CLK_unbuffered[0]
    BUFGCTRL_X0Y16       BUFG (Prop_bufg_I_O)         0.029     0.366 r  PL_i/processing_system7_0/inst/buffer_fclk_clk_0.FCLK_CLK_0_BUFG/O
                         net (fo=13695, routed)       0.848     1.214    PL_i/avgpool_2x2_bram_ctrl_0/inst/clk
    SLICE_X56Y51         FDCE                                         r  PL_i/avgpool_2x2_bram_ctrl_0/inst/sum_reg_reg[14]/C
                         clock pessimism             -0.035     1.179    
    SLICE_X56Y51         FDCE (Remov_fdce_C_CLR)     -0.159     1.020    PL_i/avgpool_2x2_bram_ctrl_0/inst/sum_reg_reg[14]
  -------------------------------------------------------------------
                         required time                         -1.020    
                         arrival time                           1.772    
  -------------------------------------------------------------------
                         slack                                  0.753    

Slack (MET) :             0.753ns  (arrival time - required time)
  Source:                 PL_i/proc_sys_reset_0/U0/ACTIVE_LOW_BSR_OUT_DFF[0].FDRE_BSR_N/C
                            (rising edge-triggered cell FDRE clocked by clk_fpga_0  {rise@0.000ns fall@5.000ns period=10.000ns})
  Destination:            PL_i/avgpool_2x2_bram_ctrl_0/inst/sum_reg_reg[15]/CLR
                            (removal check against rising-edge clock clk_fpga_0  {rise@0.000ns fall@5.000ns period=10.000ns})
  Path Group:             **async_default**
  Path Type:              Removal (Min at Fast Process Corner)
  Requirement:            0.000ns  (clk_fpga_0 rise@0.000ns - clk_fpga_0 rise@0.000ns)
  Data Path Delay:        0.883ns  (logic 0.190ns (21.521%)  route 0.693ns (78.479%))
  Logic Levels:           1  (LUT1=1)
  Clock Path Skew:        0.289ns (DCD - SCD - CPR)
    Destination Clock Delay (DCD):    1.214ns
    Source Clock Delay      (SCD):    0.890ns
    Clock Pessimism Removal (CPR):    0.035ns

    Location             Delay type                Incr(ns)  Path(ns)    Netlist Resource(s)
  -------------------------------------------------------------------    -------------------
                         (clock clk_fpga_0 rise edge)
                                                      0.000     0.000 r  
    PS7_X0Y0             PS7                          0.000     0.000 r  PL_i/processing_system7_0/inst/PS7_i/FCLKCLK[0]
                         net (fo=1, routed)           0.310     0.310    PL_i/processing_system7_0/inst/FCLK_CLK_unbuffered[0]
    BUFGCTRL_X0Y16       BUFG (Prop_bufg_I_O)         0.026     0.336 r  PL_i/processing_system7_0/inst/buffer_fclk_clk_0.FCLK_CLK_0_BUFG/O
                         net (fo=13695, routed)       0.554     0.890    PL_i/proc_sys_reset_0/U0/slowest_sync_clk
    SLICE_X47Y60         FDRE                                         r  PL_i/proc_sys_reset_0/U0/ACTIVE_LOW_BSR_OUT_DFF[0].FDRE_BSR_N/C
  -------------------------------------------------------------------    -------------------
    SLICE_X47Y60         FDRE (Prop_fdre_C_Q)         0.141     1.031 r  PL_i/proc_sys_reset_0/U0/ACTIVE_LOW_BSR_OUT_DFF[0].FDRE_BSR_N/Q
                         net (fo=40, routed)          0.150     1.180    PL_i/avgpool_2x2_bram_ctrl_0/inst/rst_n
    SLICE_X47Y60         LUT1 (Prop_lut1_I0_O)        0.049     1.229 f  PL_i/avgpool_2x2_bram_ctrl_0/inst/done_i_2/O
                         net (fo=82, routed)          0.543     1.772    PL_i/avgpool_2x2_bram_ctrl_0/inst/done_i_2_n_0
    SLICE_X56Y51         FDCE                                         f  PL_i/avgpool_2x2_bram_ctrl_0/inst/sum_reg_reg[15]/CLR
  -------------------------------------------------------------------    -------------------

                         (clock clk_fpga_0 rise edge)
                                                      0.000     0.000 r  
    PS7_X0Y0             PS7                          0.000     0.000 r  PL_i/processing_system7_0/inst/PS7_i/FCLKCLK[0]
                         net (fo=1, routed)           0.337     0.337    PL_i/processing_system7_0/inst/FCLK_CLK_unbuffered[0]
    BUFGCTRL_X0Y16       BUFG (Prop_bufg_I_O)         0.029     0.366 r  PL_i/processing_system7_0/inst/buffer_fclk_clk_0.FCLK_CLK_0_BUFG/O
                         net (fo=13695, routed)       0.848     1.214    PL_i/avgpool_2x2_bram_ctrl_0/inst/clk
    SLICE_X56Y51         FDCE                                         r  PL_i/avgpool_2x2_bram_ctrl_0/inst/sum_reg_reg[15]/C
                         clock pessimism             -0.035     1.179    
    SLICE_X56Y51         FDCE (Remov_fdce_C_CLR)     -0.159     1.020    PL_i/avgpool_2x2_bram_ctrl_0/inst/sum_reg_reg[15]
  -------------------------------------------------------------------
                         required time                         -1.020    
                         arrival time                           1.772    
  -------------------------------------------------------------------
                         slack                                  0.753    

Slack (MET) :             0.802ns  (arrival time - required time)
  Source:                 PL_i/proc_sys_reset_0/U0/ACTIVE_LOW_BSR_OUT_DFF[0].FDRE_BSR_N/C
                            (rising edge-triggered cell FDRE clocked by clk_fpga_0  {rise@0.000ns fall@5.000ns period=10.000ns})
  Destination:            PL_i/avgpool_2x2_bram_ctrl_0/inst/sample_a_reg[10]/CLR
                            (removal check against rising-edge clock clk_fpga_0  {rise@0.000ns fall@5.000ns period=10.000ns})
  Path Group:             **async_default**
  Path Type:              Removal (Min at Fast Process Corner)
  Requirement:            0.000ns  (clk_fpga_0 rise@0.000ns - clk_fpga_0 rise@0.000ns)
  Data Path Delay:        0.932ns  (logic 0.190ns (20.378%)  route 0.742ns (79.622%))
  Logic Levels:           1  (LUT1=1)
  Clock Path Skew:        0.289ns (DCD - SCD - CPR)
    Destination Clock Delay (DCD):    1.214ns
    Source Clock Delay      (SCD):    0.890ns
    Clock Pessimism Removal (CPR):    0.035ns

    Location             Delay type                Incr(ns)  Path(ns)    Netlist Resource(s)
  -------------------------------------------------------------------    -------------------
                         (clock clk_fpga_0 rise edge)
                                                      0.000     0.000 r  
    PS7_X0Y0             PS7                          0.000     0.000 r  PL_i/processing_system7_0/inst/PS7_i/FCLKCLK[0]
                         net (fo=1, routed)           0.310     0.310    PL_i/processing_system7_0/inst/FCLK_CLK_unbuffered[0]
    BUFGCTRL_X0Y16       BUFG (Prop_bufg_I_O)         0.026     0.336 r  PL_i/processing_system7_0/inst/buffer_fclk_clk_0.FCLK_CLK_0_BUFG/O
                         net (fo=13695, routed)       0.554     0.890    PL_i/proc_sys_reset_0/U0/slowest_sync_clk
    SLICE_X47Y60         FDRE                                         r  PL_i/proc_sys_reset_0/U0/ACTIVE_LOW_BSR_OUT_DFF[0].FDRE_BSR_N/C
  -------------------------------------------------------------------    -------------------
    SLICE_X47Y60         FDRE (Prop_fdre_C_Q)         0.141     1.031 r  PL_i/proc_sys_reset_0/U0/ACTIVE_LOW_BSR_OUT_DFF[0].FDRE_BSR_N/Q
                         net (fo=40, routed)          0.150     1.180    PL_i/avgpool_2x2_bram_ctrl_0/inst/rst_n
    SLICE_X47Y60         LUT1 (Prop_lut1_I0_O)        0.049     1.229 f  PL_i/avgpool_2x2_bram_ctrl_0/inst/done_i_2/O
                         net (fo=82, routed)          0.593     1.822    PL_i/avgpool_2x2_bram_ctrl_0/inst/done_i_2_n_0
    SLICE_X57Y50         FDCE                                         f  PL_i/avgpool_2x2_bram_ctrl_0/inst/sample_a_reg[10]/CLR
  -------------------------------------------------------------------    -------------------

                         (clock clk_fpga_0 rise edge)
                                                      0.000     0.000 r  
    PS7_X0Y0             PS7                          0.000     0.000 r  PL_i/processing_system7_0/inst/PS7_i/FCLKCLK[0]
                         net (fo=1, routed)           0.337     0.337    PL_i/processing_system7_0/inst/FCLK_CLK_unbuffered[0]
    BUFGCTRL_X0Y16       BUFG (Prop_bufg_I_O)         0.029     0.366 r  PL_i/processing_system7_0/inst/buffer_fclk_clk_0.FCLK_CLK_0_BUFG/O
                         net (fo=13695, routed)       0.848     1.214    PL_i/avgpool_2x2_bram_ctrl_0/inst/clk
    SLICE_X57Y50         FDCE                                         r  PL_i/avgpool_2x2_bram_ctrl_0/inst/sample_a_reg[10]/C
                         clock pessimism             -0.035     1.179    
    SLICE_X57Y50         FDCE (Remov_fdce_C_CLR)     -0.159     1.020    PL_i/avgpool_2x2_bram_ctrl_0/inst/sample_a_reg[10]
  -------------------------------------------------------------------
                         required time                         -1.020    
                         arrival time                           1.822    
  -------------------------------------------------------------------
                         slack                                  0.802    

Slack (MET) :             0.802ns  (arrival time - required time)
  Source:                 PL_i/proc_sys_reset_0/U0/ACTIVE_LOW_BSR_OUT_DFF[0].FDRE_BSR_N/C
                            (rising edge-triggered cell FDRE clocked by clk_fpga_0  {rise@0.000ns fall@5.000ns period=10.000ns})
  Destination:            PL_i/avgpool_2x2_bram_ctrl_0/inst/sample_a_reg[11]/CLR
                            (removal check against rising-edge clock clk_fpga_0  {rise@0.000ns fall@5.000ns period=10.000ns})
  Path Group:             **async_default**
  Path Type:              Removal (Min at Fast Process Corner)
  Requirement:            0.000ns  (clk_fpga_0 rise@0.000ns - clk_fpga_0 rise@0.000ns)
  Data Path Delay:        0.932ns  (logic 0.190ns (20.378%)  route 0.742ns (79.622%))
  Logic Levels:           1  (LUT1=1)
  Clock Path Skew:        0.289ns (DCD - SCD - CPR)
    Destination Clock Delay (DCD):    1.214ns
    Source Clock Delay      (SCD):    0.890ns
    Clock Pessimism Removal (CPR):    0.035ns

    Location             Delay type                Incr(ns)  Path(ns)    Netlist Resource(s)
  -------------------------------------------------------------------    -------------------
                         (clock clk_fpga_0 rise edge)
                                                      0.000     0.000 r  
    PS7_X0Y0             PS7                          0.000     0.000 r  PL_i/processing_system7_0/inst/PS7_i/FCLKCLK[0]
                         net (fo=1, routed)           0.310     0.310    PL_i/processing_system7_0/inst/FCLK_CLK_unbuffered[0]
    BUFGCTRL_X0Y16       BUFG (Prop_bufg_I_O)         0.026     0.336 r  PL_i/processing_system7_0/inst/buffer_fclk_clk_0.FCLK_CLK_0_BUFG/O
                         net (fo=13695, routed)       0.554     0.890    PL_i/proc_sys_reset_0/U0/slowest_sync_clk
    SLICE_X47Y60         FDRE                                         r  PL_i/proc_sys_reset_0/U0/ACTIVE_LOW_BSR_OUT_DFF[0].FDRE_BSR_N/C
  -------------------------------------------------------------------    -------------------
    SLICE_X47Y60         FDRE (Prop_fdre_C_Q)         0.141     1.031 r  PL_i/proc_sys_reset_0/U0/ACTIVE_LOW_BSR_OUT_DFF[0].FDRE_BSR_N/Q
                         net (fo=40, routed)          0.150     1.180    PL_i/avgpool_2x2_bram_ctrl_0/inst/rst_n
    SLICE_X47Y60         LUT1 (Prop_lut1_I0_O)        0.049     1.229 f  PL_i/avgpool_2x2_bram_ctrl_0/inst/done_i_2/O
                         net (fo=82, routed)          0.593     1.822    PL_i/avgpool_2x2_bram_ctrl_0/inst/done_i_2_n_0
    SLICE_X57Y50         FDCE                                         f  PL_i/avgpool_2x2_bram_ctrl_0/inst/sample_a_reg[11]/CLR
  -------------------------------------------------------------------    -------------------

                         (clock clk_fpga_0 rise edge)
                                                      0.000     0.000 r  
    PS7_X0Y0             PS7                          0.000     0.000 r  PL_i/processing_system7_0/inst/PS7_i/FCLKCLK[0]
                         net (fo=1, routed)           0.337     0.337    PL_i/processing_system7_0/inst/FCLK_CLK_unbuffered[0]
    BUFGCTRL_X0Y16       BUFG (Prop_bufg_I_O)         0.029     0.366 r  PL_i/processing_system7_0/inst/buffer_fclk_clk_0.FCLK_CLK_0_BUFG/O
                         net (fo=13695, routed)       0.848     1.214    PL_i/avgpool_2x2_bram_ctrl_0/inst/clk
    SLICE_X57Y50         FDCE                                         r  PL_i/avgpool_2x2_bram_ctrl_0/inst/sample_a_reg[11]/C
                         clock pessimism             -0.035     1.179    
    SLICE_X57Y50         FDCE (Remov_fdce_C_CLR)     -0.159     1.020    PL_i/avgpool_2x2_bram_ctrl_0/inst/sample_a_reg[11]
  -------------------------------------------------------------------
                         required time                         -1.020    
                         arrival time                           1.822    
  -------------------------------------------------------------------
                         slack                                  0.802    





--------------------------------------------------------------------------------------
Path Group:  (none)
From Clock:  
  To Clock:  clk_fpga_0

Max Delay             1 Endpoint
Min Delay             1 Endpoint
--------------------------------------------------------------------------------------


Max Delay Paths
--------------------------------------------------------------------------------------
Slack:                    inf
  Source:                 PL_i/processing_system7_0/inst/PS7_i/FCLKRESETN[0]
                            (internal pin)
  Destination:            PL_i/proc_sys_reset_0/U0/EXT_LPF/ACTIVE_LOW_EXT.ACT_LO_EXT/syncstages_ff_reg[0]/D
                            (rising edge-triggered cell FDRE clocked by clk_fpga_0  {rise@0.000ns fall@5.000ns period=10.000ns})
  Path Group:             (none)
  Path Type:              Setup (Max at Slow Process Corner)
  Data Path Delay:        2.458ns  (logic 0.124ns (5.044%)  route 2.334ns (94.956%))
  Logic Levels:           1  (LUT1=1)
  Clock Uncertainty:      0.152ns  ((TSJ^2 + TIJ^2)^1/2 + DJ) / 2 + PE
    Total System Jitter     (TSJ):    0.050ns
    Total Input Jitter      (TIJ):    0.300ns
    Discrete Jitter          (DJ):    0.000ns
    Phase Error              (PE):    0.000ns
  Timing Exception:       False Path

    Location             Delay type                Incr(ns)  Path(ns)    Netlist Resource(s)
  -------------------------------------------------------------------    -------------------
    PS7_X0Y0             PS7                          0.000     0.000 f  PL_i/processing_system7_0/inst/PS7_i/FCLKRESETN[0]
                         net (fo=1, routed)           2.334     2.334    PL_i/proc_sys_reset_0/U0/EXT_LPF/ext_reset_in
    SLICE_X44Y63         LUT1 (Prop_lut1_I0_O)        0.124     2.458 r  PL_i/proc_sys_reset_0/U0/EXT_LPF/ACTIVE_LOW_EXT.ACT_LO_EXT_i_1/O
                         net (fo=1, routed)           0.000     2.458    PL_i/proc_sys_reset_0/U0/EXT_LPF/ACTIVE_LOW_EXT.ACT_LO_EXT/src_in
    SLICE_X44Y63         FDRE                                         r  PL_i/proc_sys_reset_0/U0/EXT_LPF/ACTIVE_LOW_EXT.ACT_LO_EXT/syncstages_ff_reg[0]/D
  -------------------------------------------------------------------    -------------------

                         (clock clk_fpga_0 rise edge)
                                                      0.000     0.000 r  
    PS7_X0Y0             PS7                          0.000     0.000 r  PL_i/processing_system7_0/inst/PS7_i/FCLKCLK[0]
                         net (fo=1, routed)           1.088     1.088    PL_i/processing_system7_0/inst/FCLK_CLK_unbuffered[0]
    BUFGCTRL_X0Y16       BUFG (Prop_bufg_I_O)         0.091     1.179 r  PL_i/processing_system7_0/inst/buffer_fclk_clk_0.FCLK_CLK_0_BUFG/O
                         net (fo=13695, routed)       1.473     2.652    PL_i/proc_sys_reset_0/U0/EXT_LPF/ACTIVE_LOW_EXT.ACT_LO_EXT/dest_clk
    SLICE_X44Y63         FDRE                                         r  PL_i/proc_sys_reset_0/U0/EXT_LPF/ACTIVE_LOW_EXT.ACT_LO_EXT/syncstages_ff_reg[0]/C





Min Delay Paths
--------------------------------------------------------------------------------------
Slack:                    inf
  Source:                 PL_i/processing_system7_0/inst/PS7_i/FCLKRESETN[0]
                            (internal pin)
  Destination:            PL_i/proc_sys_reset_0/U0/EXT_LPF/ACTIVE_LOW_EXT.ACT_LO_EXT/syncstages_ff_reg[0]/D
                            (rising edge-triggered cell FDRE clocked by clk_fpga_0  {rise@0.000ns fall@5.000ns period=10.000ns})
  Path Group:             (none)
  Path Type:              Hold (Min at Fast Process Corner)
  Data Path Delay:        1.029ns  (logic 0.045ns (4.371%)  route 0.984ns (95.629%))
  Logic Levels:           1  (LUT1=1)
  Clock Uncertainty:      0.152ns  ((TSJ^2 + TIJ^2)^1/2 + DJ) / 2 + PE
    Total System Jitter     (TSJ):    0.050ns
    Total Input Jitter      (TIJ):    0.300ns
    Discrete Jitter          (DJ):    0.000ns
    Phase Error              (PE):    0.000ns
  Timing Exception:       False Path

    Location             Delay type                Incr(ns)  Path(ns)    Netlist Resource(s)
  -------------------------------------------------------------------    -------------------
    PS7_X0Y0             PS7                          0.000     0.000 f  PL_i/processing_system7_0/inst/PS7_i/FCLKRESETN[0]
                         net (fo=1, routed)           0.984     0.984    PL_i/proc_sys_reset_0/U0/EXT_LPF/ext_reset_in
    SLICE_X44Y63         LUT1 (Prop_lut1_I0_O)        0.045     1.029 r  PL_i/proc_sys_reset_0/U0/EXT_LPF/ACTIVE_LOW_EXT.ACT_LO_EXT_i_1/O
                         net (fo=1, routed)           0.000     1.029    PL_i/proc_sys_reset_0/U0/EXT_LPF/ACTIVE_LOW_EXT.ACT_LO_EXT/src_in
    SLICE_X44Y63         FDRE                                         r  PL_i/proc_sys_reset_0/U0/EXT_LPF/ACTIVE_LOW_EXT.ACT_LO_EXT/syncstages_ff_reg[0]/D
  -------------------------------------------------------------------    -------------------

                         (clock clk_fpga_0 rise edge)
                                                      0.000     0.000 r  
    PS7_X0Y0             PS7                          0.000     0.000 r  PL_i/processing_system7_0/inst/PS7_i/FCLKCLK[0]
                         net (fo=1, routed)           0.337     0.337    PL_i/processing_system7_0/inst/FCLK_CLK_unbuffered[0]
    BUFGCTRL_X0Y16       BUFG (Prop_bufg_I_O)         0.029     0.366 r  PL_i/processing_system7_0/inst/buffer_fclk_clk_0.FCLK_CLK_0_BUFG/O
                         net (fo=13695, routed)       0.819     1.185    PL_i/proc_sys_reset_0/U0/EXT_LPF/ACTIVE_LOW_EXT.ACT_LO_EXT/dest_clk
    SLICE_X44Y63         FDRE                                         r  PL_i/proc_sys_reset_0/U0/EXT_LPF/ACTIVE_LOW_EXT.ACT_LO_EXT/syncstages_ff_reg[0]/C





--------------------------------------------------------------------------------------
Path Group:  (none)
From Clock:  clk_fpga_0
  To Clock:  clk_fpga_0

Max Delay           141 Endpoints
Min Delay           141 Endpoints
--------------------------------------------------------------------------------------


Max Delay Paths
--------------------------------------------------------------------------------------
Slack:                    inf
  Source:                 PL_i/axi_smc/inst/clk_map/psr_aclk/U0/ACTIVE_LOW_BSR_OUT_DFF[0].FDRE_BSR_N/C
                            (rising edge-triggered cell FDRE clocked by clk_fpga_0  {rise@0.000ns fall@5.000ns period=10.000ns})
  Destination:            PL_i/axi_smc/inst/s00_nodes/s00_r_node/inst/s_sc_xpm_cdc_async_rst_inst/arststages_ff_reg[0]/CLR
                            (recovery check against rising-edge clock clk_fpga_0  {rise@0.000ns fall@5.000ns period=10.000ns})
  Path Group:             (none)
  Path Type:              Recovery (Max at Slow Process Corner)
  Data Path Delay:        5.293ns  (logic 0.580ns (10.958%)  route 4.713ns (89.042%))
  Logic Levels:           1  (LUT1=1)
  Clock Path Skew:        -0.333ns (DCD - SCD + CPR)
    Destination Clock Delay (DCD):    2.683ns
    Source Clock Delay      (SCD):    3.016ns
    Clock Pessimism Removal (CPR):    0.000ns
  Clock Uncertainty:      0.154ns  ((TSJ^2 + TIJ^2)^1/2 + DJ) / 2 + PE
    Total System Jitter     (TSJ):    0.071ns
    Total Input Jitter      (TIJ):    0.300ns
    Discrete Jitter          (DJ):    0.000ns
    Phase Error              (PE):    0.000ns
  Timing Exception:       False Path

    Location             Delay type                Incr(ns)  Path(ns)    Netlist Resource(s)
  -------------------------------------------------------------------    -------------------
                         (clock clk_fpga_0 rise edge)
                                                      0.000     0.000 r  
    PS7_X0Y0             PS7                          0.000     0.000 r  PL_i/processing_system7_0/inst/PS7_i/FCLKCLK[0]
                         net (fo=1, routed)           1.193     1.193    PL_i/processing_system7_0/inst/FCLK_CLK_unbuffered[0]
    BUFGCTRL_X0Y16       BUFG (Prop_bufg_I_O)         0.101     1.294 r  PL_i/processing_system7_0/inst/buffer_fclk_clk_0.FCLK_CLK_0_BUFG/O
                         net (fo=13695, routed)       1.722     3.016    PL_i/axi_smc/inst/clk_map/psr_aclk/U0/aclk
    SLICE_X88Y95         FDRE                                         r  PL_i/axi_smc/inst/clk_map/psr_aclk/U0/ACTIVE_LOW_BSR_OUT_DFF[0].FDRE_BSR_N/C
  -------------------------------------------------------------------    -------------------
    SLICE_X88Y95         FDRE (Prop_fdre_C_Q)         0.456     3.472 r  PL_i/axi_smc/inst/clk_map/psr_aclk/U0/ACTIVE_LOW_BSR_OUT_DFF[0].FDRE_BSR_N/Q
                         net (fo=38, routed)          4.224     7.696    PL_i/axi_smc/inst/s00_nodes/s00_r_node/inst/s_sc_xpm_cdc_async_rst_inst/src_arst
    SLICE_X26Y75         LUT1 (Prop_lut1_I0_O)        0.124     7.820 f  PL_i/axi_smc/inst/s00_nodes/s00_r_node/inst/s_sc_xpm_cdc_async_rst_inst/arststages_ff[2]_i_1/O
                         net (fo=3, routed)           0.489     8.309    PL_i/axi_smc/inst/s00_nodes/s00_r_node/inst/s_sc_xpm_cdc_async_rst_inst/reset_pol
    SLICE_X26Y75         FDCE                                         f  PL_i/axi_smc/inst/s00_nodes/s00_r_node/inst/s_sc_xpm_cdc_async_rst_inst/arststages_ff_reg[0]/CLR
  -------------------------------------------------------------------    -------------------

                         (clock clk_fpga_0 rise edge)
                                                      0.000     0.000 r  
    PS7_X0Y0             PS7                          0.000     0.000 r  PL_i/processing_system7_0/inst/PS7_i/FCLKCLK[0]
                         net (fo=1, routed)           1.088     1.088    PL_i/processing_system7_0/inst/FCLK_CLK_unbuffered[0]
    BUFGCTRL_X0Y16       BUFG (Prop_bufg_I_O)         0.091     1.179 r  PL_i/processing_system7_0/inst/buffer_fclk_clk_0.FCLK_CLK_0_BUFG/O
                         net (fo=13695, routed)       1.504     2.683    PL_i/axi_smc/inst/s00_nodes/s00_r_node/inst/s_sc_xpm_cdc_async_rst_inst/dest_clk
    SLICE_X26Y75         FDCE                                         r  PL_i/axi_smc/inst/s00_nodes/s00_r_node/inst/s_sc_xpm_cdc_async_rst_inst/arststages_ff_reg[0]/C

Slack:                    inf
  Source:                 PL_i/axi_smc/inst/clk_map/psr_aclk/U0/ACTIVE_LOW_BSR_OUT_DFF[0].FDRE_BSR_N/C
                            (rising edge-triggered cell FDRE clocked by clk_fpga_0  {rise@0.000ns fall@5.000ns period=10.000ns})
  Destination:            PL_i/axi_smc/inst/s00_nodes/s00_r_node/inst/s_sc_xpm_cdc_async_rst_inst/arststages_ff_reg[1]/CLR
                            (recovery check against rising-edge clock clk_fpga_0  {rise@0.000ns fall@5.000ns period=10.000ns})
  Path Group:             (none)
  Path Type:              Recovery (Max at Slow Process Corner)
  Data Path Delay:        5.293ns  (logic 0.580ns (10.958%)  route 4.713ns (89.042%))
  Logic Levels:           1  (LUT1=1)
  Clock Path Skew:        -0.333ns (DCD - SCD + CPR)
    Destination Clock Delay (DCD):    2.683ns
    Source Clock Delay      (SCD):    3.016ns
    Clock Pessimism Removal (CPR):    0.000ns
  Clock Uncertainty:      0.154ns  ((TSJ^2 + TIJ^2)^1/2 + DJ) / 2 + PE
    Total System Jitter     (TSJ):    0.071ns
    Total Input Jitter      (TIJ):    0.300ns
    Discrete Jitter          (DJ):    0.000ns
    Phase Error              (PE):    0.000ns
  Timing Exception:       False Path

    Location             Delay type                Incr(ns)  Path(ns)    Netlist Resource(s)
  -------------------------------------------------------------------    -------------------
                         (clock clk_fpga_0 rise edge)
                                                      0.000     0.000 r  
    PS7_X0Y0             PS7                          0.000     0.000 r  PL_i/processing_system7_0/inst/PS7_i/FCLKCLK[0]
                         net (fo=1, routed)           1.193     1.193    PL_i/processing_system7_0/inst/FCLK_CLK_unbuffered[0]
    BUFGCTRL_X0Y16       BUFG (Prop_bufg_I_O)         0.101     1.294 r  PL_i/processing_system7_0/inst/buffer_fclk_clk_0.FCLK_CLK_0_BUFG/O
                         net (fo=13695, routed)       1.722     3.016    PL_i/axi_smc/inst/clk_map/psr_aclk/U0/aclk
    SLICE_X88Y95         FDRE                                         r  PL_i/axi_smc/inst/clk_map/psr_aclk/U0/ACTIVE_LOW_BSR_OUT_DFF[0].FDRE_BSR_N/C
  -------------------------------------------------------------------    -------------------
    SLICE_X88Y95         FDRE (Prop_fdre_C_Q)         0.456     3.472 r  PL_i/axi_smc/inst/clk_map/psr_aclk/U0/ACTIVE_LOW_BSR_OUT_DFF[0].FDRE_BSR_N/Q
                         net (fo=38, routed)          4.224     7.696    PL_i/axi_smc/inst/s00_nodes/s00_r_node/inst/s_sc_xpm_cdc_async_rst_inst/src_arst
    SLICE_X26Y75         LUT1 (Prop_lut1_I0_O)        0.124     7.820 f  PL_i/axi_smc/inst/s00_nodes/s00_r_node/inst/s_sc_xpm_cdc_async_rst_inst/arststages_ff[2]_i_1/O
                         net (fo=3, routed)           0.489     8.309    PL_i/axi_smc/inst/s00_nodes/s00_r_node/inst/s_sc_xpm_cdc_async_rst_inst/reset_pol
    SLICE_X26Y75         FDCE                                         f  PL_i/axi_smc/inst/s00_nodes/s00_r_node/inst/s_sc_xpm_cdc_async_rst_inst/arststages_ff_reg[1]/CLR
  -------------------------------------------------------------------    -------------------

                         (clock clk_fpga_0 rise edge)
                                                      0.000     0.000 r  
    PS7_X0Y0             PS7                          0.000     0.000 r  PL_i/processing_system7_0/inst/PS7_i/FCLKCLK[0]
                         net (fo=1, routed)           1.088     1.088    PL_i/processing_system7_0/inst/FCLK_CLK_unbuffered[0]
    BUFGCTRL_X0Y16       BUFG (Prop_bufg_I_O)         0.091     1.179 r  PL_i/processing_system7_0/inst/buffer_fclk_clk_0.FCLK_CLK_0_BUFG/O
                         net (fo=13695, routed)       1.504     2.683    PL_i/axi_smc/inst/s00_nodes/s00_r_node/inst/s_sc_xpm_cdc_async_rst_inst/dest_clk
    SLICE_X26Y75         FDCE                                         r  PL_i/axi_smc/inst/s00_nodes/s00_r_node/inst/s_sc_xpm_cdc_async_rst_inst/arststages_ff_reg[1]/C

Slack:                    inf
  Source:                 PL_i/axi_smc/inst/clk_map/psr_aclk/U0/ACTIVE_LOW_BSR_OUT_DFF[0].FDRE_BSR_N/C
                            (rising edge-triggered cell FDRE clocked by clk_fpga_0  {rise@0.000ns fall@5.000ns period=10.000ns})
  Destination:            PL_i/axi_smc/inst/s00_nodes/s00_r_node/inst/s_sc_xpm_cdc_async_rst_inst/arststages_ff_reg[2]/CLR
                            (recovery check against rising-edge clock clk_fpga_0  {rise@0.000ns fall@5.000ns period=10.000ns})
  Path Group:             (none)
  Path Type:              Recovery (Max at Slow Process Corner)
  Data Path Delay:        5.293ns  (logic 0.580ns (10.958%)  route 4.713ns (89.042%))
  Logic Levels:           1  (LUT1=1)
  Clock Path Skew:        -0.333ns (DCD - SCD + CPR)
    Destination Clock Delay (DCD):    2.683ns
    Source Clock Delay      (SCD):    3.016ns
    Clock Pessimism Removal (CPR):    0.000ns
  Clock Uncertainty:      0.154ns  ((TSJ^2 + TIJ^2)^1/2 + DJ) / 2 + PE
    Total System Jitter     (TSJ):    0.071ns
    Total Input Jitter      (TIJ):    0.300ns
    Discrete Jitter          (DJ):    0.000ns
    Phase Error              (PE):    0.000ns
  Timing Exception:       False Path

    Location             Delay type                Incr(ns)  Path(ns)    Netlist Resource(s)
  -------------------------------------------------------------------    -------------------
                         (clock clk_fpga_0 rise edge)
                                                      0.000     0.000 r  
    PS7_X0Y0             PS7                          0.000     0.000 r  PL_i/processing_system7_0/inst/PS7_i/FCLKCLK[0]
                         net (fo=1, routed)           1.193     1.193    PL_i/processing_system7_0/inst/FCLK_CLK_unbuffered[0]
    BUFGCTRL_X0Y16       BUFG (Prop_bufg_I_O)         0.101     1.294 r  PL_i/processing_system7_0/inst/buffer_fclk_clk_0.FCLK_CLK_0_BUFG/O
                         net (fo=13695, routed)       1.722     3.016    PL_i/axi_smc/inst/clk_map/psr_aclk/U0/aclk
    SLICE_X88Y95         FDRE                                         r  PL_i/axi_smc/inst/clk_map/psr_aclk/U0/ACTIVE_LOW_BSR_OUT_DFF[0].FDRE_BSR_N/C
  -------------------------------------------------------------------    -------------------
    SLICE_X88Y95         FDRE (Prop_fdre_C_Q)         0.456     3.472 r  PL_i/axi_smc/inst/clk_map/psr_aclk/U0/ACTIVE_LOW_BSR_OUT_DFF[0].FDRE_BSR_N/Q
                         net (fo=38, routed)          4.224     7.696    PL_i/axi_smc/inst/s00_nodes/s00_r_node/inst/s_sc_xpm_cdc_async_rst_inst/src_arst
    SLICE_X26Y75         LUT1 (Prop_lut1_I0_O)        0.124     7.820 f  PL_i/axi_smc/inst/s00_nodes/s00_r_node/inst/s_sc_xpm_cdc_async_rst_inst/arststages_ff[2]_i_1/O
                         net (fo=3, routed)           0.489     8.309    PL_i/axi_smc/inst/s00_nodes/s00_r_node/inst/s_sc_xpm_cdc_async_rst_inst/reset_pol
    SLICE_X26Y75         FDCE                                         f  PL_i/axi_smc/inst/s00_nodes/s00_r_node/inst/s_sc_xpm_cdc_async_rst_inst/arststages_ff_reg[2]/CLR
  -------------------------------------------------------------------    -------------------

                         (clock clk_fpga_0 rise edge)
                                                      0.000     0.000 r  
    PS7_X0Y0             PS7                          0.000     0.000 r  PL_i/processing_system7_0/inst/PS7_i/FCLKCLK[0]
                         net (fo=1, routed)           1.088     1.088    PL_i/processing_system7_0/inst/FCLK_CLK_unbuffered[0]
    BUFGCTRL_X0Y16       BUFG (Prop_bufg_I_O)         0.091     1.179 r  PL_i/processing_system7_0/inst/buffer_fclk_clk_0.FCLK_CLK_0_BUFG/O
                         net (fo=13695, routed)       1.504     2.683    PL_i/axi_smc/inst/s00_nodes/s00_r_node/inst/s_sc_xpm_cdc_async_rst_inst/dest_clk
    SLICE_X26Y75         FDCE                                         r  PL_i/axi_smc/inst/s00_nodes/s00_r_node/inst/s_sc_xpm_cdc_async_rst_inst/arststages_ff_reg[2]/C

Slack:                    inf
  Source:                 PL_i/axi_smc/inst/clk_map/psr_aclk/U0/ACTIVE_LOW_BSR_OUT_DFF[0].FDRE_BSR_N/C
                            (rising edge-triggered cell FDRE clocked by clk_fpga_0  {rise@0.000ns fall@5.000ns period=10.000ns})
  Destination:            PL_i/axi_smc/inst/m03_nodes/m03_r_node/inst/s_sc_xpm_cdc_async_rst_inst/arststages_ff_reg[0]/CLR
                            (recovery check against rising-edge clock clk_fpga_0  {rise@0.000ns fall@5.000ns period=10.000ns})
  Path Group:             (none)
  Path Type:              Recovery (Max at Slow Process Corner)
  Data Path Delay:        5.127ns  (logic 0.609ns (11.878%)  route 4.518ns (88.122%))
  Logic Levels:           1  (LUT1=1)
  Clock Path Skew:        -0.366ns (DCD - SCD + CPR)
    Destination Clock Delay (DCD):    2.650ns
    Source Clock Delay      (SCD):    3.016ns
    Clock Pessimism Removal (CPR):    0.000ns
  Clock Uncertainty:      0.154ns  ((TSJ^2 + TIJ^2)^1/2 + DJ) / 2 + PE
    Total System Jitter     (TSJ):    0.071ns
    Total Input Jitter      (TIJ):    0.300ns
    Discrete Jitter          (DJ):    0.000ns
    Phase Error              (PE):    0.000ns
  Timing Exception:       False Path

    Location             Delay type                Incr(ns)  Path(ns)    Netlist Resource(s)
  -------------------------------------------------------------------    -------------------
                         (clock clk_fpga_0 rise edge)
                                                      0.000     0.000 r  
    PS7_X0Y0             PS7                          0.000     0.000 r  PL_i/processing_system7_0/inst/PS7_i/FCLKCLK[0]
                         net (fo=1, routed)           1.193     1.193    PL_i/processing_system7_0/inst/FCLK_CLK_unbuffered[0]
    BUFGCTRL_X0Y16       BUFG (Prop_bufg_I_O)         0.101     1.294 r  PL_i/processing_system7_0/inst/buffer_fclk_clk_0.FCLK_CLK_0_BUFG/O
                         net (fo=13695, routed)       1.722     3.016    PL_i/axi_smc/inst/clk_map/psr_aclk/U0/aclk
    SLICE_X88Y95         FDRE                                         r  PL_i/axi_smc/inst/clk_map/psr_aclk/U0/ACTIVE_LOW_BSR_OUT_DFF[0].FDRE_BSR_N/C
  -------------------------------------------------------------------    -------------------
    SLICE_X88Y95         FDRE (Prop_fdre_C_Q)         0.456     3.472 r  PL_i/axi_smc/inst/clk_map/psr_aclk/U0/ACTIVE_LOW_BSR_OUT_DFF[0].FDRE_BSR_N/Q
                         net (fo=38, routed)          3.876     7.348    PL_i/axi_smc/inst/m03_nodes/m03_r_node/inst/s_sc_xpm_cdc_async_rst_inst/src_arst
    SLICE_X44Y66         LUT1 (Prop_lut1_I0_O)        0.153     7.501 f  PL_i/axi_smc/inst/m03_nodes/m03_r_node/inst/s_sc_xpm_cdc_async_rst_inst/arststages_ff[2]_i_1/O
                         net (fo=3, routed)           0.642     8.143    PL_i/axi_smc/inst/m03_nodes/m03_r_node/inst/s_sc_xpm_cdc_async_rst_inst/reset_pol
    SLICE_X44Y66         FDCE                                         f  PL_i/axi_smc/inst/m03_nodes/m03_r_node/inst/s_sc_xpm_cdc_async_rst_inst/arststages_ff_reg[0]/CLR
  -------------------------------------------------------------------    -------------------

                         (clock clk_fpga_0 rise edge)
                                                      0.000     0.000 r  
    PS7_X0Y0             PS7                          0.000     0.000 r  PL_i/processing_system7_0/inst/PS7_i/FCLKCLK[0]
                         net (fo=1, routed)           1.088     1.088    PL_i/processing_system7_0/inst/FCLK_CLK_unbuffered[0]
    BUFGCTRL_X0Y16       BUFG (Prop_bufg_I_O)         0.091     1.179 r  PL_i/processing_system7_0/inst/buffer_fclk_clk_0.FCLK_CLK_0_BUFG/O
                         net (fo=13695, routed)       1.471     2.650    PL_i/axi_smc/inst/m03_nodes/m03_r_node/inst/s_sc_xpm_cdc_async_rst_inst/dest_clk
    SLICE_X44Y66         FDCE                                         r  PL_i/axi_smc/inst/m03_nodes/m03_r_node/inst/s_sc_xpm_cdc_async_rst_inst/arststages_ff_reg[0]/C

Slack:                    inf
  Source:                 PL_i/axi_smc/inst/clk_map/psr_aclk/U0/ACTIVE_LOW_BSR_OUT_DFF[0].FDRE_BSR_N/C
                            (rising edge-triggered cell FDRE clocked by clk_fpga_0  {rise@0.000ns fall@5.000ns period=10.000ns})
  Destination:            PL_i/axi_smc/inst/m03_nodes/m03_r_node/inst/s_sc_xpm_cdc_async_rst_inst/arststages_ff_reg[1]/CLR
                            (recovery check against rising-edge clock clk_fpga_0  {rise@0.000ns fall@5.000ns period=10.000ns})
  Path Group:             (none)
  Path Type:              Recovery (Max at Slow Process Corner)
  Data Path Delay:        5.127ns  (logic 0.609ns (11.878%)  route 4.518ns (88.122%))
  Logic Levels:           1  (LUT1=1)
  Clock Path Skew:        -0.366ns (DCD - SCD + CPR)
    Destination Clock Delay (DCD):    2.650ns
    Source Clock Delay      (SCD):    3.016ns
    Clock Pessimism Removal (CPR):    0.000ns
  Clock Uncertainty:      0.154ns  ((TSJ^2 + TIJ^2)^1/2 + DJ) / 2 + PE
    Total System Jitter     (TSJ):    0.071ns
    Total Input Jitter      (TIJ):    0.300ns
    Discrete Jitter          (DJ):    0.000ns
    Phase Error              (PE):    0.000ns
  Timing Exception:       False Path

    Location             Delay type                Incr(ns)  Path(ns)    Netlist Resource(s)
  -------------------------------------------------------------------    -------------------
                         (clock clk_fpga_0 rise edge)
                                                      0.000     0.000 r  
    PS7_X0Y0             PS7                          0.000     0.000 r  PL_i/processing_system7_0/inst/PS7_i/FCLKCLK[0]
                         net (fo=1, routed)           1.193     1.193    PL_i/processing_system7_0/inst/FCLK_CLK_unbuffered[0]
    BUFGCTRL_X0Y16       BUFG (Prop_bufg_I_O)         0.101     1.294 r  PL_i/processing_system7_0/inst/buffer_fclk_clk_0.FCLK_CLK_0_BUFG/O
                         net (fo=13695, routed)       1.722     3.016    PL_i/axi_smc/inst/clk_map/psr_aclk/U0/aclk
    SLICE_X88Y95         FDRE                                         r  PL_i/axi_smc/inst/clk_map/psr_aclk/U0/ACTIVE_LOW_BSR_OUT_DFF[0].FDRE_BSR_N/C
  -------------------------------------------------------------------    -------------------
    SLICE_X88Y95         FDRE (Prop_fdre_C_Q)         0.456     3.472 r  PL_i/axi_smc/inst/clk_map/psr_aclk/U0/ACTIVE_LOW_BSR_OUT_DFF[0].FDRE_BSR_N/Q
                         net (fo=38, routed)          3.876     7.348    PL_i/axi_smc/inst/m03_nodes/m03_r_node/inst/s_sc_xpm_cdc_async_rst_inst/src_arst
    SLICE_X44Y66         LUT1 (Prop_lut1_I0_O)        0.153     7.501 f  PL_i/axi_smc/inst/m03_nodes/m03_r_node/inst/s_sc_xpm_cdc_async_rst_inst/arststages_ff[2]_i_1/O
                         net (fo=3, routed)           0.642     8.143    PL_i/axi_smc/inst/m03_nodes/m03_r_node/inst/s_sc_xpm_cdc_async_rst_inst/reset_pol
    SLICE_X44Y66         FDCE                                         f  PL_i/axi_smc/inst/m03_nodes/m03_r_node/inst/s_sc_xpm_cdc_async_rst_inst/arststages_ff_reg[1]/CLR
  -------------------------------------------------------------------    -------------------

                         (clock clk_fpga_0 rise edge)
                                                      0.000     0.000 r  
    PS7_X0Y0             PS7                          0.000     0.000 r  PL_i/processing_system7_0/inst/PS7_i/FCLKCLK[0]
                         net (fo=1, routed)           1.088     1.088    PL_i/processing_system7_0/inst/FCLK_CLK_unbuffered[0]
    BUFGCTRL_X0Y16       BUFG (Prop_bufg_I_O)         0.091     1.179 r  PL_i/processing_system7_0/inst/buffer_fclk_clk_0.FCLK_CLK_0_BUFG/O
                         net (fo=13695, routed)       1.471     2.650    PL_i/axi_smc/inst/m03_nodes/m03_r_node/inst/s_sc_xpm_cdc_async_rst_inst/dest_clk
    SLICE_X44Y66         FDCE                                         r  PL_i/axi_smc/inst/m03_nodes/m03_r_node/inst/s_sc_xpm_cdc_async_rst_inst/arststages_ff_reg[1]/C

Slack:                    inf
  Source:                 PL_i/axi_smc/inst/clk_map/psr_aclk/U0/ACTIVE_LOW_BSR_OUT_DFF[0].FDRE_BSR_N/C
                            (rising edge-triggered cell FDRE clocked by clk_fpga_0  {rise@0.000ns fall@5.000ns period=10.000ns})
  Destination:            PL_i/axi_smc/inst/m03_nodes/m03_r_node/inst/s_sc_xpm_cdc_async_rst_inst/arststages_ff_reg[2]/CLR
                            (recovery check against rising-edge clock clk_fpga_0  {rise@0.000ns fall@5.000ns period=10.000ns})
  Path Group:             (none)
  Path Type:              Recovery (Max at Slow Process Corner)
  Data Path Delay:        5.127ns  (logic 0.609ns (11.878%)  route 4.518ns (88.122%))
  Logic Levels:           1  (LUT1=1)
  Clock Path Skew:        -0.366ns (DCD - SCD + CPR)
    Destination Clock Delay (DCD):    2.650ns
    Source Clock Delay      (SCD):    3.016ns
    Clock Pessimism Removal (CPR):    0.000ns
  Clock Uncertainty:      0.154ns  ((TSJ^2 + TIJ^2)^1/2 + DJ) / 2 + PE
    Total System Jitter     (TSJ):    0.071ns
    Total Input Jitter      (TIJ):    0.300ns
    Discrete Jitter          (DJ):    0.000ns
    Phase Error              (PE):    0.000ns
  Timing Exception:       False Path

    Location             Delay type                Incr(ns)  Path(ns)    Netlist Resource(s)
  -------------------------------------------------------------------    -------------------
                         (clock clk_fpga_0 rise edge)
                                                      0.000     0.000 r  
    PS7_X0Y0             PS7                          0.000     0.000 r  PL_i/processing_system7_0/inst/PS7_i/FCLKCLK[0]
                         net (fo=1, routed)           1.193     1.193    PL_i/processing_system7_0/inst/FCLK_CLK_unbuffered[0]
    BUFGCTRL_X0Y16       BUFG (Prop_bufg_I_O)         0.101     1.294 r  PL_i/processing_system7_0/inst/buffer_fclk_clk_0.FCLK_CLK_0_BUFG/O
                         net (fo=13695, routed)       1.722     3.016    PL_i/axi_smc/inst/clk_map/psr_aclk/U0/aclk
    SLICE_X88Y95         FDRE                                         r  PL_i/axi_smc/inst/clk_map/psr_aclk/U0/ACTIVE_LOW_BSR_OUT_DFF[0].FDRE_BSR_N/C
  -------------------------------------------------------------------    -------------------
    SLICE_X88Y95         FDRE (Prop_fdre_C_Q)         0.456     3.472 r  PL_i/axi_smc/inst/clk_map/psr_aclk/U0/ACTIVE_LOW_BSR_OUT_DFF[0].FDRE_BSR_N/Q
                         net (fo=38, routed)          3.876     7.348    PL_i/axi_smc/inst/m03_nodes/m03_r_node/inst/s_sc_xpm_cdc_async_rst_inst/src_arst
    SLICE_X44Y66         LUT1 (Prop_lut1_I0_O)        0.153     7.501 f  PL_i/axi_smc/inst/m03_nodes/m03_r_node/inst/s_sc_xpm_cdc_async_rst_inst/arststages_ff[2]_i_1/O
                         net (fo=3, routed)           0.642     8.143    PL_i/axi_smc/inst/m03_nodes/m03_r_node/inst/s_sc_xpm_cdc_async_rst_inst/reset_pol
    SLICE_X44Y66         FDCE                                         f  PL_i/axi_smc/inst/m03_nodes/m03_r_node/inst/s_sc_xpm_cdc_async_rst_inst/arststages_ff_reg[2]/CLR
  -------------------------------------------------------------------    -------------------

                         (clock clk_fpga_0 rise edge)
                                                      0.000     0.000 r  
    PS7_X0Y0             PS7                          0.000     0.000 r  PL_i/processing_system7_0/inst/PS7_i/FCLKCLK[0]
                         net (fo=1, routed)           1.088     1.088    PL_i/processing_system7_0/inst/FCLK_CLK_unbuffered[0]
    BUFGCTRL_X0Y16       BUFG (Prop_bufg_I_O)         0.091     1.179 r  PL_i/processing_system7_0/inst/buffer_fclk_clk_0.FCLK_CLK_0_BUFG/O
                         net (fo=13695, routed)       1.471     2.650    PL_i/axi_smc/inst/m03_nodes/m03_r_node/inst/s_sc_xpm_cdc_async_rst_inst/dest_clk
    SLICE_X44Y66         FDCE                                         r  PL_i/axi_smc/inst/m03_nodes/m03_r_node/inst/s_sc_xpm_cdc_async_rst_inst/arststages_ff_reg[2]/C

Slack:                    inf
  Source:                 PL_i/axi_smc/inst/clk_map/psr_aclk/U0/ACTIVE_LOW_BSR_OUT_DFF[0].FDRE_BSR_N/C
                            (rising edge-triggered cell FDRE clocked by clk_fpga_0  {rise@0.000ns fall@5.000ns period=10.000ns})
  Destination:            PL_i/axi_smc/inst/m02_nodes/m02_r_node/inst/s_sc_xpm_cdc_async_rst_inst/arststages_ff_reg[0]/CLR
                            (recovery check against rising-edge clock clk_fpga_0  {rise@0.000ns fall@5.000ns period=10.000ns})
  Path Group:             (none)
  Path Type:              Recovery (Max at Slow Process Corner)
  Data Path Delay:        4.941ns  (logic 0.580ns (11.738%)  route 4.361ns (88.262%))
  Logic Levels:           1  (LUT1=1)
  Clock Path Skew:        -0.365ns (DCD - SCD + CPR)
    Destination Clock Delay (DCD):    2.651ns
    Source Clock Delay      (SCD):    3.016ns
    Clock Pessimism Removal (CPR):    0.000ns
  Clock Uncertainty:      0.154ns  ((TSJ^2 + TIJ^2)^1/2 + DJ) / 2 + PE
    Total System Jitter     (TSJ):    0.071ns
    Total Input Jitter      (TIJ):    0.300ns
    Discrete Jitter          (DJ):    0.000ns
    Phase Error              (PE):    0.000ns
  Timing Exception:       False Path

    Location             Delay type                Incr(ns)  Path(ns)    Netlist Resource(s)
  -------------------------------------------------------------------    -------------------
                         (clock clk_fpga_0 rise edge)
                                                      0.000     0.000 r  
    PS7_X0Y0             PS7                          0.000     0.000 r  PL_i/processing_system7_0/inst/PS7_i/FCLKCLK[0]
                         net (fo=1, routed)           1.193     1.193    PL_i/processing_system7_0/inst/FCLK_CLK_unbuffered[0]
    BUFGCTRL_X0Y16       BUFG (Prop_bufg_I_O)         0.101     1.294 r  PL_i/processing_system7_0/inst/buffer_fclk_clk_0.FCLK_CLK_0_BUFG/O
                         net (fo=13695, routed)       1.722     3.016    PL_i/axi_smc/inst/clk_map/psr_aclk/U0/aclk
    SLICE_X88Y95         FDRE                                         r  PL_i/axi_smc/inst/clk_map/psr_aclk/U0/ACTIVE_LOW_BSR_OUT_DFF[0].FDRE_BSR_N/C
  -------------------------------------------------------------------    -------------------
    SLICE_X88Y95         FDRE (Prop_fdre_C_Q)         0.456     3.472 r  PL_i/axi_smc/inst/clk_map/psr_aclk/U0/ACTIVE_LOW_BSR_OUT_DFF[0].FDRE_BSR_N/Q
                         net (fo=38, routed)          3.876     7.348    PL_i/axi_smc/inst/m02_nodes/m02_r_node/inst/s_sc_xpm_cdc_async_rst_inst/src_arst
    SLICE_X44Y66         LUT1 (Prop_lut1_I0_O)        0.124     7.472 f  PL_i/axi_smc/inst/m02_nodes/m02_r_node/inst/s_sc_xpm_cdc_async_rst_inst/arststages_ff[2]_i_1/O
                         net (fo=3, routed)           0.485     7.957    PL_i/axi_smc/inst/m02_nodes/m02_r_node/inst/s_sc_xpm_cdc_async_rst_inst/reset_pol
    SLICE_X44Y65         FDCE                                         f  PL_i/axi_smc/inst/m02_nodes/m02_r_node/inst/s_sc_xpm_cdc_async_rst_inst/arststages_ff_reg[0]/CLR
  -------------------------------------------------------------------    -------------------

                         (clock clk_fpga_0 rise edge)
                                                      0.000     0.000 r  
    PS7_X0Y0             PS7                          0.000     0.000 r  PL_i/processing_system7_0/inst/PS7_i/FCLKCLK[0]
                         net (fo=1, routed)           1.088     1.088    PL_i/processing_system7_0/inst/FCLK_CLK_unbuffered[0]
    BUFGCTRL_X0Y16       BUFG (Prop_bufg_I_O)         0.091     1.179 r  PL_i/processing_system7_0/inst/buffer_fclk_clk_0.FCLK_CLK_0_BUFG/O
                         net (fo=13695, routed)       1.472     2.651    PL_i/axi_smc/inst/m02_nodes/m02_r_node/inst/s_sc_xpm_cdc_async_rst_inst/dest_clk
    SLICE_X44Y65         FDCE                                         r  PL_i/axi_smc/inst/m02_nodes/m02_r_node/inst/s_sc_xpm_cdc_async_rst_inst/arststages_ff_reg[0]/C

Slack:                    inf
  Source:                 PL_i/axi_smc/inst/clk_map/psr_aclk/U0/ACTIVE_LOW_BSR_OUT_DFF[0].FDRE_BSR_N/C
                            (rising edge-triggered cell FDRE clocked by clk_fpga_0  {rise@0.000ns fall@5.000ns period=10.000ns})
  Destination:            PL_i/axi_smc/inst/m02_nodes/m02_r_node/inst/s_sc_xpm_cdc_async_rst_inst/arststages_ff_reg[1]/CLR
                            (recovery check against rising-edge clock clk_fpga_0  {rise@0.000ns fall@5.000ns period=10.000ns})
  Path Group:             (none)
  Path Type:              Recovery (Max at Slow Process Corner)
  Data Path Delay:        4.941ns  (logic 0.580ns (11.738%)  route 4.361ns (88.262%))
  Logic Levels:           1  (LUT1=1)
  Clock Path Skew:        -0.365ns (DCD - SCD + CPR)
    Destination Clock Delay (DCD):    2.651ns
    Source Clock Delay      (SCD):    3.016ns
    Clock Pessimism Removal (CPR):    0.000ns
  Clock Uncertainty:      0.154ns  ((TSJ^2 + TIJ^2)^1/2 + DJ) / 2 + PE
    Total System Jitter     (TSJ):    0.071ns
    Total Input Jitter      (TIJ):    0.300ns
    Discrete Jitter          (DJ):    0.000ns
    Phase Error              (PE):    0.000ns
  Timing Exception:       False Path

    Location             Delay type                Incr(ns)  Path(ns)    Netlist Resource(s)
  -------------------------------------------------------------------    -------------------
                         (clock clk_fpga_0 rise edge)
                                                      0.000     0.000 r  
    PS7_X0Y0             PS7                          0.000     0.000 r  PL_i/processing_system7_0/inst/PS7_i/FCLKCLK[0]
                         net (fo=1, routed)           1.193     1.193    PL_i/processing_system7_0/inst/FCLK_CLK_unbuffered[0]
    BUFGCTRL_X0Y16       BUFG (Prop_bufg_I_O)         0.101     1.294 r  PL_i/processing_system7_0/inst/buffer_fclk_clk_0.FCLK_CLK_0_BUFG/O
                         net (fo=13695, routed)       1.722     3.016    PL_i/axi_smc/inst/clk_map/psr_aclk/U0/aclk
    SLICE_X88Y95         FDRE                                         r  PL_i/axi_smc/inst/clk_map/psr_aclk/U0/ACTIVE_LOW_BSR_OUT_DFF[0].FDRE_BSR_N/C
  -------------------------------------------------------------------    -------------------
    SLICE_X88Y95         FDRE (Prop_fdre_C_Q)         0.456     3.472 r  PL_i/axi_smc/inst/clk_map/psr_aclk/U0/ACTIVE_LOW_BSR_OUT_DFF[0].FDRE_BSR_N/Q
                         net (fo=38, routed)          3.876     7.348    PL_i/axi_smc/inst/m02_nodes/m02_r_node/inst/s_sc_xpm_cdc_async_rst_inst/src_arst
    SLICE_X44Y66         LUT1 (Prop_lut1_I0_O)        0.124     7.472 f  PL_i/axi_smc/inst/m02_nodes/m02_r_node/inst/s_sc_xpm_cdc_async_rst_inst/arststages_ff[2]_i_1/O
                         net (fo=3, routed)           0.485     7.957    PL_i/axi_smc/inst/m02_nodes/m02_r_node/inst/s_sc_xpm_cdc_async_rst_inst/reset_pol
    SLICE_X44Y65         FDCE                                         f  PL_i/axi_smc/inst/m02_nodes/m02_r_node/inst/s_sc_xpm_cdc_async_rst_inst/arststages_ff_reg[1]/CLR
  -------------------------------------------------------------------    -------------------

                         (clock clk_fpga_0 rise edge)
                                                      0.000     0.000 r  
    PS7_X0Y0             PS7                          0.000     0.000 r  PL_i/processing_system7_0/inst/PS7_i/FCLKCLK[0]
                         net (fo=1, routed)           1.088     1.088    PL_i/processing_system7_0/inst/FCLK_CLK_unbuffered[0]
    BUFGCTRL_X0Y16       BUFG (Prop_bufg_I_O)         0.091     1.179 r  PL_i/processing_system7_0/inst/buffer_fclk_clk_0.FCLK_CLK_0_BUFG/O
                         net (fo=13695, routed)       1.472     2.651    PL_i/axi_smc/inst/m02_nodes/m02_r_node/inst/s_sc_xpm_cdc_async_rst_inst/dest_clk
    SLICE_X44Y65         FDCE                                         r  PL_i/axi_smc/inst/m02_nodes/m02_r_node/inst/s_sc_xpm_cdc_async_rst_inst/arststages_ff_reg[1]/C

Slack:                    inf
  Source:                 PL_i/axi_smc/inst/clk_map/psr_aclk/U0/ACTIVE_LOW_BSR_OUT_DFF[0].FDRE_BSR_N/C
                            (rising edge-triggered cell FDRE clocked by clk_fpga_0  {rise@0.000ns fall@5.000ns period=10.000ns})
  Destination:            PL_i/axi_smc/inst/m02_nodes/m02_r_node/inst/s_sc_xpm_cdc_async_rst_inst/arststages_ff_reg[2]/CLR
                            (recovery check against rising-edge clock clk_fpga_0  {rise@0.000ns fall@5.000ns period=10.000ns})
  Path Group:             (none)
  Path Type:              Recovery (Max at Slow Process Corner)
  Data Path Delay:        4.941ns  (logic 0.580ns (11.738%)  route 4.361ns (88.262%))
  Logic Levels:           1  (LUT1=1)
  Clock Path Skew:        -0.365ns (DCD - SCD + CPR)
    Destination Clock Delay (DCD):    2.651ns
    Source Clock Delay      (SCD):    3.016ns
    Clock Pessimism Removal (CPR):    0.000ns
  Clock Uncertainty:      0.154ns  ((TSJ^2 + TIJ^2)^1/2 + DJ) / 2 + PE
    Total System Jitter     (TSJ):    0.071ns
    Total Input Jitter      (TIJ):    0.300ns
    Discrete Jitter          (DJ):    0.000ns
    Phase Error              (PE):    0.000ns
  Timing Exception:       False Path

    Location             Delay type                Incr(ns)  Path(ns)    Netlist Resource(s)
  -------------------------------------------------------------------    -------------------
                         (clock clk_fpga_0 rise edge)
                                                      0.000     0.000 r  
    PS7_X0Y0             PS7                          0.000     0.000 r  PL_i/processing_system7_0/inst/PS7_i/FCLKCLK[0]
                         net (fo=1, routed)           1.193     1.193    PL_i/processing_system7_0/inst/FCLK_CLK_unbuffered[0]
    BUFGCTRL_X0Y16       BUFG (Prop_bufg_I_O)         0.101     1.294 r  PL_i/processing_system7_0/inst/buffer_fclk_clk_0.FCLK_CLK_0_BUFG/O
                         net (fo=13695, routed)       1.722     3.016    PL_i/axi_smc/inst/clk_map/psr_aclk/U0/aclk
    SLICE_X88Y95         FDRE                                         r  PL_i/axi_smc/inst/clk_map/psr_aclk/U0/ACTIVE_LOW_BSR_OUT_DFF[0].FDRE_BSR_N/C
  -------------------------------------------------------------------    -------------------
    SLICE_X88Y95         FDRE (Prop_fdre_C_Q)         0.456     3.472 r  PL_i/axi_smc/inst/clk_map/psr_aclk/U0/ACTIVE_LOW_BSR_OUT_DFF[0].FDRE_BSR_N/Q
                         net (fo=38, routed)          3.876     7.348    PL_i/axi_smc/inst/m02_nodes/m02_r_node/inst/s_sc_xpm_cdc_async_rst_inst/src_arst
    SLICE_X44Y66         LUT1 (Prop_lut1_I0_O)        0.124     7.472 f  PL_i/axi_smc/inst/m02_nodes/m02_r_node/inst/s_sc_xpm_cdc_async_rst_inst/arststages_ff[2]_i_1/O
                         net (fo=3, routed)           0.485     7.957    PL_i/axi_smc/inst/m02_nodes/m02_r_node/inst/s_sc_xpm_cdc_async_rst_inst/reset_pol
    SLICE_X44Y65         FDCE                                         f  PL_i/axi_smc/inst/m02_nodes/m02_r_node/inst/s_sc_xpm_cdc_async_rst_inst/arststages_ff_reg[2]/CLR
  -------------------------------------------------------------------    -------------------

                         (clock clk_fpga_0 rise edge)
                                                      0.000     0.000 r  
    PS7_X0Y0             PS7                          0.000     0.000 r  PL_i/processing_system7_0/inst/PS7_i/FCLKCLK[0]
                         net (fo=1, routed)           1.088     1.088    PL_i/processing_system7_0/inst/FCLK_CLK_unbuffered[0]
    BUFGCTRL_X0Y16       BUFG (Prop_bufg_I_O)         0.091     1.179 r  PL_i/processing_system7_0/inst/buffer_fclk_clk_0.FCLK_CLK_0_BUFG/O
                         net (fo=13695, routed)       1.472     2.651    PL_i/axi_smc/inst/m02_nodes/m02_r_node/inst/s_sc_xpm_cdc_async_rst_inst/dest_clk
    SLICE_X44Y65         FDCE                                         r  PL_i/axi_smc/inst/m02_nodes/m02_r_node/inst/s_sc_xpm_cdc_async_rst_inst/arststages_ff_reg[2]/C

Slack:                    inf
  Source:                 PL_i/axi_smc/inst/clk_map/psr_aclk/U0/ACTIVE_LOW_BSR_OUT_DFF[0].FDRE_BSR_N/C
                            (rising edge-triggered cell FDRE clocked by clk_fpga_0  {rise@0.000ns fall@5.000ns period=10.000ns})
  Destination:            PL_i/axi_smc/inst/m04_nodes/m04_w_node/inst/s_sc_xpm_cdc_async_rst_inst/arststages_ff_reg[0]/CLR
                            (recovery check against rising-edge clock clk_fpga_0  {rise@0.000ns fall@5.000ns period=10.000ns})
  Path Group:             (none)
  Path Type:              Recovery (Max at Slow Process Corner)
  Data Path Delay:        4.894ns  (logic 0.609ns (12.445%)  route 4.285ns (87.555%))
  Logic Levels:           1  (LUT1=1)
  Clock Path Skew:        -0.324ns (DCD - SCD + CPR)
    Destination Clock Delay (DCD):    2.692ns
    Source Clock Delay      (SCD):    3.016ns
    Clock Pessimism Removal (CPR):    0.000ns
  Clock Uncertainty:      0.154ns  ((TSJ^2 + TIJ^2)^1/2 + DJ) / 2 + PE
    Total System Jitter     (TSJ):    0.071ns
    Total Input Jitter      (TIJ):    0.300ns
    Discrete Jitter          (DJ):    0.000ns
    Phase Error              (PE):    0.000ns
  Timing Exception:       False Path

    Location             Delay type                Incr(ns)  Path(ns)    Netlist Resource(s)
  -------------------------------------------------------------------    -------------------
                         (clock clk_fpga_0 rise edge)
                                                      0.000     0.000 r  
    PS7_X0Y0             PS7                          0.000     0.000 r  PL_i/processing_system7_0/inst/PS7_i/FCLKCLK[0]
                         net (fo=1, routed)           1.193     1.193    PL_i/processing_system7_0/inst/FCLK_CLK_unbuffered[0]
    BUFGCTRL_X0Y16       BUFG (Prop_bufg_I_O)         0.101     1.294 r  PL_i/processing_system7_0/inst/buffer_fclk_clk_0.FCLK_CLK_0_BUFG/O
                         net (fo=13695, routed)       1.722     3.016    PL_i/axi_smc/inst/clk_map/psr_aclk/U0/aclk
    SLICE_X88Y95         FDRE                                         r  PL_i/axi_smc/inst/clk_map/psr_aclk/U0/ACTIVE_LOW_BSR_OUT_DFF[0].FDRE_BSR_N/C
  -------------------------------------------------------------------    -------------------
    SLICE_X88Y95         FDRE (Prop_fdre_C_Q)         0.456     3.472 r  PL_i/axi_smc/inst/clk_map/psr_aclk/U0/ACTIVE_LOW_BSR_OUT_DFF[0].FDRE_BSR_N/Q
                         net (fo=38, routed)          3.677     7.149    PL_i/axi_smc/inst/m04_nodes/m04_w_node/inst/s_sc_xpm_cdc_async_rst_inst/src_arst
    SLICE_X26Y82         LUT1 (Prop_lut1_I0_O)        0.153     7.302 f  PL_i/axi_smc/inst/m04_nodes/m04_w_node/inst/s_sc_xpm_cdc_async_rst_inst/arststages_ff[2]_i_1/O
                         net (fo=3, routed)           0.607     7.910    PL_i/axi_smc/inst/m04_nodes/m04_w_node/inst/s_sc_xpm_cdc_async_rst_inst/reset_pol
    SLICE_X26Y82         FDCE                                         f  PL_i/axi_smc/inst/m04_nodes/m04_w_node/inst/s_sc_xpm_cdc_async_rst_inst/arststages_ff_reg[0]/CLR
  -------------------------------------------------------------------    -------------------

                         (clock clk_fpga_0 rise edge)
                                                      0.000     0.000 r  
    PS7_X0Y0             PS7                          0.000     0.000 r  PL_i/processing_system7_0/inst/PS7_i/FCLKCLK[0]
                         net (fo=1, routed)           1.088     1.088    PL_i/processing_system7_0/inst/FCLK_CLK_unbuffered[0]
    BUFGCTRL_X0Y16       BUFG (Prop_bufg_I_O)         0.091     1.179 r  PL_i/processing_system7_0/inst/buffer_fclk_clk_0.FCLK_CLK_0_BUFG/O
                         net (fo=13695, routed)       1.513     2.692    PL_i/axi_smc/inst/m04_nodes/m04_w_node/inst/s_sc_xpm_cdc_async_rst_inst/dest_clk
    SLICE_X26Y82         FDCE                                         r  PL_i/axi_smc/inst/m04_nodes/m04_w_node/inst/s_sc_xpm_cdc_async_rst_inst/arststages_ff_reg[0]/C





Min Delay Paths
--------------------------------------------------------------------------------------
Slack:                    inf
  Source:                 PL_i/avgpool_2x2_bram_ctrl_0/inst/done_reg/C
                            (rising edge-triggered cell FDCE clocked by clk_fpga_0  {rise@0.000ns fall@5.000ns period=10.000ns})
  Destination:            PL_i/axi_gpio_0/U0/gpio_core_1/Dual.INPUT_DOUBLE_REGS5/syncstages_ff_reg[0][0]/D
                            (rising edge-triggered cell FDRE clocked by clk_fpga_0  {rise@0.000ns fall@5.000ns period=10.000ns})
  Path Group:             (none)
  Path Type:              Hold (Min at Fast Process Corner)
  Data Path Delay:        0.253ns  (logic 0.141ns (55.709%)  route 0.112ns (44.291%))
  Logic Levels:           0  
  Clock Path Skew:        0.296ns (DCD - SCD - CPR)
    Destination Clock Delay (DCD):    1.198ns
    Source Clock Delay      (SCD):    0.902ns
    Clock Pessimism Removal (CPR):    -0.000ns
  Clock Uncertainty:      0.154ns  ((TSJ^2 + TIJ^2)^1/2 + DJ) / 2 + PE
    Total System Jitter     (TSJ):    0.071ns
    Total Input Jitter      (TIJ):    0.300ns
    Discrete Jitter          (DJ):    0.000ns
    Phase Error              (PE):    0.000ns
  Timing Exception:       False Path

    Location             Delay type                Incr(ns)  Path(ns)    Netlist Resource(s)
  -------------------------------------------------------------------    -------------------
                         (clock clk_fpga_0 rise edge)
                                                      0.000     0.000 r  
    PS7_X0Y0             PS7                          0.000     0.000 r  PL_i/processing_system7_0/inst/PS7_i/FCLKCLK[0]
                         net (fo=1, routed)           0.310     0.310    PL_i/processing_system7_0/inst/FCLK_CLK_unbuffered[0]
    BUFGCTRL_X0Y16       BUFG (Prop_bufg_I_O)         0.026     0.336 r  PL_i/processing_system7_0/inst/buffer_fclk_clk_0.FCLK_CLK_0_BUFG/O
                         net (fo=13695, routed)       0.566     0.902    PL_i/avgpool_2x2_bram_ctrl_0/inst/clk
    SLICE_X65Y75         FDCE                                         r  PL_i/avgpool_2x2_bram_ctrl_0/inst/done_reg/C
  -------------------------------------------------------------------    -------------------
    SLICE_X65Y75         FDCE (Prop_fdce_C_Q)         0.141     1.043 r  PL_i/avgpool_2x2_bram_ctrl_0/inst/done_reg/Q
                         net (fo=2, routed)           0.112     1.155    PL_i/axi_gpio_0/U0/gpio_core_1/Dual.INPUT_DOUBLE_REGS5/async_path_bit[0]
    SLICE_X66Y75         FDRE                                         r  PL_i/axi_gpio_0/U0/gpio_core_1/Dual.INPUT_DOUBLE_REGS5/syncstages_ff_reg[0][0]/D
  -------------------------------------------------------------------    -------------------

                         (clock clk_fpga_0 rise edge)
                                                      0.000     0.000 r  
    PS7_X0Y0             PS7                          0.000     0.000 r  PL_i/processing_system7_0/inst/PS7_i/FCLKCLK[0]
                         net (fo=1, routed)           0.337     0.337    PL_i/processing_system7_0/inst/FCLK_CLK_unbuffered[0]
    BUFGCTRL_X0Y16       BUFG (Prop_bufg_I_O)         0.029     0.366 r  PL_i/processing_system7_0/inst/buffer_fclk_clk_0.FCLK_CLK_0_BUFG/O
                         net (fo=13695, routed)       0.832     1.198    PL_i/axi_gpio_0/U0/gpio_core_1/Dual.INPUT_DOUBLE_REGS5/dest_clk
    SLICE_X66Y75         FDRE                                         r  PL_i/axi_gpio_0/U0/gpio_core_1/Dual.INPUT_DOUBLE_REGS5/syncstages_ff_reg[0][0]/C

Slack:                    inf
  Source:                 PL_i/proc_sys_reset_0/U0/ACTIVE_LOW_BSR_OUT_DFF[0].FDRE_BSR_N/C
                            (rising edge-triggered cell FDRE clocked by clk_fpga_0  {rise@0.000ns fall@5.000ns period=10.000ns})
  Destination:            PL_i/smartconnect_0/inst/clk_map/psr_aclk/U0/EXT_LPF/ACTIVE_LOW_AUX.ACT_LO_AUX/syncstages_ff_reg[0]/D
                            (rising edge-triggered cell FDRE clocked by clk_fpga_0  {rise@0.000ns fall@5.000ns period=10.000ns})
  Path Group:             (none)
  Path Type:              Hold (Min at Fast Process Corner)
  Data Path Delay:        0.431ns  (logic 0.186ns (43.184%)  route 0.245ns (56.816%))
  Logic Levels:           1  (LUT1=1)
  Clock Path Skew:        0.298ns (DCD - SCD - CPR)
    Destination Clock Delay (DCD):    1.188ns
    Source Clock Delay      (SCD):    0.890ns
    Clock Pessimism Removal (CPR):    -0.000ns
  Clock Uncertainty:      0.154ns  ((TSJ^2 + TIJ^2)^1/2 + DJ) / 2 + PE
    Total System Jitter     (TSJ):    0.071ns
    Total Input Jitter      (TIJ):    0.300ns
    Discrete Jitter          (DJ):    0.000ns
    Phase Error              (PE):    0.000ns
  Timing Exception:       False Path

    Location             Delay type                Incr(ns)  Path(ns)    Netlist Resource(s)
  -------------------------------------------------------------------    -------------------
                         (clock clk_fpga_0 rise edge)
                                                      0.000     0.000 r  
    PS7_X0Y0             PS7                          0.000     0.000 r  PL_i/processing_system7_0/inst/PS7_i/FCLKCLK[0]
                         net (fo=1, routed)           0.310     0.310    PL_i/processing_system7_0/inst/FCLK_CLK_unbuffered[0]
    BUFGCTRL_X0Y16       BUFG (Prop_bufg_I_O)         0.026     0.336 r  PL_i/processing_system7_0/inst/buffer_fclk_clk_0.FCLK_CLK_0_BUFG/O
                         net (fo=13695, routed)       0.554     0.890    PL_i/proc_sys_reset_0/U0/slowest_sync_clk
    SLICE_X47Y60         FDRE                                         r  PL_i/proc_sys_reset_0/U0/ACTIVE_LOW_BSR_OUT_DFF[0].FDRE_BSR_N/C
  -------------------------------------------------------------------    -------------------
    SLICE_X47Y60         FDRE (Prop_fdre_C_Q)         0.141     1.031 f  PL_i/proc_sys_reset_0/U0/ACTIVE_LOW_BSR_OUT_DFF[0].FDRE_BSR_N/Q
                         net (fo=40, routed)          0.150     1.180    PL_i/smartconnect_0/inst/clk_map/psr_aclk/U0/EXT_LPF/aresetn
    SLICE_X47Y60         LUT1 (Prop_lut1_I0_O)        0.045     1.225 r  PL_i/smartconnect_0/inst/clk_map/psr_aclk/U0/EXT_LPF/ACTIVE_LOW_AUX.ACT_LO_AUX_i_1/O
                         net (fo=1, routed)           0.095     1.320    PL_i/smartconnect_0/inst/clk_map/psr_aclk/U0/EXT_LPF/ACTIVE_LOW_AUX.ACT_LO_AUX/src_in
    SLICE_X45Y60         FDRE                                         r  PL_i/smartconnect_0/inst/clk_map/psr_aclk/U0/EXT_LPF/ACTIVE_LOW_AUX.ACT_LO_AUX/syncstages_ff_reg[0]/D
  -------------------------------------------------------------------    -------------------

                         (clock clk_fpga_0 rise edge)
                                                      0.000     0.000 r  
    PS7_X0Y0             PS7                          0.000     0.000 r  PL_i/processing_system7_0/inst/PS7_i/FCLKCLK[0]
                         net (fo=1, routed)           0.337     0.337    PL_i/processing_system7_0/inst/FCLK_CLK_unbuffered[0]
    BUFGCTRL_X0Y16       BUFG (Prop_bufg_I_O)         0.029     0.366 r  PL_i/processing_system7_0/inst/buffer_fclk_clk_0.FCLK_CLK_0_BUFG/O
                         net (fo=13695, routed)       0.822     1.188    PL_i/smartconnect_0/inst/clk_map/psr_aclk/U0/EXT_LPF/ACTIVE_LOW_AUX.ACT_LO_AUX/dest_clk
    SLICE_X45Y60         FDRE                                         r  PL_i/smartconnect_0/inst/clk_map/psr_aclk/U0/EXT_LPF/ACTIVE_LOW_AUX.ACT_LO_AUX/syncstages_ff_reg[0]/C

Slack:                    inf
  Source:                 PL_i/axi_smc/inst/clk_map/psr_aclk/U0/ACTIVE_LOW_BSR_OUT_DFF[0].FDRE_BSR_N/C
                            (rising edge-triggered cell FDRE clocked by clk_fpga_0  {rise@0.000ns fall@5.000ns period=10.000ns})
  Destination:            PL_i/axi_smc/inst/m03_nodes/m03_w_node/inst/s_sc_xpm_cdc_async_rst_inst/arststages_ff_reg[0]/CLR
                            (removal check against rising-edge clock clk_fpga_0  {rise@0.000ns fall@5.000ns period=10.000ns})
  Path Group:             (none)
  Path Type:              Removal (Min at Fast Process Corner)
  Data Path Delay:        0.717ns  (logic 0.186ns (25.958%)  route 0.531ns (74.042%))
  Logic Levels:           1  (LUT1=1)
  Clock Path Skew:        0.300ns (DCD - SCD - CPR)
    Destination Clock Delay (DCD):    1.219ns
    Source Clock Delay      (SCD):    0.919ns
    Clock Pessimism Removal (CPR):    -0.000ns
  Clock Uncertainty:      0.154ns  ((TSJ^2 + TIJ^2)^1/2 + DJ) / 2 + PE
    Total System Jitter     (TSJ):    0.071ns
    Total Input Jitter      (TIJ):    0.300ns
    Discrete Jitter          (DJ):    0.000ns
    Phase Error              (PE):    0.000ns
  Timing Exception:       False Path

    Location             Delay type                Incr(ns)  Path(ns)    Netlist Resource(s)
  -------------------------------------------------------------------    -------------------
                         (clock clk_fpga_0 rise edge)
                                                      0.000     0.000 r  
    PS7_X0Y0             PS7                          0.000     0.000 r  PL_i/processing_system7_0/inst/PS7_i/FCLKCLK[0]
                         net (fo=1, routed)           0.310     0.310    PL_i/processing_system7_0/inst/FCLK_CLK_unbuffered[0]
    BUFGCTRL_X0Y16       BUFG (Prop_bufg_I_O)         0.026     0.336 r  PL_i/processing_system7_0/inst/buffer_fclk_clk_0.FCLK_CLK_0_BUFG/O
                         net (fo=13695, routed)       0.583     0.919    PL_i/axi_smc/inst/clk_map/psr_aclk/U0/aclk
    SLICE_X88Y95         FDRE                                         r  PL_i/axi_smc/inst/clk_map/psr_aclk/U0/ACTIVE_LOW_BSR_OUT_DFF[0].FDRE_BSR_N/C
  -------------------------------------------------------------------    -------------------
    SLICE_X88Y95         FDRE (Prop_fdre_C_Q)         0.141     1.060 r  PL_i/axi_smc/inst/clk_map/psr_aclk/U0/ACTIVE_LOW_BSR_OUT_DFF[0].FDRE_BSR_N/Q
                         net (fo=38, routed)          0.295     1.355    PL_i/axi_smc/inst/m03_nodes/m03_w_node/inst/s_sc_xpm_cdc_async_rst_inst/src_arst
    SLICE_X86Y95         LUT1 (Prop_lut1_I0_O)        0.045     1.400 f  PL_i/axi_smc/inst/m03_nodes/m03_w_node/inst/s_sc_xpm_cdc_async_rst_inst/arststages_ff[2]_i_1/O
                         net (fo=3, routed)           0.235     1.635    PL_i/axi_smc/inst/m03_nodes/m03_w_node/inst/s_sc_xpm_cdc_async_rst_inst/reset_pol
    SLICE_X86Y95         FDCE                                         f  PL_i/axi_smc/inst/m03_nodes/m03_w_node/inst/s_sc_xpm_cdc_async_rst_inst/arststages_ff_reg[0]/CLR
  -------------------------------------------------------------------    -------------------

                         (clock clk_fpga_0 rise edge)
                                                      0.000     0.000 r  
    PS7_X0Y0             PS7                          0.000     0.000 r  PL_i/processing_system7_0/inst/PS7_i/FCLKCLK[0]
                         net (fo=1, routed)           0.337     0.337    PL_i/processing_system7_0/inst/FCLK_CLK_unbuffered[0]
    BUFGCTRL_X0Y16       BUFG (Prop_bufg_I_O)         0.029     0.366 r  PL_i/processing_system7_0/inst/buffer_fclk_clk_0.FCLK_CLK_0_BUFG/O
                         net (fo=13695, routed)       0.853     1.219    PL_i/axi_smc/inst/m03_nodes/m03_w_node/inst/s_sc_xpm_cdc_async_rst_inst/dest_clk
    SLICE_X86Y95         FDCE                                         r  PL_i/axi_smc/inst/m03_nodes/m03_w_node/inst/s_sc_xpm_cdc_async_rst_inst/arststages_ff_reg[0]/C

Slack:                    inf
  Source:                 PL_i/axi_smc/inst/clk_map/psr_aclk/U0/ACTIVE_LOW_BSR_OUT_DFF[0].FDRE_BSR_N/C
                            (rising edge-triggered cell FDRE clocked by clk_fpga_0  {rise@0.000ns fall@5.000ns period=10.000ns})
  Destination:            PL_i/axi_smc/inst/m03_nodes/m03_w_node/inst/s_sc_xpm_cdc_async_rst_inst/arststages_ff_reg[1]/CLR
                            (removal check against rising-edge clock clk_fpga_0  {rise@0.000ns fall@5.000ns period=10.000ns})
  Path Group:             (none)
  Path Type:              Removal (Min at Fast Process Corner)
  Data Path Delay:        0.717ns  (logic 0.186ns (25.958%)  route 0.531ns (74.042%))
  Logic Levels:           1  (LUT1=1)
  Clock Path Skew:        0.300ns (DCD - SCD - CPR)
    Destination Clock Delay (DCD):    1.219ns
    Source Clock Delay      (SCD):    0.919ns
    Clock Pessimism Removal (CPR):    -0.000ns
  Clock Uncertainty:      0.154ns  ((TSJ^2 + TIJ^2)^1/2 + DJ) / 2 + PE
    Total System Jitter     (TSJ):    0.071ns
    Total Input Jitter      (TIJ):    0.300ns
    Discrete Jitter          (DJ):    0.000ns
    Phase Error              (PE):    0.000ns
  Timing Exception:       False Path

    Location             Delay type                Incr(ns)  Path(ns)    Netlist Resource(s)
  -------------------------------------------------------------------    -------------------
                         (clock clk_fpga_0 rise edge)
                                                      0.000     0.000 r  
    PS7_X0Y0             PS7                          0.000     0.000 r  PL_i/processing_system7_0/inst/PS7_i/FCLKCLK[0]
                         net (fo=1, routed)           0.310     0.310    PL_i/processing_system7_0/inst/FCLK_CLK_unbuffered[0]
    BUFGCTRL_X0Y16       BUFG (Prop_bufg_I_O)         0.026     0.336 r  PL_i/processing_system7_0/inst/buffer_fclk_clk_0.FCLK_CLK_0_BUFG/O
                         net (fo=13695, routed)       0.583     0.919    PL_i/axi_smc/inst/clk_map/psr_aclk/U0/aclk
    SLICE_X88Y95         FDRE                                         r  PL_i/axi_smc/inst/clk_map/psr_aclk/U0/ACTIVE_LOW_BSR_OUT_DFF[0].FDRE_BSR_N/C
  -------------------------------------------------------------------    -------------------
    SLICE_X88Y95         FDRE (Prop_fdre_C_Q)         0.141     1.060 r  PL_i/axi_smc/inst/clk_map/psr_aclk/U0/ACTIVE_LOW_BSR_OUT_DFF[0].FDRE_BSR_N/Q
                         net (fo=38, routed)          0.295     1.355    PL_i/axi_smc/inst/m03_nodes/m03_w_node/inst/s_sc_xpm_cdc_async_rst_inst/src_arst
    SLICE_X86Y95         LUT1 (Prop_lut1_I0_O)        0.045     1.400 f  PL_i/axi_smc/inst/m03_nodes/m03_w_node/inst/s_sc_xpm_cdc_async_rst_inst/arststages_ff[2]_i_1/O
                         net (fo=3, routed)           0.235     1.635    PL_i/axi_smc/inst/m03_nodes/m03_w_node/inst/s_sc_xpm_cdc_async_rst_inst/reset_pol
    SLICE_X86Y95         FDCE                                         f  PL_i/axi_smc/inst/m03_nodes/m03_w_node/inst/s_sc_xpm_cdc_async_rst_inst/arststages_ff_reg[1]/CLR
  -------------------------------------------------------------------    -------------------

                         (clock clk_fpga_0 rise edge)
                                                      0.000     0.000 r  
    PS7_X0Y0             PS7                          0.000     0.000 r  PL_i/processing_system7_0/inst/PS7_i/FCLKCLK[0]
                         net (fo=1, routed)           0.337     0.337    PL_i/processing_system7_0/inst/FCLK_CLK_unbuffered[0]
    BUFGCTRL_X0Y16       BUFG (Prop_bufg_I_O)         0.029     0.366 r  PL_i/processing_system7_0/inst/buffer_fclk_clk_0.FCLK_CLK_0_BUFG/O
                         net (fo=13695, routed)       0.853     1.219    PL_i/axi_smc/inst/m03_nodes/m03_w_node/inst/s_sc_xpm_cdc_async_rst_inst/dest_clk
    SLICE_X86Y95         FDCE                                         r  PL_i/axi_smc/inst/m03_nodes/m03_w_node/inst/s_sc_xpm_cdc_async_rst_inst/arststages_ff_reg[1]/C

Slack:                    inf
  Source:                 PL_i/axi_smc/inst/clk_map/psr_aclk/U0/ACTIVE_LOW_BSR_OUT_DFF[0].FDRE_BSR_N/C
                            (rising edge-triggered cell FDRE clocked by clk_fpga_0  {rise@0.000ns fall@5.000ns period=10.000ns})
  Destination:            PL_i/axi_smc/inst/m03_nodes/m03_w_node/inst/s_sc_xpm_cdc_async_rst_inst/arststages_ff_reg[2]/CLR
                            (removal check against rising-edge clock clk_fpga_0  {rise@0.000ns fall@5.000ns period=10.000ns})
  Path Group:             (none)
  Path Type:              Removal (Min at Fast Process Corner)
  Data Path Delay:        0.717ns  (logic 0.186ns (25.958%)  route 0.531ns (74.042%))
  Logic Levels:           1  (LUT1=1)
  Clock Path Skew:        0.300ns (DCD - SCD - CPR)
    Destination Clock Delay (DCD):    1.219ns
    Source Clock Delay      (SCD):    0.919ns
    Clock Pessimism Removal (CPR):    -0.000ns
  Clock Uncertainty:      0.154ns  ((TSJ^2 + TIJ^2)^1/2 + DJ) / 2 + PE
    Total System Jitter     (TSJ):    0.071ns
    Total Input Jitter      (TIJ):    0.300ns
    Discrete Jitter          (DJ):    0.000ns
    Phase Error              (PE):    0.000ns
  Timing Exception:       False Path

    Location             Delay type                Incr(ns)  Path(ns)    Netlist Resource(s)
  -------------------------------------------------------------------    -------------------
                         (clock clk_fpga_0 rise edge)
                                                      0.000     0.000 r  
    PS7_X0Y0             PS7                          0.000     0.000 r  PL_i/processing_system7_0/inst/PS7_i/FCLKCLK[0]
                         net (fo=1, routed)           0.310     0.310    PL_i/processing_system7_0/inst/FCLK_CLK_unbuffered[0]
    BUFGCTRL_X0Y16       BUFG (Prop_bufg_I_O)         0.026     0.336 r  PL_i/processing_system7_0/inst/buffer_fclk_clk_0.FCLK_CLK_0_BUFG/O
                         net (fo=13695, routed)       0.583     0.919    PL_i/axi_smc/inst/clk_map/psr_aclk/U0/aclk
    SLICE_X88Y95         FDRE                                         r  PL_i/axi_smc/inst/clk_map/psr_aclk/U0/ACTIVE_LOW_BSR_OUT_DFF[0].FDRE_BSR_N/C
  -------------------------------------------------------------------    -------------------
    SLICE_X88Y95         FDRE (Prop_fdre_C_Q)         0.141     1.060 r  PL_i/axi_smc/inst/clk_map/psr_aclk/U0/ACTIVE_LOW_BSR_OUT_DFF[0].FDRE_BSR_N/Q
                         net (fo=38, routed)          0.295     1.355    PL_i/axi_smc/inst/m03_nodes/m03_w_node/inst/s_sc_xpm_cdc_async_rst_inst/src_arst
    SLICE_X86Y95         LUT1 (Prop_lut1_I0_O)        0.045     1.400 f  PL_i/axi_smc/inst/m03_nodes/m03_w_node/inst/s_sc_xpm_cdc_async_rst_inst/arststages_ff[2]_i_1/O
                         net (fo=3, routed)           0.235     1.635    PL_i/axi_smc/inst/m03_nodes/m03_w_node/inst/s_sc_xpm_cdc_async_rst_inst/reset_pol
    SLICE_X86Y95         FDCE                                         f  PL_i/axi_smc/inst/m03_nodes/m03_w_node/inst/s_sc_xpm_cdc_async_rst_inst/arststages_ff_reg[2]/CLR
  -------------------------------------------------------------------    -------------------

                         (clock clk_fpga_0 rise edge)
                                                      0.000     0.000 r  
    PS7_X0Y0             PS7                          0.000     0.000 r  PL_i/processing_system7_0/inst/PS7_i/FCLKCLK[0]
                         net (fo=1, routed)           0.337     0.337    PL_i/processing_system7_0/inst/FCLK_CLK_unbuffered[0]
    BUFGCTRL_X0Y16       BUFG (Prop_bufg_I_O)         0.029     0.366 r  PL_i/processing_system7_0/inst/buffer_fclk_clk_0.FCLK_CLK_0_BUFG/O
                         net (fo=13695, routed)       0.853     1.219    PL_i/axi_smc/inst/m03_nodes/m03_w_node/inst/s_sc_xpm_cdc_async_rst_inst/dest_clk
    SLICE_X86Y95         FDCE                                         r  PL_i/axi_smc/inst/m03_nodes/m03_w_node/inst/s_sc_xpm_cdc_async_rst_inst/arststages_ff_reg[2]/C

Slack:                    inf
  Source:                 PL_i/axi_smc/inst/clk_map/psr_aclk/U0/ACTIVE_LOW_BSR_OUT_DFF[0].FDRE_BSR_N/C
                            (rising edge-triggered cell FDRE clocked by clk_fpga_0  {rise@0.000ns fall@5.000ns period=10.000ns})
  Destination:            PL_i/axi_smc/inst/m01_nodes/m01_ar_node/inst/s_sc_xpm_cdc_async_rst_inst/arststages_ff_reg[0]/CLR
                            (removal check against rising-edge clock clk_fpga_0  {rise@0.000ns fall@5.000ns period=10.000ns})
  Path Group:             (none)
  Path Type:              Removal (Min at Fast Process Corner)
  Data Path Delay:        0.717ns  (logic 0.186ns (25.937%)  route 0.531ns (74.063%))
  Logic Levels:           1  (LUT1=1)
  Clock Path Skew:        0.299ns (DCD - SCD - CPR)
    Destination Clock Delay (DCD):    1.218ns
    Source Clock Delay      (SCD):    0.919ns
    Clock Pessimism Removal (CPR):    -0.000ns
  Clock Uncertainty:      0.154ns  ((TSJ^2 + TIJ^2)^1/2 + DJ) / 2 + PE
    Total System Jitter     (TSJ):    0.071ns
    Total Input Jitter      (TIJ):    0.300ns
    Discrete Jitter          (DJ):    0.000ns
    Phase Error              (PE):    0.000ns
  Timing Exception:       False Path

    Location             Delay type                Incr(ns)  Path(ns)    Netlist Resource(s)
  -------------------------------------------------------------------    -------------------
                         (clock clk_fpga_0 rise edge)
                                                      0.000     0.000 r  
    PS7_X0Y0             PS7                          0.000     0.000 r  PL_i/processing_system7_0/inst/PS7_i/FCLKCLK[0]
                         net (fo=1, routed)           0.310     0.310    PL_i/processing_system7_0/inst/FCLK_CLK_unbuffered[0]
    BUFGCTRL_X0Y16       BUFG (Prop_bufg_I_O)         0.026     0.336 r  PL_i/processing_system7_0/inst/buffer_fclk_clk_0.FCLK_CLK_0_BUFG/O
                         net (fo=13695, routed)       0.583     0.919    PL_i/axi_smc/inst/clk_map/psr_aclk/U0/aclk
    SLICE_X88Y95         FDRE                                         r  PL_i/axi_smc/inst/clk_map/psr_aclk/U0/ACTIVE_LOW_BSR_OUT_DFF[0].FDRE_BSR_N/C
  -------------------------------------------------------------------    -------------------
    SLICE_X88Y95         FDRE (Prop_fdre_C_Q)         0.141     1.060 r  PL_i/axi_smc/inst/clk_map/psr_aclk/U0/ACTIVE_LOW_BSR_OUT_DFF[0].FDRE_BSR_N/Q
                         net (fo=38, routed)          0.369     1.429    PL_i/axi_smc/inst/m01_nodes/m01_ar_node/inst/s_sc_xpm_cdc_async_rst_inst/src_arst
    SLICE_X88Y92         LUT1 (Prop_lut1_I0_O)        0.045     1.474 f  PL_i/axi_smc/inst/m01_nodes/m01_ar_node/inst/s_sc_xpm_cdc_async_rst_inst/arststages_ff[2]_i_1/O
                         net (fo=3, routed)           0.162     1.636    PL_i/axi_smc/inst/m01_nodes/m01_ar_node/inst/s_sc_xpm_cdc_async_rst_inst/reset_pol
    SLICE_X87Y92         FDCE                                         f  PL_i/axi_smc/inst/m01_nodes/m01_ar_node/inst/s_sc_xpm_cdc_async_rst_inst/arststages_ff_reg[0]/CLR
  -------------------------------------------------------------------    -------------------

                         (clock clk_fpga_0 rise edge)
                                                      0.000     0.000 r  
    PS7_X0Y0             PS7                          0.000     0.000 r  PL_i/processing_system7_0/inst/PS7_i/FCLKCLK[0]
                         net (fo=1, routed)           0.337     0.337    PL_i/processing_system7_0/inst/FCLK_CLK_unbuffered[0]
    BUFGCTRL_X0Y16       BUFG (Prop_bufg_I_O)         0.029     0.366 r  PL_i/processing_system7_0/inst/buffer_fclk_clk_0.FCLK_CLK_0_BUFG/O
                         net (fo=13695, routed)       0.852     1.218    PL_i/axi_smc/inst/m01_nodes/m01_ar_node/inst/s_sc_xpm_cdc_async_rst_inst/dest_clk
    SLICE_X87Y92         FDCE                                         r  PL_i/axi_smc/inst/m01_nodes/m01_ar_node/inst/s_sc_xpm_cdc_async_rst_inst/arststages_ff_reg[0]/C

Slack:                    inf
  Source:                 PL_i/axi_smc/inst/clk_map/psr_aclk/U0/ACTIVE_LOW_BSR_OUT_DFF[0].FDRE_BSR_N/C
                            (rising edge-triggered cell FDRE clocked by clk_fpga_0  {rise@0.000ns fall@5.000ns period=10.000ns})
  Destination:            PL_i/axi_smc/inst/m01_nodes/m01_ar_node/inst/s_sc_xpm_cdc_async_rst_inst/arststages_ff_reg[1]/CLR
                            (removal check against rising-edge clock clk_fpga_0  {rise@0.000ns fall@5.000ns period=10.000ns})
  Path Group:             (none)
  Path Type:              Removal (Min at Fast Process Corner)
  Data Path Delay:        0.717ns  (logic 0.186ns (25.937%)  route 0.531ns (74.063%))
  Logic Levels:           1  (LUT1=1)
  Clock Path Skew:        0.299ns (DCD - SCD - CPR)
    Destination Clock Delay (DCD):    1.218ns
    Source Clock Delay      (SCD):    0.919ns
    Clock Pessimism Removal (CPR):    -0.000ns
  Clock Uncertainty:      0.154ns  ((TSJ^2 + TIJ^2)^1/2 + DJ) / 2 + PE
    Total System Jitter     (TSJ):    0.071ns
    Total Input Jitter      (TIJ):    0.300ns
    Discrete Jitter          (DJ):    0.000ns
    Phase Error              (PE):    0.000ns
  Timing Exception:       False Path

    Location             Delay type                Incr(ns)  Path(ns)    Netlist Resource(s)
  -------------------------------------------------------------------    -------------------
                         (clock clk_fpga_0 rise edge)
                                                      0.000     0.000 r  
    PS7_X0Y0             PS7                          0.000     0.000 r  PL_i/processing_system7_0/inst/PS7_i/FCLKCLK[0]
                         net (fo=1, routed)           0.310     0.310    PL_i/processing_system7_0/inst/FCLK_CLK_unbuffered[0]
    BUFGCTRL_X0Y16       BUFG (Prop_bufg_I_O)         0.026     0.336 r  PL_i/processing_system7_0/inst/buffer_fclk_clk_0.FCLK_CLK_0_BUFG/O
                         net (fo=13695, routed)       0.583     0.919    PL_i/axi_smc/inst/clk_map/psr_aclk/U0/aclk
    SLICE_X88Y95         FDRE                                         r  PL_i/axi_smc/inst/clk_map/psr_aclk/U0/ACTIVE_LOW_BSR_OUT_DFF[0].FDRE_BSR_N/C
  -------------------------------------------------------------------    -------------------
    SLICE_X88Y95         FDRE (Prop_fdre_C_Q)         0.141     1.060 r  PL_i/axi_smc/inst/clk_map/psr_aclk/U0/ACTIVE_LOW_BSR_OUT_DFF[0].FDRE_BSR_N/Q
                         net (fo=38, routed)          0.369     1.429    PL_i/axi_smc/inst/m01_nodes/m01_ar_node/inst/s_sc_xpm_cdc_async_rst_inst/src_arst
    SLICE_X88Y92         LUT1 (Prop_lut1_I0_O)        0.045     1.474 f  PL_i/axi_smc/inst/m01_nodes/m01_ar_node/inst/s_sc_xpm_cdc_async_rst_inst/arststages_ff[2]_i_1/O
                         net (fo=3, routed)           0.162     1.636    PL_i/axi_smc/inst/m01_nodes/m01_ar_node/inst/s_sc_xpm_cdc_async_rst_inst/reset_pol
    SLICE_X87Y92         FDCE                                         f  PL_i/axi_smc/inst/m01_nodes/m01_ar_node/inst/s_sc_xpm_cdc_async_rst_inst/arststages_ff_reg[1]/CLR
  -------------------------------------------------------------------    -------------------

                         (clock clk_fpga_0 rise edge)
                                                      0.000     0.000 r  
    PS7_X0Y0             PS7                          0.000     0.000 r  PL_i/processing_system7_0/inst/PS7_i/FCLKCLK[0]
                         net (fo=1, routed)           0.337     0.337    PL_i/processing_system7_0/inst/FCLK_CLK_unbuffered[0]
    BUFGCTRL_X0Y16       BUFG (Prop_bufg_I_O)         0.029     0.366 r  PL_i/processing_system7_0/inst/buffer_fclk_clk_0.FCLK_CLK_0_BUFG/O
                         net (fo=13695, routed)       0.852     1.218    PL_i/axi_smc/inst/m01_nodes/m01_ar_node/inst/s_sc_xpm_cdc_async_rst_inst/dest_clk
    SLICE_X87Y92         FDCE                                         r  PL_i/axi_smc/inst/m01_nodes/m01_ar_node/inst/s_sc_xpm_cdc_async_rst_inst/arststages_ff_reg[1]/C

Slack:                    inf
  Source:                 PL_i/axi_smc/inst/clk_map/psr_aclk/U0/ACTIVE_LOW_BSR_OUT_DFF[0].FDRE_BSR_N/C
                            (rising edge-triggered cell FDRE clocked by clk_fpga_0  {rise@0.000ns fall@5.000ns period=10.000ns})
  Destination:            PL_i/axi_smc/inst/m01_nodes/m01_ar_node/inst/s_sc_xpm_cdc_async_rst_inst/arststages_ff_reg[2]/CLR
                            (removal check against rising-edge clock clk_fpga_0  {rise@0.000ns fall@5.000ns period=10.000ns})
  Path Group:             (none)
  Path Type:              Removal (Min at Fast Process Corner)
  Data Path Delay:        0.717ns  (logic 0.186ns (25.937%)  route 0.531ns (74.063%))
  Logic Levels:           1  (LUT1=1)
  Clock Path Skew:        0.299ns (DCD - SCD - CPR)
    Destination Clock Delay (DCD):    1.218ns
    Source Clock Delay      (SCD):    0.919ns
    Clock Pessimism Removal (CPR):    -0.000ns
  Clock Uncertainty:      0.154ns  ((TSJ^2 + TIJ^2)^1/2 + DJ) / 2 + PE
    Total System Jitter     (TSJ):    0.071ns
    Total Input Jitter      (TIJ):    0.300ns
    Discrete Jitter          (DJ):    0.000ns
    Phase Error              (PE):    0.000ns
  Timing Exception:       False Path

    Location             Delay type                Incr(ns)  Path(ns)    Netlist Resource(s)
  -------------------------------------------------------------------    -------------------
                         (clock clk_fpga_0 rise edge)
                                                      0.000     0.000 r  
    PS7_X0Y0             PS7                          0.000     0.000 r  PL_i/processing_system7_0/inst/PS7_i/FCLKCLK[0]
                         net (fo=1, routed)           0.310     0.310    PL_i/processing_system7_0/inst/FCLK_CLK_unbuffered[0]
    BUFGCTRL_X0Y16       BUFG (Prop_bufg_I_O)         0.026     0.336 r  PL_i/processing_system7_0/inst/buffer_fclk_clk_0.FCLK_CLK_0_BUFG/O
                         net (fo=13695, routed)       0.583     0.919    PL_i/axi_smc/inst/clk_map/psr_aclk/U0/aclk
    SLICE_X88Y95         FDRE                                         r  PL_i/axi_smc/inst/clk_map/psr_aclk/U0/ACTIVE_LOW_BSR_OUT_DFF[0].FDRE_BSR_N/C
  -------------------------------------------------------------------    -------------------
    SLICE_X88Y95         FDRE (Prop_fdre_C_Q)         0.141     1.060 r  PL_i/axi_smc/inst/clk_map/psr_aclk/U0/ACTIVE_LOW_BSR_OUT_DFF[0].FDRE_BSR_N/Q
                         net (fo=38, routed)          0.369     1.429    PL_i/axi_smc/inst/m01_nodes/m01_ar_node/inst/s_sc_xpm_cdc_async_rst_inst/src_arst
    SLICE_X88Y92         LUT1 (Prop_lut1_I0_O)        0.045     1.474 f  PL_i/axi_smc/inst/m01_nodes/m01_ar_node/inst/s_sc_xpm_cdc_async_rst_inst/arststages_ff[2]_i_1/O
                         net (fo=3, routed)           0.162     1.636    PL_i/axi_smc/inst/m01_nodes/m01_ar_node/inst/s_sc_xpm_cdc_async_rst_inst/reset_pol
    SLICE_X87Y92         FDCE                                         f  PL_i/axi_smc/inst/m01_nodes/m01_ar_node/inst/s_sc_xpm_cdc_async_rst_inst/arststages_ff_reg[2]/CLR
  -------------------------------------------------------------------    -------------------

                         (clock clk_fpga_0 rise edge)
                                                      0.000     0.000 r  
    PS7_X0Y0             PS7                          0.000     0.000 r  PL_i/processing_system7_0/inst/PS7_i/FCLKCLK[0]
                         net (fo=1, routed)           0.337     0.337    PL_i/processing_system7_0/inst/FCLK_CLK_unbuffered[0]
    BUFGCTRL_X0Y16       BUFG (Prop_bufg_I_O)         0.029     0.366 r  PL_i/processing_system7_0/inst/buffer_fclk_clk_0.FCLK_CLK_0_BUFG/O
                         net (fo=13695, routed)       0.852     1.218    PL_i/axi_smc/inst/m01_nodes/m01_ar_node/inst/s_sc_xpm_cdc_async_rst_inst/dest_clk
    SLICE_X87Y92         FDCE                                         r  PL_i/axi_smc/inst/m01_nodes/m01_ar_node/inst/s_sc_xpm_cdc_async_rst_inst/arststages_ff_reg[2]/C

Slack:                    inf
  Source:                 PL_i/axi_smc/inst/clk_map/psr_aclk/U0/ACTIVE_LOW_BSR_OUT_DFF[0].FDRE_BSR_N/C
                            (rising edge-triggered cell FDRE clocked by clk_fpga_0  {rise@0.000ns fall@5.000ns period=10.000ns})
  Destination:            PL_i/axi_smc/inst/m02_nodes/m02_w_node/inst/s_sc_xpm_cdc_async_rst_inst/arststages_ff_reg[0]/CLR
                            (removal check against rising-edge clock clk_fpga_0  {rise@0.000ns fall@5.000ns period=10.000ns})
  Path Group:             (none)
  Path Type:              Removal (Min at Fast Process Corner)
  Data Path Delay:        0.735ns  (logic 0.185ns (25.157%)  route 0.550ns (74.843%))
  Logic Levels:           1  (LUT1=1)
  Clock Path Skew:        0.299ns (DCD - SCD - CPR)
    Destination Clock Delay (DCD):    1.218ns
    Source Clock Delay      (SCD):    0.919ns
    Clock Pessimism Removal (CPR):    -0.000ns
  Clock Uncertainty:      0.154ns  ((TSJ^2 + TIJ^2)^1/2 + DJ) / 2 + PE
    Total System Jitter     (TSJ):    0.071ns
    Total Input Jitter      (TIJ):    0.300ns
    Discrete Jitter          (DJ):    0.000ns
    Phase Error              (PE):    0.000ns
  Timing Exception:       False Path

    Location             Delay type                Incr(ns)  Path(ns)    Netlist Resource(s)
  -------------------------------------------------------------------    -------------------
                         (clock clk_fpga_0 rise edge)
                                                      0.000     0.000 r  
    PS7_X0Y0             PS7                          0.000     0.000 r  PL_i/processing_system7_0/inst/PS7_i/FCLKCLK[0]
                         net (fo=1, routed)           0.310     0.310    PL_i/processing_system7_0/inst/FCLK_CLK_unbuffered[0]
    BUFGCTRL_X0Y16       BUFG (Prop_bufg_I_O)         0.026     0.336 r  PL_i/processing_system7_0/inst/buffer_fclk_clk_0.FCLK_CLK_0_BUFG/O
                         net (fo=13695, routed)       0.583     0.919    PL_i/axi_smc/inst/clk_map/psr_aclk/U0/aclk
    SLICE_X88Y95         FDRE                                         r  PL_i/axi_smc/inst/clk_map/psr_aclk/U0/ACTIVE_LOW_BSR_OUT_DFF[0].FDRE_BSR_N/C
  -------------------------------------------------------------------    -------------------
    SLICE_X88Y95         FDRE (Prop_fdre_C_Q)         0.141     1.060 r  PL_i/axi_smc/inst/clk_map/psr_aclk/U0/ACTIVE_LOW_BSR_OUT_DFF[0].FDRE_BSR_N/Q
                         net (fo=38, routed)          0.369     1.429    PL_i/axi_smc/inst/m02_nodes/m02_w_node/inst/s_sc_xpm_cdc_async_rst_inst/src_arst
    SLICE_X88Y92         LUT1 (Prop_lut1_I0_O)        0.044     1.473 f  PL_i/axi_smc/inst/m02_nodes/m02_w_node/inst/s_sc_xpm_cdc_async_rst_inst/arststages_ff[2]_i_1/O
                         net (fo=3, routed)           0.181     1.654    PL_i/axi_smc/inst/m02_nodes/m02_w_node/inst/s_sc_xpm_cdc_async_rst_inst/reset_pol
    SLICE_X88Y92         FDCE                                         f  PL_i/axi_smc/inst/m02_nodes/m02_w_node/inst/s_sc_xpm_cdc_async_rst_inst/arststages_ff_reg[0]/CLR
  -------------------------------------------------------------------    -------------------

                         (clock clk_fpga_0 rise edge)
                                                      0.000     0.000 r  
    PS7_X0Y0             PS7                          0.000     0.000 r  PL_i/processing_system7_0/inst/PS7_i/FCLKCLK[0]
                         net (fo=1, routed)           0.337     0.337    PL_i/processing_system7_0/inst/FCLK_CLK_unbuffered[0]
    BUFGCTRL_X0Y16       BUFG (Prop_bufg_I_O)         0.029     0.366 r  PL_i/processing_system7_0/inst/buffer_fclk_clk_0.FCLK_CLK_0_BUFG/O
                         net (fo=13695, routed)       0.852     1.218    PL_i/axi_smc/inst/m02_nodes/m02_w_node/inst/s_sc_xpm_cdc_async_rst_inst/dest_clk
    SLICE_X88Y92         FDCE                                         r  PL_i/axi_smc/inst/m02_nodes/m02_w_node/inst/s_sc_xpm_cdc_async_rst_inst/arststages_ff_reg[0]/C

Slack:                    inf
  Source:                 PL_i/axi_smc/inst/clk_map/psr_aclk/U0/ACTIVE_LOW_BSR_OUT_DFF[0].FDRE_BSR_N/C
                            (rising edge-triggered cell FDRE clocked by clk_fpga_0  {rise@0.000ns fall@5.000ns period=10.000ns})
  Destination:            PL_i/axi_smc/inst/m02_nodes/m02_w_node/inst/s_sc_xpm_cdc_async_rst_inst/arststages_ff_reg[1]/CLR
                            (removal check against rising-edge clock clk_fpga_0  {rise@0.000ns fall@5.000ns period=10.000ns})
  Path Group:             (none)
  Path Type:              Removal (Min at Fast Process Corner)
  Data Path Delay:        0.735ns  (logic 0.185ns (25.157%)  route 0.550ns (74.843%))
  Logic Levels:           1  (LUT1=1)
  Clock Path Skew:        0.299ns (DCD - SCD - CPR)
    Destination Clock Delay (DCD):    1.218ns
    Source Clock Delay      (SCD):    0.919ns
    Clock Pessimism Removal (CPR):    -0.000ns
  Clock Uncertainty:      0.154ns  ((TSJ^2 + TIJ^2)^1/2 + DJ) / 2 + PE
    Total System Jitter     (TSJ):    0.071ns
    Total Input Jitter      (TIJ):    0.300ns
    Discrete Jitter          (DJ):    0.000ns
    Phase Error              (PE):    0.000ns
  Timing Exception:       False Path

    Location             Delay type                Incr(ns)  Path(ns)    Netlist Resource(s)
  -------------------------------------------------------------------    -------------------
                         (clock clk_fpga_0 rise edge)
                                                      0.000     0.000 r  
    PS7_X0Y0             PS7                          0.000     0.000 r  PL_i/processing_system7_0/inst/PS7_i/FCLKCLK[0]
                         net (fo=1, routed)           0.310     0.310    PL_i/processing_system7_0/inst/FCLK_CLK_unbuffered[0]
    BUFGCTRL_X0Y16       BUFG (Prop_bufg_I_O)         0.026     0.336 r  PL_i/processing_system7_0/inst/buffer_fclk_clk_0.FCLK_CLK_0_BUFG/O
                         net (fo=13695, routed)       0.583     0.919    PL_i/axi_smc/inst/clk_map/psr_aclk/U0/aclk
    SLICE_X88Y95         FDRE                                         r  PL_i/axi_smc/inst/clk_map/psr_aclk/U0/ACTIVE_LOW_BSR_OUT_DFF[0].FDRE_BSR_N/C
  -------------------------------------------------------------------    -------------------
    SLICE_X88Y95         FDRE (Prop_fdre_C_Q)         0.141     1.060 r  PL_i/axi_smc/inst/clk_map/psr_aclk/U0/ACTIVE_LOW_BSR_OUT_DFF[0].FDRE_BSR_N/Q
                         net (fo=38, routed)          0.369     1.429    PL_i/axi_smc/inst/m02_nodes/m02_w_node/inst/s_sc_xpm_cdc_async_rst_inst/src_arst
    SLICE_X88Y92         LUT1 (Prop_lut1_I0_O)        0.044     1.473 f  PL_i/axi_smc/inst/m02_nodes/m02_w_node/inst/s_sc_xpm_cdc_async_rst_inst/arststages_ff[2]_i_1/O
                         net (fo=3, routed)           0.181     1.654    PL_i/axi_smc/inst/m02_nodes/m02_w_node/inst/s_sc_xpm_cdc_async_rst_inst/reset_pol
    SLICE_X88Y92         FDCE                                         f  PL_i/axi_smc/inst/m02_nodes/m02_w_node/inst/s_sc_xpm_cdc_async_rst_inst/arststages_ff_reg[1]/CLR
  -------------------------------------------------------------------    -------------------

                         (clock clk_fpga_0 rise edge)
                                                      0.000     0.000 r  
    PS7_X0Y0             PS7                          0.000     0.000 r  PL_i/processing_system7_0/inst/PS7_i/FCLKCLK[0]
                         net (fo=1, routed)           0.337     0.337    PL_i/processing_system7_0/inst/FCLK_CLK_unbuffered[0]
    BUFGCTRL_X0Y16       BUFG (Prop_bufg_I_O)         0.029     0.366 r  PL_i/processing_system7_0/inst/buffer_fclk_clk_0.FCLK_CLK_0_BUFG/O
                         net (fo=13695, routed)       0.852     1.218    PL_i/axi_smc/inst/m02_nodes/m02_w_node/inst/s_sc_xpm_cdc_async_rst_inst/dest_clk
    SLICE_X88Y92         FDCE                                         r  PL_i/axi_smc/inst/m02_nodes/m02_w_node/inst/s_sc_xpm_cdc_async_rst_inst/arststages_ff_reg[1]/C





