Copyright 1986-2022 Xilinx, Inc. All Rights Reserved. Copyright 2022-2025 Advanced Micro Devices, Inc. All Rights Reserved.
------------------------------------------------------------------------------------------------------------------------------------------------------------------------------------------------------------------------------------------
| Tool Version : Vivado v.2025.2 (win64) Build 6299465 Fri Nov 14 19:35:11 GMT 2025
| Date         : Sun Aug 30 10:07:44 2026
| Host         : acerswiftgo running 64-bit major release  (build 9200)
| Command      : report_timing_summary -max_paths 10 -routable_nets -report_unconstrained -file PL_wrapper_timing_summary_routed.rpt -pb PL_wrapper_timing_summary_routed.pb -rpx PL_wrapper_timing_summary_routed.rpx -warn_on_violation
| Design       : PL_wrapper
| Device       : 7z020-clg484
| Speed File   : -1  PRODUCTION 1.12 2019-11-22
| Design State : Routed
------------------------------------------------------------------------------------------------------------------------------------------------------------------------------------------------------------------------------------------

Timing Summary Report

------------------------------------------------------------------------------------------------
| Timer Settings
| --------------
------------------------------------------------------------------------------------------------

  Enable Multi Corner Analysis               :  Yes
  Enable Pessimism Removal                   :  Yes
  Pessimism Removal Resolution               :  Nearest Common Node
  Enable Input Delay Default Clock           :  No
  Enable Preset / Clear Arcs                 :  No
  Disable Flight Delays                      :  No
  Ignore I/O Paths                           :  No
  Timing Early Launch at Borrowing Latches   :  No
  Borrow Time for Max Delay Exceptions       :  Yes
  Merge Timing Exceptions                    :  Yes
  Inter-SLR Compensation                     :  Conservative

  Corner  Analyze    Analyze    
  Name    Max Paths  Min Paths  
  ------  ---------  ---------  
  Slow    Yes        Yes        
  Fast    Yes        Yes        


------------------------------------------------------------------------------------------------
| Report Methodology
| ------------------
------------------------------------------------------------------------------------------------

No report available as report_methodology has not been run prior. Run report_methodology on the current design for the summary of methodology violations.



check_timing report

Table of Contents
-----------------
1. checking no_clock (0)
2. checking constant_clock (0)
3. checking pulse_width_clock (0)
4. checking unconstrained_internal_endpoints (0)
5. checking no_input_delay (0)
6. checking no_output_delay (0)
7. checking multiple_clock (0)
8. checking generated_clocks (0)
9. checking loops (0)
10. checking partial_input_delay (0)
11. checking partial_output_delay (0)
12. checking latch_loops (0)

1. checking no_clock (0)
------------------------
 There are 0 register/latch pins with no clock.


2. checking constant_clock (0)
------------------------------
 There are 0 register/latch pins with constant_clock.


3. checking pulse_width_clock (0)
---------------------------------
 There are 0 register/latch pins which need pulse_width check


4. checking unconstrained_internal_endpoints (0)
------------------------------------------------
 There are 0 pins that are not constrained for maximum delay.

 There are 0 pins that are not constrained for maximum delay due to constant clock.


5. checking no_input_delay (0)
------------------------------
 There are 0 input ports with no input delay specified.

 There are 0 input ports with no input delay but user has a false path constraint.


6. checking no_output_delay (0)
-------------------------------
 There are 0 ports with no output delay specified.

 There are 0 ports with no output delay but user has a false path constraint

 There are 0 ports with no output delay but with a timing clock defined on it or propagating through it


7. checking multiple_clock (0)
------------------------------
 There are 0 register/latch pins with multiple clocks.


8. checking generated_clocks (0)
--------------------------------
 There are 0 generated clocks that are not connected to a clock source.


9. checking loops (0)
---------------------
 There are 0 combinational loops in the design.


10. checking partial_input_delay (0)
------------------------------------
 There are 0 input ports with partial input delay specified.


11. checking partial_output_delay (0)
-------------------------------------
 There are 0 ports with partial output delay specified.


12. checking latch_loops (0)
----------------------------
 There are 0 combinational latch loops in the design through latch input



------------------------------------------------------------------------------------------------
| Design Timing Summary
| ---------------------
------------------------------------------------------------------------------------------------

    WNS(ns)      TNS(ns)  TNS Failing Endpoints  TNS Total Endpoints      WHS(ns)      THS(ns)  THS Failing Endpoints  THS Total Endpoints     WPWS(ns)     TPWS(ns)  TPWS Failing Endpoints  TPWS Total Endpoints  
    -------      -------  ---------------------  -------------------      -------      -------  ---------------------  -------------------     --------     --------  ----------------------  --------------------  
      1.591        0.000                      0                40722        0.011        0.000                      0                40722        3.750        0.000                       0                 14013  


All user specified timing constraints are met.


------------------------------------------------------------------------------------------------
| Clock Summary
| -------------
------------------------------------------------------------------------------------------------

Clock       Waveform(ns)       Period(ns)      Frequency(MHz)
-----       ------------       ----------      --------------
clk_fpga_0  {0.000 5.000}      10.000          100.000         


------------------------------------------------------------------------------------------------
| Intra Clock Table
| -----------------
------------------------------------------------------------------------------------------------

Clock             WNS(ns)      TNS(ns)  TNS Failing Endpoints  TNS Total Endpoints      WHS(ns)      THS(ns)  THS Failing Endpoints  THS Total Endpoints     WPWS(ns)     TPWS(ns)  TPWS Failing Endpoints  TPWS Total Endpoints  
-----             -------      -------  ---------------------  -------------------      -------      -------  ---------------------  -------------------     --------     --------  ----------------------  --------------------  
clk_fpga_0          1.591        0.000                      0                40322        0.011        0.000                      0                40322        3.750        0.000                       0                 14013  


------------------------------------------------------------------------------------------------
| Inter Clock Table
| -----------------
------------------------------------------------------------------------------------------------

From Clock    To Clock          WNS(ns)      TNS(ns)  TNS Failing Endpoints  TNS Total Endpoints      WHS(ns)      THS(ns)  THS Failing Endpoints  THS Total Endpoints  
----------    --------          -------      -------  ---------------------  -------------------      -------      -------  ---------------------  -------------------  


------------------------------------------------------------------------------------------------
| Other Path Groups Table
| -----------------------
------------------------------------------------------------------------------------------------

Path Group         From Clock         To Clock               WNS(ns)      TNS(ns)  TNS Failing Endpoints  TNS Total Endpoints      WHS(ns)      THS(ns)  THS Failing Endpoints  THS Total Endpoints  
----------         ----------         --------               -------      -------  ---------------------  -------------------      -------      -------  ---------------------  -------------------  
**async_default**  clk_fpga_0         clk_fpga_0               2.792        0.000                      0                  400        1.760        0.000                      0                  400  


------------------------------------------------------------------------------------------------
| User Ignored Path Table
| -----------------------
------------------------------------------------------------------------------------------------

Path Group    From Clock    To Clock    
----------    ----------    --------    
(none)                      clk_fpga_0    
(none)        clk_fpga_0    clk_fpga_0    


------------------------------------------------------------------------------------------------
| Unconstrained Path Table
| ------------------------
------------------------------------------------------------------------------------------------

Path Group    From Clock    To Clock    
----------    ----------    --------    


------------------------------------------------------------------------------------------------
| Timing Details
| --------------
------------------------------------------------------------------------------------------------


---------------------------------------------------------------------------------------------------
From Clock:  clk_fpga_0
  To Clock:  clk_fpga_0

Setup :            0  Failing Endpoints,  Worst Slack        1.591ns,  Total Violation        0.000ns
Hold  :            0  Failing Endpoints,  Worst Slack        0.011ns,  Total Violation        0.000ns
PW    :            0  Failing Endpoints,  Worst Slack        3.750ns,  Total Violation        0.000ns
---------------------------------------------------------------------------------------------------


Max Delay Paths
--------------------------------------------------------------------------------------
Slack (MET) :             1.591ns  (required time - arrival time)
  Source:                 PL_i/axi_smc/inst/s00_entry_pipeline/s00_mmu/inst/w_sreg/state_reg[m_valid_i]/C
                            (rising edge-triggered cell FDRE clocked by clk_fpga_0  {rise@0.000ns fall@5.000ns period=10.000ns})
  Destination:            PL_i/axi_smc/inst/s00_entry_pipeline/s00_mmu/inst/w_sreg/m_vector_i_reg[1030]/CE
                            (rising edge-triggered cell FDRE clocked by clk_fpga_0  {rise@0.000ns fall@5.000ns period=10.000ns})
  Path Group:             clk_fpga_0
  Path Type:              Setup (Max at Slow Process Corner)
  Requirement:            10.000ns  (clk_fpga_0 rise@10.000ns - clk_fpga_0 rise@0.000ns)
  Data Path Delay:        7.492ns  (logic 1.360ns (18.152%)  route 6.132ns (81.848%))
  Logic Levels:           5  (LUT4=3 LUT5=1 LUT6=1)
  Clock Path Skew:        -0.353ns (DCD - SCD + CPR)
    Destination Clock Delay (DCD):    2.704ns = ( 12.704 - 10.000 ) 
    Source Clock Delay      (SCD):    3.186ns
    Clock Pessimism Removal (CPR):    0.129ns
  Clock Uncertainty:      0.154ns  ((TSJ^2 + TIJ^2)^1/2 + DJ) / 2 + PE
    Total System Jitter     (TSJ):    0.071ns
    Total Input Jitter      (TIJ):    0.300ns
    Discrete Jitter          (DJ):    0.000ns
    Phase Error              (PE):    0.000ns

    Location             Delay type                Incr(ns)  Path(ns)    Netlist Resource(s)
  -------------------------------------------------------------------    -------------------
                         (clock clk_fpga_0 rise edge)
                                                      0.000     0.000 r  
    PS7_X0Y0             PS7                          0.000     0.000 r  PL_i/processing_system7_0/inst/PS7_i/FCLKCLK[0]
                         net (fo=1, routed)           1.193     1.193    PL_i/processing_system7_0/inst/FCLK_CLK_unbuffered[0]
    BUFGCTRL_X0Y16       BUFG (Prop_bufg_I_O)         0.101     1.294 r  PL_i/processing_system7_0/inst/buffer_fclk_clk_0.FCLK_CLK_0_BUFG/O
                         net (fo=14014, routed)       1.892     3.186    PL_i/axi_smc/inst/s00_entry_pipeline/s00_mmu/inst/w_sreg/aclk
    SLICE_X30Y100        FDRE                                         r  PL_i/axi_smc/inst/s00_entry_pipeline/s00_mmu/inst/w_sreg/state_reg[m_valid_i]/C
  -------------------------------------------------------------------    -------------------
    SLICE_X30Y100        FDRE (Prop_fdre_C_Q)         0.518     3.704 r  PL_i/axi_smc/inst/s00_entry_pipeline/s00_mmu/inst/w_sreg/state_reg[m_valid_i]/Q
                         net (fo=10, routed)          1.124     4.828    PL_i/axi_smc/inst/s00_entry_pipeline/s00_mmu/inst/w_sreg/mr_axi_wvalid
    SLICE_X33Y111        LUT4 (Prop_lut4_I0_O)        0.124     4.952 r  PL_i/axi_smc/inst/s00_entry_pipeline/s00_mmu/inst/w_sreg/m_axi_wvalid_INST_0/O
                         net (fo=23, routed)          0.816     5.768    PL_i/axi_smc/inst/s00_entry_pipeline/s00_si_converter/inst/converter.low_area_converter.low_area_wrap_inst/s_axi_wvalid
    SLICE_X31Y100        LUT6 (Prop_lut6_I5_O)        0.124     5.892 r  PL_i/axi_smc/inst/s00_entry_pipeline/s00_si_converter/inst/converter.low_area_converter.low_area_wrap_inst/s_axi_wready_INST_0_i_1/O
                         net (fo=17, routed)          1.377     7.268    PL_i/axi_smc/inst/s00_entry_pipeline/s00_si_converter/inst/converter.low_area_converter.low_area_wrap_inst/null_write
    SLICE_X32Y121        LUT4 (Prop_lut4_I2_O)        0.124     7.392 r  PL_i/axi_smc/inst/s00_entry_pipeline/s00_si_converter/inst/converter.low_area_converter.low_area_wrap_inst/s_axi_wready_INST_0/O
                         net (fo=3, routed)           0.963     8.356    PL_i/axi_smc/inst/s00_entry_pipeline/s00_mmu/inst/gen_endpoint.decerr_slave_inst/m_axi_wready
    SLICE_X32Y111        LUT5 (Prop_lut5_I4_O)        0.150     8.506 r  PL_i/axi_smc/inst/s00_entry_pipeline/s00_mmu/inst/gen_endpoint.decerr_slave_inst/state[s_ready_i]_i_2__1/O
                         net (fo=4, routed)           1.106     9.611    PL_i/axi_smc/inst/s00_entry_pipeline/s00_mmu/inst/w_sreg/mr_axi_wready
    SLICE_X30Y99         LUT4 (Prop_lut4_I0_O)        0.320     9.931 r  PL_i/axi_smc/inst/s00_entry_pipeline/s00_mmu/inst/w_sreg/m_vector_i[1056]_i_1/O
                         net (fo=37, routed)          0.747    10.678    PL_i/axi_smc/inst/s00_entry_pipeline/s00_mmu/inst/w_sreg/m_vector_i[0]
    SLICE_X31Y95         FDRE                                         r  PL_i/axi_smc/inst/s00_entry_pipeline/s00_mmu/inst/w_sreg/m_vector_i_reg[1030]/CE
  -------------------------------------------------------------------    -------------------

                         (clock clk_fpga_0 rise edge)
                                                     10.000    10.000 r  
    PS7_X0Y0             PS7                          0.000    10.000 r  PL_i/processing_system7_0/inst/PS7_i/FCLKCLK[0]
                         net (fo=1, routed)           1.088    11.088    PL_i/processing_system7_0/inst/FCLK_CLK_unbuffered[0]
    BUFGCTRL_X0Y16       BUFG (Prop_bufg_I_O)         0.091    11.179 r  PL_i/processing_system7_0/inst/buffer_fclk_clk_0.FCLK_CLK_0_BUFG/O
                         net (fo=14014, routed)       1.525    12.704    PL_i/axi_smc/inst/s00_entry_pipeline/s00_mmu/inst/w_sreg/aclk
    SLICE_X31Y95         FDRE                                         r  PL_i/axi_smc/inst/s00_entry_pipeline/s00_mmu/inst/w_sreg/m_vector_i_reg[1030]/C
                         clock pessimism              0.129    12.833    
                         clock uncertainty           -0.154    12.679    
    SLICE_X31Y95         FDRE (Setup_fdre_C_CE)      -0.409    12.270    PL_i/axi_smc/inst/s00_entry_pipeline/s00_mmu/inst/w_sreg/m_vector_i_reg[1030]
  -------------------------------------------------------------------
                         required time                         12.270    
                         arrival time                         -10.678    
  -------------------------------------------------------------------
                         slack                                  1.591    

Slack (MET) :             1.591ns  (required time - arrival time)
  Source:                 PL_i/axi_smc/inst/s00_entry_pipeline/s00_mmu/inst/w_sreg/state_reg[m_valid_i]/C
                            (rising edge-triggered cell FDRE clocked by clk_fpga_0  {rise@0.000ns fall@5.000ns period=10.000ns})
  Destination:            PL_i/axi_smc/inst/s00_entry_pipeline/s00_mmu/inst/w_sreg/m_vector_i_reg[1031]/CE
                            (rising edge-triggered cell FDRE clocked by clk_fpga_0  {rise@0.000ns fall@5.000ns period=10.000ns})
  Path Group:             clk_fpga_0
  Path Type:              Setup (Max at Slow Process Corner)
  Requirement:            10.000ns  (clk_fpga_0 rise@10.000ns - clk_fpga_0 rise@0.000ns)
  Data Path Delay:        7.492ns  (logic 1.360ns (18.152%)  route 6.132ns (81.848%))
  Logic Levels:           5  (LUT4=3 LUT5=1 LUT6=1)
  Clock Path Skew:        -0.353ns (DCD - SCD + CPR)
    Destination Clock Delay (DCD):    2.704ns = ( 12.704 - 10.000 ) 
    Source Clock Delay      (SCD):    3.186ns
    Clock Pessimism Removal (CPR):    0.129ns
  Clock Uncertainty:      0.154ns  ((TSJ^2 + TIJ^2)^1/2 + DJ) / 2 + PE
    Total System Jitter     (TSJ):    0.071ns
    Total Input Jitter      (TIJ):    0.300ns
    Discrete Jitter          (DJ):    0.000ns
    Phase Error              (PE):    0.000ns

    Location             Delay type                Incr(ns)  Path(ns)    Netlist Resource(s)
  -------------------------------------------------------------------    -------------------
                         (clock clk_fpga_0 rise edge)
                                                      0.000     0.000 r  
    PS7_X0Y0             PS7                          0.000     0.000 r  PL_i/processing_system7_0/inst/PS7_i/FCLKCLK[0]
                         net (fo=1, routed)           1.193     1.193    PL_i/processing_system7_0/inst/FCLK_CLK_unbuffered[0]
    BUFGCTRL_X0Y16       BUFG (Prop_bufg_I_O)         0.101     1.294 r  PL_i/processing_system7_0/inst/buffer_fclk_clk_0.FCLK_CLK_0_BUFG/O
                         net (fo=14014, routed)       1.892     3.186    PL_i/axi_smc/inst/s00_entry_pipeline/s00_mmu/inst/w_sreg/aclk
    SLICE_X30Y100        FDRE                                         r  PL_i/axi_smc/inst/s00_entry_pipeline/s00_mmu/inst/w_sreg/state_reg[m_valid_i]/C
  -------------------------------------------------------------------    -------------------
    SLICE_X30Y100        FDRE (Prop_fdre_C_Q)         0.518     3.704 r  PL_i/axi_smc/inst/s00_entry_pipeline/s00_mmu/inst/w_sreg/state_reg[m_valid_i]/Q
                         net (fo=10, routed)          1.124     4.828    PL_i/axi_smc/inst/s00_entry_pipeline/s00_mmu/inst/w_sreg/mr_axi_wvalid
    SLICE_X33Y111        LUT4 (Prop_lut4_I0_O)        0.124     4.952 r  PL_i/axi_smc/inst/s00_entry_pipeline/s00_mmu/inst/w_sreg/m_axi_wvalid_INST_0/O
                         net (fo=23, routed)          0.816     5.768    PL_i/axi_smc/inst/s00_entry_pipeline/s00_si_converter/inst/converter.low_area_converter.low_area_wrap_inst/s_axi_wvalid
    SLICE_X31Y100        LUT6 (Prop_lut6_I5_O)        0.124     5.892 r  PL_i/axi_smc/inst/s00_entry_pipeline/s00_si_converter/inst/converter.low_area_converter.low_area_wrap_inst/s_axi_wready_INST_0_i_1/O
                         net (fo=17, routed)          1.377     7.268    PL_i/axi_smc/inst/s00_entry_pipeline/s00_si_converter/inst/converter.low_area_converter.low_area_wrap_inst/null_write
    SLICE_X32Y121        LUT4 (Prop_lut4_I2_O)        0.124     7.392 r  PL_i/axi_smc/inst/s00_entry_pipeline/s00_si_converter/inst/converter.low_area_converter.low_area_wrap_inst/s_axi_wready_INST_0/O
                         net (fo=3, routed)           0.963     8.356    PL_i/axi_smc/inst/s00_entry_pipeline/s00_mmu/inst/gen_endpoint.decerr_slave_inst/m_axi_wready
    SLICE_X32Y111        LUT5 (Prop_lut5_I4_O)        0.150     8.506 r  PL_i/axi_smc/inst/s00_entry_pipeline/s00_mmu/inst/gen_endpoint.decerr_slave_inst/state[s_ready_i]_i_2__1/O
                         net (fo=4, routed)           1.106     9.611    PL_i/axi_smc/inst/s00_entry_pipeline/s00_mmu/inst/w_sreg/mr_axi_wready
    SLICE_X30Y99         LUT4 (Prop_lut4_I0_O)        0.320     9.931 r  PL_i/axi_smc/inst/s00_entry_pipeline/s00_mmu/inst/w_sreg/m_vector_i[1056]_i_1/O
                         net (fo=37, routed)          0.747    10.678    PL_i/axi_smc/inst/s00_entry_pipeline/s00_mmu/inst/w_sreg/m_vector_i[0]
    SLICE_X31Y95         FDRE                                         r  PL_i/axi_smc/inst/s00_entry_pipeline/s00_mmu/inst/w_sreg/m_vector_i_reg[1031]/CE
  -------------------------------------------------------------------    -------------------

                         (clock clk_fpga_0 rise edge)
                                                     10.000    10.000 r  
    PS7_X0Y0             PS7                          0.000    10.000 r  PL_i/processing_system7_0/inst/PS7_i/FCLKCLK[0]
                         net (fo=1, routed)           1.088    11.088    PL_i/processing_system7_0/inst/FCLK_CLK_unbuffered[0]
    BUFGCTRL_X0Y16       BUFG (Prop_bufg_I_O)         0.091    11.179 r  PL_i/processing_system7_0/inst/buffer_fclk_clk_0.FCLK_CLK_0_BUFG/O
                         net (fo=14014, routed)       1.525    12.704    PL_i/axi_smc/inst/s00_entry_pipeline/s00_mmu/inst/w_sreg/aclk
    SLICE_X31Y95         FDRE                                         r  PL_i/axi_smc/inst/s00_entry_pipeline/s00_mmu/inst/w_sreg/m_vector_i_reg[1031]/C
                         clock pessimism              0.129    12.833    
                         clock uncertainty           -0.154    12.679    
    SLICE_X31Y95         FDRE (Setup_fdre_C_CE)      -0.409    12.270    PL_i/axi_smc/inst/s00_entry_pipeline/s00_mmu/inst/w_sreg/m_vector_i_reg[1031]
  -------------------------------------------------------------------
                         required time                         12.270    
                         arrival time                         -10.678    
  -------------------------------------------------------------------
                         slack                                  1.591    

Slack (MET) :             1.648ns  (required time - arrival time)
  Source:                 PL_i/axi_smc/inst/s00_entry_pipeline/s00_mmu/inst/w_sreg/state_reg[m_valid_i]/C
                            (rising edge-triggered cell FDRE clocked by clk_fpga_0  {rise@0.000ns fall@5.000ns period=10.000ns})
  Destination:            PL_i/axi_smc/inst/s00_entry_pipeline/s00_mmu/inst/w_sreg/m_vector_i_reg[1040]/CE
                            (rising edge-triggered cell FDRE clocked by clk_fpga_0  {rise@0.000ns fall@5.000ns period=10.000ns})
  Path Group:             clk_fpga_0
  Path Type:              Setup (Max at Slow Process Corner)
  Requirement:            10.000ns  (clk_fpga_0 rise@10.000ns - clk_fpga_0 rise@0.000ns)
  Data Path Delay:        7.436ns  (logic 1.360ns (18.290%)  route 6.076ns (81.710%))
  Logic Levels:           5  (LUT4=3 LUT5=1 LUT6=1)
  Clock Path Skew:        -0.353ns (DCD - SCD + CPR)
    Destination Clock Delay (DCD):    2.704ns = ( 12.704 - 10.000 ) 
    Source Clock Delay      (SCD):    3.186ns
    Clock Pessimism Removal (CPR):    0.129ns
  Clock Uncertainty:      0.154ns  ((TSJ^2 + TIJ^2)^1/2 + DJ) / 2 + PE
    Total System Jitter     (TSJ):    0.071ns
    Total Input Jitter      (TIJ):    0.300ns
    Discrete Jitter          (DJ):    0.000ns
    Phase Error              (PE):    0.000ns

    Location             Delay type                Incr(ns)  Path(ns)    Netlist Resource(s)
  -------------------------------------------------------------------    -------------------
                         (clock clk_fpga_0 rise edge)
                                                      0.000     0.000 r  
    PS7_X0Y0             PS7                          0.000     0.000 r  PL_i/processing_system7_0/inst/PS7_i/FCLKCLK[0]
                         net (fo=1, routed)           1.193     1.193    PL_i/processing_system7_0/inst/FCLK_CLK_unbuffered[0]
    BUFGCTRL_X0Y16       BUFG (Prop_bufg_I_O)         0.101     1.294 r  PL_i/processing_system7_0/inst/buffer_fclk_clk_0.FCLK_CLK_0_BUFG/O
                         net (fo=14014, routed)       1.892     3.186    PL_i/axi_smc/inst/s00_entry_pipeline/s00_mmu/inst/w_sreg/aclk
    SLICE_X30Y100        FDRE                                         r  PL_i/axi_smc/inst/s00_entry_pipeline/s00_mmu/inst/w_sreg/state_reg[m_valid_i]/C
  -------------------------------------------------------------------    -------------------
    SLICE_X30Y100        FDRE (Prop_fdre_C_Q)         0.518     3.704 r  PL_i/axi_smc/inst/s00_entry_pipeline/s00_mmu/inst/w_sreg/state_reg[m_valid_i]/Q
                         net (fo=10, routed)          1.124     4.828    PL_i/axi_smc/inst/s00_entry_pipeline/s00_mmu/inst/w_sreg/mr_axi_wvalid
    SLICE_X33Y111        LUT4 (Prop_lut4_I0_O)        0.124     4.952 r  PL_i/axi_smc/inst/s00_entry_pipeline/s00_mmu/inst/w_sreg/m_axi_wvalid_INST_0/O
                         net (fo=23, routed)          0.816     5.768    PL_i/axi_smc/inst/s00_entry_pipeline/s00_si_converter/inst/converter.low_area_converter.low_area_wrap_inst/s_axi_wvalid
    SLICE_X31Y100        LUT6 (Prop_lut6_I5_O)        0.124     5.892 r  PL_i/axi_smc/inst/s00_entry_pipeline/s00_si_converter/inst/converter.low_area_converter.low_area_wrap_inst/s_axi_wready_INST_0_i_1/O
                         net (fo=17, routed)          1.377     7.268    PL_i/axi_smc/inst/s00_entry_pipeline/s00_si_converter/inst/converter.low_area_converter.low_area_wrap_inst/null_write
    SLICE_X32Y121        LUT4 (Prop_lut4_I2_O)        0.124     7.392 r  PL_i/axi_smc/inst/s00_entry_pipeline/s00_si_converter/inst/converter.low_area_converter.low_area_wrap_inst/s_axi_wready_INST_0/O
                         net (fo=3, routed)           0.963     8.356    PL_i/axi_smc/inst/s00_entry_pipeline/s00_mmu/inst/gen_endpoint.decerr_slave_inst/m_axi_wready
    SLICE_X32Y111        LUT5 (Prop_lut5_I4_O)        0.150     8.506 r  PL_i/axi_smc/inst/s00_entry_pipeline/s00_mmu/inst/gen_endpoint.decerr_slave_inst/state[s_ready_i]_i_2__1/O
                         net (fo=4, routed)           1.106     9.611    PL_i/axi_smc/inst/s00_entry_pipeline/s00_mmu/inst/w_sreg/mr_axi_wready
    SLICE_X30Y99         LUT4 (Prop_lut4_I0_O)        0.320     9.931 r  PL_i/axi_smc/inst/s00_entry_pipeline/s00_mmu/inst/w_sreg/m_vector_i[1056]_i_1/O
                         net (fo=37, routed)          0.691    10.622    PL_i/axi_smc/inst/s00_entry_pipeline/s00_mmu/inst/w_sreg/m_vector_i[0]
    SLICE_X28Y96         FDRE                                         r  PL_i/axi_smc/inst/s00_entry_pipeline/s00_mmu/inst/w_sreg/m_vector_i_reg[1040]/CE
  -------------------------------------------------------------------    -------------------

                         (clock clk_fpga_0 rise edge)
                                                     10.000    10.000 r  
    PS7_X0Y0             PS7                          0.000    10.000 r  PL_i/processing_system7_0/inst/PS7_i/FCLKCLK[0]
                         net (fo=1, routed)           1.088    11.088    PL_i/processing_system7_0/inst/FCLK_CLK_unbuffered[0]
    BUFGCTRL_X0Y16       BUFG (Prop_bufg_I_O)         0.091    11.179 r  PL_i/processing_system7_0/inst/buffer_fclk_clk_0.FCLK_CLK_0_BUFG/O
                         net (fo=14014, routed)       1.525    12.704    PL_i/axi_smc/inst/s00_entry_pipeline/s00_mmu/inst/w_sreg/aclk
    SLICE_X28Y96         FDRE                                         r  PL_i/axi_smc/inst/s00_entry_pipeline/s00_mmu/inst/w_sreg/m_vector_i_reg[1040]/C
                         clock pessimism              0.129    12.833    
                         clock uncertainty           -0.154    12.679    
    SLICE_X28Y96         FDRE (Setup_fdre_C_CE)      -0.409    12.270    PL_i/axi_smc/inst/s00_entry_pipeline/s00_mmu/inst/w_sreg/m_vector_i_reg[1040]
  -------------------------------------------------------------------
                         required time                         12.270    
                         arrival time                         -10.622    
  -------------------------------------------------------------------
                         slack                                  1.648    

Slack (MET) :             1.648ns  (required time - arrival time)
  Source:                 PL_i/axi_smc/inst/s00_entry_pipeline/s00_mmu/inst/w_sreg/state_reg[m_valid_i]/C
                            (rising edge-triggered cell FDRE clocked by clk_fpga_0  {rise@0.000ns fall@5.000ns period=10.000ns})
  Destination:            PL_i/axi_smc/inst/s00_entry_pipeline/s00_mmu/inst/w_sreg/m_vector_i_reg[1041]/CE
                            (rising edge-triggered cell FDRE clocked by clk_fpga_0  {rise@0.000ns fall@5.000ns period=10.000ns})
  Path Group:             clk_fpga_0
  Path Type:              Setup (Max at Slow Process Corner)
  Requirement:            10.000ns  (clk_fpga_0 rise@10.000ns - clk_fpga_0 rise@0.000ns)
  Data Path Delay:        7.436ns  (logic 1.360ns (18.290%)  route 6.076ns (81.710%))
  Logic Levels:           5  (LUT4=3 LUT5=1 LUT6=1)
  Clock Path Skew:        -0.353ns (DCD - SCD + CPR)
    Destination Clock Delay (DCD):    2.704ns = ( 12.704 - 10.000 ) 
    Source Clock Delay      (SCD):    3.186ns
    Clock Pessimism Removal (CPR):    0.129ns
  Clock Uncertainty:      0.154ns  ((TSJ^2 + TIJ^2)^1/2 + DJ) / 2 + PE
    Total System Jitter     (TSJ):    0.071ns
    Total Input Jitter      (TIJ):    0.300ns
    Discrete Jitter          (DJ):    0.000ns
    Phase Error              (PE):    0.000ns

    Location             Delay type                Incr(ns)  Path(ns)    Netlist Resource(s)
  -------------------------------------------------------------------    -------------------
                         (clock clk_fpga_0 rise edge)
                                                      0.000     0.000 r  
    PS7_X0Y0             PS7                          0.000     0.000 r  PL_i/processing_system7_0/inst/PS7_i/FCLKCLK[0]
                         net (fo=1, routed)           1.193     1.193    PL_i/processing_system7_0/inst/FCLK_CLK_unbuffered[0]
    BUFGCTRL_X0Y16       BUFG (Prop_bufg_I_O)         0.101     1.294 r  PL_i/processing_system7_0/inst/buffer_fclk_clk_0.FCLK_CLK_0_BUFG/O
                         net (fo=14014, routed)       1.892     3.186    PL_i/axi_smc/inst/s00_entry_pipeline/s00_mmu/inst/w_sreg/aclk
    SLICE_X30Y100        FDRE                                         r  PL_i/axi_smc/inst/s00_entry_pipeline/s00_mmu/inst/w_sreg/state_reg[m_valid_i]/C
  -------------------------------------------------------------------    -------------------
    SLICE_X30Y100        FDRE (Prop_fdre_C_Q)         0.518     3.704 r  PL_i/axi_smc/inst/s00_entry_pipeline/s00_mmu/inst/w_sreg/state_reg[m_valid_i]/Q
                         net (fo=10, routed)          1.124     4.828    PL_i/axi_smc/inst/s00_entry_pipeline/s00_mmu/inst/w_sreg/mr_axi_wvalid
    SLICE_X33Y111        LUT4 (Prop_lut4_I0_O)        0.124     4.952 r  PL_i/axi_smc/inst/s00_entry_pipeline/s00_mmu/inst/w_sreg/m_axi_wvalid_INST_0/O
                         net (fo=23, routed)          0.816     5.768    PL_i/axi_smc/inst/s00_entry_pipeline/s00_si_converter/inst/converter.low_area_converter.low_area_wrap_inst/s_axi_wvalid
    SLICE_X31Y100        LUT6 (Prop_lut6_I5_O)        0.124     5.892 r  PL_i/axi_smc/inst/s00_entry_pipeline/s00_si_converter/inst/converter.low_area_converter.low_area_wrap_inst/s_axi_wready_INST_0_i_1/O
                         net (fo=17, routed)          1.377     7.268    PL_i/axi_smc/inst/s00_entry_pipeline/s00_si_converter/inst/converter.low_area_converter.low_area_wrap_inst/null_write
    SLICE_X32Y121        LUT4 (Prop_lut4_I2_O)        0.124     7.392 r  PL_i/axi_smc/inst/s00_entry_pipeline/s00_si_converter/inst/converter.low_area_converter.low_area_wrap_inst/s_axi_wready_INST_0/O
                         net (fo=3, routed)           0.963     8.356    PL_i/axi_smc/inst/s00_entry_pipeline/s00_mmu/inst/gen_endpoint.decerr_slave_inst/m_axi_wready
    SLICE_X32Y111        LUT5 (Prop_lut5_I4_O)        0.150     8.506 r  PL_i/axi_smc/inst/s00_entry_pipeline/s00_mmu/inst/gen_endpoint.decerr_slave_inst/state[s_ready_i]_i_2__1/O
                         net (fo=4, routed)           1.106     9.611    PL_i/axi_smc/inst/s00_entry_pipeline/s00_mmu/inst/w_sreg/mr_axi_wready
    SLICE_X30Y99         LUT4 (Prop_lut4_I0_O)        0.320     9.931 r  PL_i/axi_smc/inst/s00_entry_pipeline/s00_mmu/inst/w_sreg/m_vector_i[1056]_i_1/O
                         net (fo=37, routed)          0.691    10.622    PL_i/axi_smc/inst/s00_entry_pipeline/s00_mmu/inst/w_sreg/m_vector_i[0]
    SLICE_X28Y96         FDRE                                         r  PL_i/axi_smc/inst/s00_entry_pipeline/s00_mmu/inst/w_sreg/m_vector_i_reg[1041]/CE
  -------------------------------------------------------------------    -------------------

                         (clock clk_fpga_0 rise edge)
                                                     10.000    10.000 r  
    PS7_X0Y0             PS7                          0.000    10.000 r  PL_i/processing_system7_0/inst/PS7_i/FCLKCLK[0]
                         net (fo=1, routed)           1.088    11.088    PL_i/processing_system7_0/inst/FCLK_CLK_unbuffered[0]
    BUFGCTRL_X0Y16       BUFG (Prop_bufg_I_O)         0.091    11.179 r  PL_i/processing_system7_0/inst/buffer_fclk_clk_0.FCLK_CLK_0_BUFG/O
                         net (fo=14014, routed)       1.525    12.704    PL_i/axi_smc/inst/s00_entry_pipeline/s00_mmu/inst/w_sreg/aclk
    SLICE_X28Y96         FDRE                                         r  PL_i/axi_smc/inst/s00_entry_pipeline/s00_mmu/inst/w_sreg/m_vector_i_reg[1041]/C
                         clock pessimism              0.129    12.833    
                         clock uncertainty           -0.154    12.679    
    SLICE_X28Y96         FDRE (Setup_fdre_C_CE)      -0.409    12.270    PL_i/axi_smc/inst/s00_entry_pipeline/s00_mmu/inst/w_sreg/m_vector_i_reg[1041]
  -------------------------------------------------------------------
                         required time                         12.270    
                         arrival time                         -10.622    
  -------------------------------------------------------------------
                         slack                                  1.648    

Slack (MET) :             1.648ns  (required time - arrival time)
  Source:                 PL_i/axi_smc/inst/s00_entry_pipeline/s00_mmu/inst/w_sreg/state_reg[m_valid_i]/C
                            (rising edge-triggered cell FDRE clocked by clk_fpga_0  {rise@0.000ns fall@5.000ns period=10.000ns})
  Destination:            PL_i/axi_smc/inst/s00_entry_pipeline/s00_mmu/inst/w_sreg/m_vector_i_reg[1042]/CE
                            (rising edge-triggered cell FDRE clocked by clk_fpga_0  {rise@0.000ns fall@5.000ns period=10.000ns})
  Path Group:             clk_fpga_0
  Path Type:              Setup (Max at Slow Process Corner)
  Requirement:            10.000ns  (clk_fpga_0 rise@10.000ns - clk_fpga_0 rise@0.000ns)
  Data Path Delay:        7.436ns  (logic 1.360ns (18.290%)  route 6.076ns (81.710%))
  Logic Levels:           5  (LUT4=3 LUT5=1 LUT6=1)
  Clock Path Skew:        -0.353ns (DCD - SCD + CPR)
    Destination Clock Delay (DCD):    2.704ns = ( 12.704 - 10.000 ) 
    Source Clock Delay      (SCD):    3.186ns
    Clock Pessimism Removal (CPR):    0.129ns
  Clock Uncertainty:      0.154ns  ((TSJ^2 + TIJ^2)^1/2 + DJ) / 2 + PE
    Total System Jitter     (TSJ):    0.071ns
    Total Input Jitter      (TIJ):    0.300ns
    Discrete Jitter          (DJ):    0.000ns
    Phase Error              (PE):    0.000ns

    Location             Delay type                Incr(ns)  Path(ns)    Netlist Resource(s)
  -------------------------------------------------------------------    -------------------
                         (clock clk_fpga_0 rise edge)
                                                      0.000     0.000 r  
    PS7_X0Y0             PS7                          0.000     0.000 r  PL_i/processing_system7_0/inst/PS7_i/FCLKCLK[0]
                         net (fo=1, routed)           1.193     1.193    PL_i/processing_system7_0/inst/FCLK_CLK_unbuffered[0]
    BUFGCTRL_X0Y16       BUFG (Prop_bufg_I_O)         0.101     1.294 r  PL_i/processing_system7_0/inst/buffer_fclk_clk_0.FCLK_CLK_0_BUFG/O
                         net (fo=14014, routed)       1.892     3.186    PL_i/axi_smc/inst/s00_entry_pipeline/s00_mmu/inst/w_sreg/aclk
    SLICE_X30Y100        FDRE                                         r  PL_i/axi_smc/inst/s00_entry_pipeline/s00_mmu/inst/w_sreg/state_reg[m_valid_i]/C
  -------------------------------------------------------------------    -------------------
    SLICE_X30Y100        FDRE (Prop_fdre_C_Q)         0.518     3.704 r  PL_i/axi_smc/inst/s00_entry_pipeline/s00_mmu/inst/w_sreg/state_reg[m_valid_i]/Q
                         net (fo=10, routed)          1.124     4.828    PL_i/axi_smc/inst/s00_entry_pipeline/s00_mmu/inst/w_sreg/mr_axi_wvalid
    SLICE_X33Y111        LUT4 (Prop_lut4_I0_O)        0.124     4.952 r  PL_i/axi_smc/inst/s00_entry_pipeline/s00_mmu/inst/w_sreg/m_axi_wvalid_INST_0/O
                         net (fo=23, routed)          0.816     5.768    PL_i/axi_smc/inst/s00_entry_pipeline/s00_si_converter/inst/converter.low_area_converter.low_area_wrap_inst/s_axi_wvalid
    SLICE_X31Y100        LUT6 (Prop_lut6_I5_O)        0.124     5.892 r  PL_i/axi_smc/inst/s00_entry_pipeline/s00_si_converter/inst/converter.low_area_converter.low_area_wrap_inst/s_axi_wready_INST_0_i_1/O
                         net (fo=17, routed)          1.377     7.268    PL_i/axi_smc/inst/s00_entry_pipeline/s00_si_converter/inst/converter.low_area_converter.low_area_wrap_inst/null_write
    SLICE_X32Y121        LUT4 (Prop_lut4_I2_O)        0.124     7.392 r  PL_i/axi_smc/inst/s00_entry_pipeline/s00_si_converter/inst/converter.low_area_converter.low_area_wrap_inst/s_axi_wready_INST_0/O
                         net (fo=3, routed)           0.963     8.356    PL_i/axi_smc/inst/s00_entry_pipeline/s00_mmu/inst/gen_endpoint.decerr_slave_inst/m_axi_wready
    SLICE_X32Y111        LUT5 (Prop_lut5_I4_O)        0.150     8.506 r  PL_i/axi_smc/inst/s00_entry_pipeline/s00_mmu/inst/gen_endpoint.decerr_slave_inst/state[s_ready_i]_i_2__1/O
                         net (fo=4, routed)           1.106     9.611    PL_i/axi_smc/inst/s00_entry_pipeline/s00_mmu/inst/w_sreg/mr_axi_wready
    SLICE_X30Y99         LUT4 (Prop_lut4_I0_O)        0.320     9.931 r  PL_i/axi_smc/inst/s00_entry_pipeline/s00_mmu/inst/w_sreg/m_vector_i[1056]_i_1/O
                         net (fo=37, routed)          0.691    10.622    PL_i/axi_smc/inst/s00_entry_pipeline/s00_mmu/inst/w_sreg/m_vector_i[0]
    SLICE_X28Y96         FDRE                                         r  PL_i/axi_smc/inst/s00_entry_pipeline/s00_mmu/inst/w_sreg/m_vector_i_reg[1042]/CE
  -------------------------------------------------------------------    -------------------

                         (clock clk_fpga_0 rise edge)
                                                     10.000    10.000 r  
    PS7_X0Y0             PS7                          0.000    10.000 r  PL_i/processing_system7_0/inst/PS7_i/FCLKCLK[0]
                         net (fo=1, routed)           1.088    11.088    PL_i/processing_system7_0/inst/FCLK_CLK_unbuffered[0]
    BUFGCTRL_X0Y16       BUFG (Prop_bufg_I_O)         0.091    11.179 r  PL_i/processing_system7_0/inst/buffer_fclk_clk_0.FCLK_CLK_0_BUFG/O
                         net (fo=14014, routed)       1.525    12.704    PL_i/axi_smc/inst/s00_entry_pipeline/s00_mmu/inst/w_sreg/aclk
    SLICE_X28Y96         FDRE                                         r  PL_i/axi_smc/inst/s00_entry_pipeline/s00_mmu/inst/w_sreg/m_vector_i_reg[1042]/C
                         clock pessimism              0.129    12.833    
                         clock uncertainty           -0.154    12.679    
    SLICE_X28Y96         FDRE (Setup_fdre_C_CE)      -0.409    12.270    PL_i/axi_smc/inst/s00_entry_pipeline/s00_mmu/inst/w_sreg/m_vector_i_reg[1042]
  -------------------------------------------------------------------
                         required time                         12.270    
                         arrival time                         -10.622    
  -------------------------------------------------------------------
                         slack                                  1.648    

Slack (MET) :             1.648ns  (required time - arrival time)
  Source:                 PL_i/axi_smc/inst/s00_entry_pipeline/s00_mmu/inst/w_sreg/state_reg[m_valid_i]/C
                            (rising edge-triggered cell FDRE clocked by clk_fpga_0  {rise@0.000ns fall@5.000ns period=10.000ns})
  Destination:            PL_i/axi_smc/inst/s00_entry_pipeline/s00_mmu/inst/w_sreg/m_vector_i_reg[1043]/CE
                            (rising edge-triggered cell FDRE clocked by clk_fpga_0  {rise@0.000ns fall@5.000ns period=10.000ns})
  Path Group:             clk_fpga_0
  Path Type:              Setup (Max at Slow Process Corner)
  Requirement:            10.000ns  (clk_fpga_0 rise@10.000ns - clk_fpga_0 rise@0.000ns)
  Data Path Delay:        7.436ns  (logic 1.360ns (18.290%)  route 6.076ns (81.710%))
  Logic Levels:           5  (LUT4=3 LUT5=1 LUT6=1)
  Clock Path Skew:        -0.353ns (DCD - SCD + CPR)
    Destination Clock Delay (DCD):    2.704ns = ( 12.704 - 10.000 ) 
    Source Clock Delay      (SCD):    3.186ns
    Clock Pessimism Removal (CPR):    0.129ns
  Clock Uncertainty:      0.154ns  ((TSJ^2 + TIJ^2)^1/2 + DJ) / 2 + PE
    Total System Jitter     (TSJ):    0.071ns
    Total Input Jitter      (TIJ):    0.300ns
    Discrete Jitter          (DJ):    0.000ns
    Phase Error              (PE):    0.000ns

    Location             Delay type                Incr(ns)  Path(ns)    Netlist Resource(s)
  -------------------------------------------------------------------    -------------------
                         (clock clk_fpga_0 rise edge)
                                                      0.000     0.000 r  
    PS7_X0Y0             PS7                          0.000     0.000 r  PL_i/processing_system7_0/inst/PS7_i/FCLKCLK[0]
                         net (fo=1, routed)           1.193     1.193    PL_i/processing_system7_0/inst/FCLK_CLK_unbuffered[0]
    BUFGCTRL_X0Y16       BUFG (Prop_bufg_I_O)         0.101     1.294 r  PL_i/processing_system7_0/inst/buffer_fclk_clk_0.FCLK_CLK_0_BUFG/O
                         net (fo=14014, routed)       1.892     3.186    PL_i/axi_smc/inst/s00_entry_pipeline/s00_mmu/inst/w_sreg/aclk
    SLICE_X30Y100        FDRE                                         r  PL_i/axi_smc/inst/s00_entry_pipeline/s00_mmu/inst/w_sreg/state_reg[m_valid_i]/C
  -------------------------------------------------------------------    -------------------
    SLICE_X30Y100        FDRE (Prop_fdre_C_Q)         0.518     3.704 r  PL_i/axi_smc/inst/s00_entry_pipeline/s00_mmu/inst/w_sreg/state_reg[m_valid_i]/Q
                         net (fo=10, routed)          1.124     4.828    PL_i/axi_smc/inst/s00_entry_pipeline/s00_mmu/inst/w_sreg/mr_axi_wvalid
    SLICE_X33Y111        LUT4 (Prop_lut4_I0_O)        0.124     4.952 r  PL_i/axi_smc/inst/s00_entry_pipeline/s00_mmu/inst/w_sreg/m_axi_wvalid_INST_0/O
                         net (fo=23, routed)          0.816     5.768    PL_i/axi_smc/inst/s00_entry_pipeline/s00_si_converter/inst/converter.low_area_converter.low_area_wrap_inst/s_axi_wvalid
    SLICE_X31Y100        LUT6 (Prop_lut6_I5_O)        0.124     5.892 r  PL_i/axi_smc/inst/s00_entry_pipeline/s00_si_converter/inst/converter.low_area_converter.low_area_wrap_inst/s_axi_wready_INST_0_i_1/O
                         net (fo=17, routed)          1.377     7.268    PL_i/axi_smc/inst/s00_entry_pipeline/s00_si_converter/inst/converter.low_area_converter.low_area_wrap_inst/null_write
    SLICE_X32Y121        LUT4 (Prop_lut4_I2_O)        0.124     7.392 r  PL_i/axi_smc/inst/s00_entry_pipeline/s00_si_converter/inst/converter.low_area_converter.low_area_wrap_inst/s_axi_wready_INST_0/O
                         net (fo=3, routed)           0.963     8.356    PL_i/axi_smc/inst/s00_entry_pipeline/s00_mmu/inst/gen_endpoint.decerr_slave_inst/m_axi_wready
    SLICE_X32Y111        LUT5 (Prop_lut5_I4_O)        0.150     8.506 r  PL_i/axi_smc/inst/s00_entry_pipeline/s00_mmu/inst/gen_endpoint.decerr_slave_inst/state[s_ready_i]_i_2__1/O
                         net (fo=4, routed)           1.106     9.611    PL_i/axi_smc/inst/s00_entry_pipeline/s00_mmu/inst/w_sreg/mr_axi_wready
    SLICE_X30Y99         LUT4 (Prop_lut4_I0_O)        0.320     9.931 r  PL_i/axi_smc/inst/s00_entry_pipeline/s00_mmu/inst/w_sreg/m_vector_i[1056]_i_1/O
                         net (fo=37, routed)          0.691    10.622    PL_i/axi_smc/inst/s00_entry_pipeline/s00_mmu/inst/w_sreg/m_vector_i[0]
    SLICE_X28Y96         FDRE                                         r  PL_i/axi_smc/inst/s00_entry_pipeline/s00_mmu/inst/w_sreg/m_vector_i_reg[1043]/CE
  -------------------------------------------------------------------    -------------------

                         (clock clk_fpga_0 rise edge)
                                                     10.000    10.000 r  
    PS7_X0Y0             PS7                          0.000    10.000 r  PL_i/processing_system7_0/inst/PS7_i/FCLKCLK[0]
                         net (fo=1, routed)           1.088    11.088    PL_i/processing_system7_0/inst/FCLK_CLK_unbuffered[0]
    BUFGCTRL_X0Y16       BUFG (Prop_bufg_I_O)         0.091    11.179 r  PL_i/processing_system7_0/inst/buffer_fclk_clk_0.FCLK_CLK_0_BUFG/O
                         net (fo=14014, routed)       1.525    12.704    PL_i/axi_smc/inst/s00_entry_pipeline/s00_mmu/inst/w_sreg/aclk
    SLICE_X28Y96         FDRE                                         r  PL_i/axi_smc/inst/s00_entry_pipeline/s00_mmu/inst/w_sreg/m_vector_i_reg[1043]/C
                         clock pessimism              0.129    12.833    
                         clock uncertainty           -0.154    12.679    
    SLICE_X28Y96         FDRE (Setup_fdre_C_CE)      -0.409    12.270    PL_i/axi_smc/inst/s00_entry_pipeline/s00_mmu/inst/w_sreg/m_vector_i_reg[1043]
  -------------------------------------------------------------------
                         required time                         12.270    
                         arrival time                         -10.622    
  -------------------------------------------------------------------
                         slack                                  1.648    

Slack (MET) :             1.648ns  (required time - arrival time)
  Source:                 PL_i/axi_smc/inst/s00_entry_pipeline/s00_mmu/inst/w_sreg/state_reg[m_valid_i]/C
                            (rising edge-triggered cell FDRE clocked by clk_fpga_0  {rise@0.000ns fall@5.000ns period=10.000ns})
  Destination:            PL_i/axi_smc/inst/s00_entry_pipeline/s00_mmu/inst/w_sreg/m_vector_i_reg[1044]/CE
                            (rising edge-triggered cell FDRE clocked by clk_fpga_0  {rise@0.000ns fall@5.000ns period=10.000ns})
  Path Group:             clk_fpga_0
  Path Type:              Setup (Max at Slow Process Corner)
  Requirement:            10.000ns  (clk_fpga_0 rise@10.000ns - clk_fpga_0 rise@0.000ns)
  Data Path Delay:        7.436ns  (logic 1.360ns (18.290%)  route 6.076ns (81.710%))
  Logic Levels:           5  (LUT4=3 LUT5=1 LUT6=1)
  Clock Path Skew:        -0.353ns (DCD - SCD + CPR)
    Destination Clock Delay (DCD):    2.704ns = ( 12.704 - 10.000 ) 
    Source Clock Delay      (SCD):    3.186ns
    Clock Pessimism Removal (CPR):    0.129ns
  Clock Uncertainty:      0.154ns  ((TSJ^2 + TIJ^2)^1/2 + DJ) / 2 + PE
    Total System Jitter     (TSJ):    0.071ns
    Total Input Jitter      (TIJ):    0.300ns
    Discrete Jitter          (DJ):    0.000ns
    Phase Error              (PE):    0.000ns

    Location             Delay type                Incr(ns)  Path(ns)    Netlist Resource(s)
  -------------------------------------------------------------------    -------------------
                         (clock clk_fpga_0 rise edge)
                                                      0.000     0.000 r  
    PS7_X0Y0             PS7                          0.000     0.000 r  PL_i/processing_system7_0/inst/PS7_i/FCLKCLK[0]
                         net (fo=1, routed)           1.193     1.193    PL_i/processing_system7_0/inst/FCLK_CLK_unbuffered[0]
    BUFGCTRL_X0Y16       BUFG (Prop_bufg_I_O)         0.101     1.294 r  PL_i/processing_system7_0/inst/buffer_fclk_clk_0.FCLK_CLK_0_BUFG/O
                         net (fo=14014, routed)       1.892     3.186    PL_i/axi_smc/inst/s00_entry_pipeline/s00_mmu/inst/w_sreg/aclk
    SLICE_X30Y100        FDRE                                         r  PL_i/axi_smc/inst/s00_entry_pipeline/s00_mmu/inst/w_sreg/state_reg[m_valid_i]/C
  -------------------------------------------------------------------    -------------------
    SLICE_X30Y100        FDRE (Prop_fdre_C_Q)         0.518     3.704 r  PL_i/axi_smc/inst/s00_entry_pipeline/s00_mmu/inst/w_sreg/state_reg[m_valid_i]/Q
                         net (fo=10, routed)          1.124     4.828    PL_i/axi_smc/inst/s00_entry_pipeline/s00_mmu/inst/w_sreg/mr_axi_wvalid
    SLICE_X33Y111        LUT4 (Prop_lut4_I0_O)        0.124     4.952 r  PL_i/axi_smc/inst/s00_entry_pipeline/s00_mmu/inst/w_sreg/m_axi_wvalid_INST_0/O
                         net (fo=23, routed)          0.816     5.768    PL_i/axi_smc/inst/s00_entry_pipeline/s00_si_converter/inst/converter.low_area_converter.low_area_wrap_inst/s_axi_wvalid
    SLICE_X31Y100        LUT6 (Prop_lut6_I5_O)        0.124     5.892 r  PL_i/axi_smc/inst/s00_entry_pipeline/s00_si_converter/inst/converter.low_area_converter.low_area_wrap_inst/s_axi_wready_INST_0_i_1/O
                         net (fo=17, routed)          1.377     7.268    PL_i/axi_smc/inst/s00_entry_pipeline/s00_si_converter/inst/converter.low_area_converter.low_area_wrap_inst/null_write
    SLICE_X32Y121        LUT4 (Prop_lut4_I2_O)        0.124     7.392 r  PL_i/axi_smc/inst/s00_entry_pipeline/s00_si_converter/inst/converter.low_area_converter.low_area_wrap_inst/s_axi_wready_INST_0/O
                         net (fo=3, routed)           0.963     8.356    PL_i/axi_smc/inst/s00_entry_pipeline/s00_mmu/inst/gen_endpoint.decerr_slave_inst/m_axi_wready
    SLICE_X32Y111        LUT5 (Prop_lut5_I4_O)        0.150     8.506 r  PL_i/axi_smc/inst/s00_entry_pipeline/s00_mmu/inst/gen_endpoint.decerr_slave_inst/state[s_ready_i]_i_2__1/O
                         net (fo=4, routed)           1.106     9.611    PL_i/axi_smc/inst/s00_entry_pipeline/s00_mmu/inst/w_sreg/mr_axi_wready
    SLICE_X30Y99         LUT4 (Prop_lut4_I0_O)        0.320     9.931 r  PL_i/axi_smc/inst/s00_entry_pipeline/s00_mmu/inst/w_sreg/m_vector_i[1056]_i_1/O
                         net (fo=37, routed)          0.691    10.622    PL_i/axi_smc/inst/s00_entry_pipeline/s00_mmu/inst/w_sreg/m_vector_i[0]
    SLICE_X28Y96         FDRE                                         r  PL_i/axi_smc/inst/s00_entry_pipeline/s00_mmu/inst/w_sreg/m_vector_i_reg[1044]/CE
  -------------------------------------------------------------------    -------------------

                         (clock clk_fpga_0 rise edge)
                                                     10.000    10.000 r  
    PS7_X0Y0             PS7                          0.000    10.000 r  PL_i/processing_system7_0/inst/PS7_i/FCLKCLK[0]
                         net (fo=1, routed)           1.088    11.088    PL_i/processing_system7_0/inst/FCLK_CLK_unbuffered[0]
    BUFGCTRL_X0Y16       BUFG (Prop_bufg_I_O)         0.091    11.179 r  PL_i/processing_system7_0/inst/buffer_fclk_clk_0.FCLK_CLK_0_BUFG/O
                         net (fo=14014, routed)       1.525    12.704    PL_i/axi_smc/inst/s00_entry_pipeline/s00_mmu/inst/w_sreg/aclk
    SLICE_X28Y96         FDRE                                         r  PL_i/axi_smc/inst/s00_entry_pipeline/s00_mmu/inst/w_sreg/m_vector_i_reg[1044]/C
                         clock pessimism              0.129    12.833    
                         clock uncertainty           -0.154    12.679    
    SLICE_X28Y96         FDRE (Setup_fdre_C_CE)      -0.409    12.270    PL_i/axi_smc/inst/s00_entry_pipeline/s00_mmu/inst/w_sreg/m_vector_i_reg[1044]
  -------------------------------------------------------------------
                         required time                         12.270    
                         arrival time                         -10.622    
  -------------------------------------------------------------------
                         slack                                  1.648    

Slack (MET) :             1.648ns  (required time - arrival time)
  Source:                 PL_i/axi_smc/inst/s00_entry_pipeline/s00_mmu/inst/w_sreg/state_reg[m_valid_i]/C
                            (rising edge-triggered cell FDRE clocked by clk_fpga_0  {rise@0.000ns fall@5.000ns period=10.000ns})
  Destination:            PL_i/axi_smc/inst/s00_entry_pipeline/s00_mmu/inst/w_sreg/m_vector_i_reg[1045]/CE
                            (rising edge-triggered cell FDRE clocked by clk_fpga_0  {rise@0.000ns fall@5.000ns period=10.000ns})
  Path Group:             clk_fpga_0
  Path Type:              Setup (Max at Slow Process Corner)
  Requirement:            10.000ns  (clk_fpga_0 rise@10.000ns - clk_fpga_0 rise@0.000ns)
  Data Path Delay:        7.436ns  (logic 1.360ns (18.290%)  route 6.076ns (81.710%))
  Logic Levels:           5  (LUT4=3 LUT5=1 LUT6=1)
  Clock Path Skew:        -0.353ns (DCD - SCD + CPR)
    Destination Clock Delay (DCD):    2.704ns = ( 12.704 - 10.000 ) 
    Source Clock Delay      (SCD):    3.186ns
    Clock Pessimism Removal (CPR):    0.129ns
  Clock Uncertainty:      0.154ns  ((TSJ^2 + TIJ^2)^1/2 + DJ) / 2 + PE
    Total System Jitter     (TSJ):    0.071ns
    Total Input Jitter      (TIJ):    0.300ns
    Discrete Jitter          (DJ):    0.000ns
    Phase Error              (PE):    0.000ns

    Location             Delay type                Incr(ns)  Path(ns)    Netlist Resource(s)
  -------------------------------------------------------------------    -------------------
                         (clock clk_fpga_0 rise edge)
                                                      0.000     0.000 r  
    PS7_X0Y0             PS7                          0.000     0.000 r  PL_i/processing_system7_0/inst/PS7_i/FCLKCLK[0]
                         net (fo=1, routed)           1.193     1.193    PL_i/processing_system7_0/inst/FCLK_CLK_unbuffered[0]
    BUFGCTRL_X0Y16       BUFG (Prop_bufg_I_O)         0.101     1.294 r  PL_i/processing_system7_0/inst/buffer_fclk_clk_0.FCLK_CLK_0_BUFG/O
                         net (fo=14014, routed)       1.892     3.186    PL_i/axi_smc/inst/s00_entry_pipeline/s00_mmu/inst/w_sreg/aclk
    SLICE_X30Y100        FDRE                                         r  PL_i/axi_smc/inst/s00_entry_pipeline/s00_mmu/inst/w_sreg/state_reg[m_valid_i]/C
  -------------------------------------------------------------------    -------------------
    SLICE_X30Y100        FDRE (Prop_fdre_C_Q)         0.518     3.704 r  PL_i/axi_smc/inst/s00_entry_pipeline/s00_mmu/inst/w_sreg/state_reg[m_valid_i]/Q
                         net (fo=10, routed)          1.124     4.828    PL_i/axi_smc/inst/s00_entry_pipeline/s00_mmu/inst/w_sreg/mr_axi_wvalid
    SLICE_X33Y111        LUT4 (Prop_lut4_I0_O)        0.124     4.952 r  PL_i/axi_smc/inst/s00_entry_pipeline/s00_mmu/inst/w_sreg/m_axi_wvalid_INST_0/O
                         net (fo=23, routed)          0.816     5.768    PL_i/axi_smc/inst/s00_entry_pipeline/s00_si_converter/inst/converter.low_area_converter.low_area_wrap_inst/s_axi_wvalid
    SLICE_X31Y100        LUT6 (Prop_lut6_I5_O)        0.124     5.892 r  PL_i/axi_smc/inst/s00_entry_pipeline/s00_si_converter/inst/converter.low_area_converter.low_area_wrap_inst/s_axi_wready_INST_0_i_1/O
                         net (fo=17, routed)          1.377     7.268    PL_i/axi_smc/inst/s00_entry_pipeline/s00_si_converter/inst/converter.low_area_converter.low_area_wrap_inst/null_write
    SLICE_X32Y121        LUT4 (Prop_lut4_I2_O)        0.124     7.392 r  PL_i/axi_smc/inst/s00_entry_pipeline/s00_si_converter/inst/converter.low_area_converter.low_area_wrap_inst/s_axi_wready_INST_0/O
                         net (fo=3, routed)           0.963     8.356    PL_i/axi_smc/inst/s00_entry_pipeline/s00_mmu/inst/gen_endpoint.decerr_slave_inst/m_axi_wready
    SLICE_X32Y111        LUT5 (Prop_lut5_I4_O)        0.150     8.506 r  PL_i/axi_smc/inst/s00_entry_pipeline/s00_mmu/inst/gen_endpoint.decerr_slave_inst/state[s_ready_i]_i_2__1/O
                         net (fo=4, routed)           1.106     9.611    PL_i/axi_smc/inst/s00_entry_pipeline/s00_mmu/inst/w_sreg/mr_axi_wready
    SLICE_X30Y99         LUT4 (Prop_lut4_I0_O)        0.320     9.931 r  PL_i/axi_smc/inst/s00_entry_pipeline/s00_mmu/inst/w_sreg/m_vector_i[1056]_i_1/O
                         net (fo=37, routed)          0.691    10.622    PL_i/axi_smc/inst/s00_entry_pipeline/s00_mmu/inst/w_sreg/m_vector_i[0]
    SLICE_X28Y96         FDRE                                         r  PL_i/axi_smc/inst/s00_entry_pipeline/s00_mmu/inst/w_sreg/m_vector_i_reg[1045]/CE
  -------------------------------------------------------------------    -------------------

                         (clock clk_fpga_0 rise edge)
                                                     10.000    10.000 r  
    PS7_X0Y0             PS7                          0.000    10.000 r  PL_i/processing_system7_0/inst/PS7_i/FCLKCLK[0]
                         net (fo=1, routed)           1.088    11.088    PL_i/processing_system7_0/inst/FCLK_CLK_unbuffered[0]
    BUFGCTRL_X0Y16       BUFG (Prop_bufg_I_O)         0.091    11.179 r  PL_i/processing_system7_0/inst/buffer_fclk_clk_0.FCLK_CLK_0_BUFG/O
                         net (fo=14014, routed)       1.525    12.704    PL_i/axi_smc/inst/s00_entry_pipeline/s00_mmu/inst/w_sreg/aclk
    SLICE_X28Y96         FDRE                                         r  PL_i/axi_smc/inst/s00_entry_pipeline/s00_mmu/inst/w_sreg/m_vector_i_reg[1045]/C
                         clock pessimism              0.129    12.833    
                         clock uncertainty           -0.154    12.679    
    SLICE_X28Y96         FDRE (Setup_fdre_C_CE)      -0.409    12.270    PL_i/axi_smc/inst/s00_entry_pipeline/s00_mmu/inst/w_sreg/m_vector_i_reg[1045]
  -------------------------------------------------------------------
                         required time                         12.270    
                         arrival time                         -10.622    
  -------------------------------------------------------------------
                         slack                                  1.648    

Slack (MET) :             1.648ns  (required time - arrival time)
  Source:                 PL_i/axi_smc/inst/s00_entry_pipeline/s00_mmu/inst/w_sreg/state_reg[m_valid_i]/C
                            (rising edge-triggered cell FDRE clocked by clk_fpga_0  {rise@0.000ns fall@5.000ns period=10.000ns})
  Destination:            PL_i/axi_smc/inst/s00_entry_pipeline/s00_mmu/inst/w_sreg/m_vector_i_reg[2050]/CE
                            (rising edge-triggered cell FDRE clocked by clk_fpga_0  {rise@0.000ns fall@5.000ns period=10.000ns})
  Path Group:             clk_fpga_0
  Path Type:              Setup (Max at Slow Process Corner)
  Requirement:            10.000ns  (clk_fpga_0 rise@10.000ns - clk_fpga_0 rise@0.000ns)
  Data Path Delay:        7.436ns  (logic 1.360ns (18.290%)  route 6.076ns (81.710%))
  Logic Levels:           5  (LUT4=3 LUT5=1 LUT6=1)
  Clock Path Skew:        -0.353ns (DCD - SCD + CPR)
    Destination Clock Delay (DCD):    2.704ns = ( 12.704 - 10.000 ) 
    Source Clock Delay      (SCD):    3.186ns
    Clock Pessimism Removal (CPR):    0.129ns
  Clock Uncertainty:      0.154ns  ((TSJ^2 + TIJ^2)^1/2 + DJ) / 2 + PE
    Total System Jitter     (TSJ):    0.071ns
    Total Input Jitter      (TIJ):    0.300ns
    Discrete Jitter          (DJ):    0.000ns
    Phase Error              (PE):    0.000ns

    Location             Delay type                Incr(ns)  Path(ns)    Netlist Resource(s)
  -------------------------------------------------------------------    -------------------
                         (clock clk_fpga_0 rise edge)
                                                      0.000     0.000 r  
    PS7_X0Y0             PS7                          0.000     0.000 r  PL_i/processing_system7_0/inst/PS7_i/FCLKCLK[0]
                         net (fo=1, routed)           1.193     1.193    PL_i/processing_system7_0/inst/FCLK_CLK_unbuffered[0]
    BUFGCTRL_X0Y16       BUFG (Prop_bufg_I_O)         0.101     1.294 r  PL_i/processing_system7_0/inst/buffer_fclk_clk_0.FCLK_CLK_0_BUFG/O
                         net (fo=14014, routed)       1.892     3.186    PL_i/axi_smc/inst/s00_entry_pipeline/s00_mmu/inst/w_sreg/aclk
    SLICE_X30Y100        FDRE                                         r  PL_i/axi_smc/inst/s00_entry_pipeline/s00_mmu/inst/w_sreg/state_reg[m_valid_i]/C
  -------------------------------------------------------------------    -------------------
    SLICE_X30Y100        FDRE (Prop_fdre_C_Q)         0.518     3.704 r  PL_i/axi_smc/inst/s00_entry_pipeline/s00_mmu/inst/w_sreg/state_reg[m_valid_i]/Q
                         net (fo=10, routed)          1.124     4.828    PL_i/axi_smc/inst/s00_entry_pipeline/s00_mmu/inst/w_sreg/mr_axi_wvalid
    SLICE_X33Y111        LUT4 (Prop_lut4_I0_O)        0.124     4.952 r  PL_i/axi_smc/inst/s00_entry_pipeline/s00_mmu/inst/w_sreg/m_axi_wvalid_INST_0/O
                         net (fo=23, routed)          0.816     5.768    PL_i/axi_smc/inst/s00_entry_pipeline/s00_si_converter/inst/converter.low_area_converter.low_area_wrap_inst/s_axi_wvalid
    SLICE_X31Y100        LUT6 (Prop_lut6_I5_O)        0.124     5.892 r  PL_i/axi_smc/inst/s00_entry_pipeline/s00_si_converter/inst/converter.low_area_converter.low_area_wrap_inst/s_axi_wready_INST_0_i_1/O
                         net (fo=17, routed)          1.377     7.268    PL_i/axi_smc/inst/s00_entry_pipeline/s00_si_converter/inst/converter.low_area_converter.low_area_wrap_inst/null_write
    SLICE_X32Y121        LUT4 (Prop_lut4_I2_O)        0.124     7.392 r  PL_i/axi_smc/inst/s00_entry_pipeline/s00_si_converter/inst/converter.low_area_converter.low_area_wrap_inst/s_axi_wready_INST_0/O
                         net (fo=3, routed)           0.963     8.356    PL_i/axi_smc/inst/s00_entry_pipeline/s00_mmu/inst/gen_endpoint.decerr_slave_inst/m_axi_wready
    SLICE_X32Y111        LUT5 (Prop_lut5_I4_O)        0.150     8.506 r  PL_i/axi_smc/inst/s00_entry_pipeline/s00_mmu/inst/gen_endpoint.decerr_slave_inst/state[s_ready_i]_i_2__1/O
                         net (fo=4, routed)           1.106     9.611    PL_i/axi_smc/inst/s00_entry_pipeline/s00_mmu/inst/w_sreg/mr_axi_wready
    SLICE_X30Y99         LUT4 (Prop_lut4_I0_O)        0.320     9.931 r  PL_i/axi_smc/inst/s00_entry_pipeline/s00_mmu/inst/w_sreg/m_vector_i[1056]_i_1/O
                         net (fo=37, routed)          0.691    10.622    PL_i/axi_smc/inst/s00_entry_pipeline/s00_mmu/inst/w_sreg/m_vector_i[0]
    SLICE_X28Y96         FDRE                                         r  PL_i/axi_smc/inst/s00_entry_pipeline/s00_mmu/inst/w_sreg/m_vector_i_reg[2050]/CE
  -------------------------------------------------------------------    -------------------

                         (clock clk_fpga_0 rise edge)
                                                     10.000    10.000 r  
    PS7_X0Y0             PS7                          0.000    10.000 r  PL_i/processing_system7_0/inst/PS7_i/FCLKCLK[0]
                         net (fo=1, routed)           1.088    11.088    PL_i/processing_system7_0/inst/FCLK_CLK_unbuffered[0]
    BUFGCTRL_X0Y16       BUFG (Prop_bufg_I_O)         0.091    11.179 r  PL_i/processing_system7_0/inst/buffer_fclk_clk_0.FCLK_CLK_0_BUFG/O
                         net (fo=14014, routed)       1.525    12.704    PL_i/axi_smc/inst/s00_entry_pipeline/s00_mmu/inst/w_sreg/aclk
    SLICE_X28Y96         FDRE                                         r  PL_i/axi_smc/inst/s00_entry_pipeline/s00_mmu/inst/w_sreg/m_vector_i_reg[2050]/C
                         clock pessimism              0.129    12.833    
                         clock uncertainty           -0.154    12.679    
    SLICE_X28Y96         FDRE (Setup_fdre_C_CE)      -0.409    12.270    PL_i/axi_smc/inst/s00_entry_pipeline/s00_mmu/inst/w_sreg/m_vector_i_reg[2050]
  -------------------------------------------------------------------
                         required time                         12.270    
                         arrival time                         -10.622    
  -------------------------------------------------------------------
                         slack                                  1.648    

Slack (MET) :             1.648ns  (required time - arrival time)
  Source:                 PL_i/axi_smc/inst/s00_entry_pipeline/s00_mmu/inst/w_sreg/state_reg[m_valid_i]/C
                            (rising edge-triggered cell FDRE clocked by clk_fpga_0  {rise@0.000ns fall@5.000ns period=10.000ns})
  Destination:            PL_i/axi_smc/inst/s00_entry_pipeline/s00_mmu/inst/w_sreg/m_vector_i_reg[2051]/CE
                            (rising edge-triggered cell FDRE clocked by clk_fpga_0  {rise@0.000ns fall@5.000ns period=10.000ns})
  Path Group:             clk_fpga_0
  Path Type:              Setup (Max at Slow Process Corner)
  Requirement:            10.000ns  (clk_fpga_0 rise@10.000ns - clk_fpga_0 rise@0.000ns)
  Data Path Delay:        7.436ns  (logic 1.360ns (18.290%)  route 6.076ns (81.710%))
  Logic Levels:           5  (LUT4=3 LUT5=1 LUT6=1)
  Clock Path Skew:        -0.353ns (DCD - SCD + CPR)
    Destination Clock Delay (DCD):    2.704ns = ( 12.704 - 10.000 ) 
    Source Clock Delay      (SCD):    3.186ns
    Clock Pessimism Removal (CPR):    0.129ns
  Clock Uncertainty:      0.154ns  ((TSJ^2 + TIJ^2)^1/2 + DJ) / 2 + PE
    Total System Jitter     (TSJ):    0.071ns
    Total Input Jitter      (TIJ):    0.300ns
    Discrete Jitter          (DJ):    0.000ns
    Phase Error              (PE):    0.000ns

    Location             Delay type                Incr(ns)  Path(ns)    Netlist Resource(s)
  -------------------------------------------------------------------    -------------------
                         (clock clk_fpga_0 rise edge)
                                                      0.000     0.000 r  
    PS7_X0Y0             PS7                          0.000     0.000 r  PL_i/processing_system7_0/inst/PS7_i/FCLKCLK[0]
                         net (fo=1, routed)           1.193     1.193    PL_i/processing_system7_0/inst/FCLK_CLK_unbuffered[0]
    BUFGCTRL_X0Y16       BUFG (Prop_bufg_I_O)         0.101     1.294 r  PL_i/processing_system7_0/inst/buffer_fclk_clk_0.FCLK_CLK_0_BUFG/O
                         net (fo=14014, routed)       1.892     3.186    PL_i/axi_smc/inst/s00_entry_pipeline/s00_mmu/inst/w_sreg/aclk
    SLICE_X30Y100        FDRE                                         r  PL_i/axi_smc/inst/s00_entry_pipeline/s00_mmu/inst/w_sreg/state_reg[m_valid_i]/C
  -------------------------------------------------------------------    -------------------
    SLICE_X30Y100        FDRE (Prop_fdre_C_Q)         0.518     3.704 r  PL_i/axi_smc/inst/s00_entry_pipeline/s00_mmu/inst/w_sreg/state_reg[m_valid_i]/Q
                         net (fo=10, routed)          1.124     4.828    PL_i/axi_smc/inst/s00_entry_pipeline/s00_mmu/inst/w_sreg/mr_axi_wvalid
    SLICE_X33Y111        LUT4 (Prop_lut4_I0_O)        0.124     4.952 r  PL_i/axi_smc/inst/s00_entry_pipeline/s00_mmu/inst/w_sreg/m_axi_wvalid_INST_0/O
                         net (fo=23, routed)          0.816     5.768    PL_i/axi_smc/inst/s00_entry_pipeline/s00_si_converter/inst/converter.low_area_converter.low_area_wrap_inst/s_axi_wvalid
    SLICE_X31Y100        LUT6 (Prop_lut6_I5_O)        0.124     5.892 r  PL_i/axi_smc/inst/s00_entry_pipeline/s00_si_converter/inst/converter.low_area_converter.low_area_wrap_inst/s_axi_wready_INST_0_i_1/O
                         net (fo=17, routed)          1.377     7.268    PL_i/axi_smc/inst/s00_entry_pipeline/s00_si_converter/inst/converter.low_area_converter.low_area_wrap_inst/null_write
    SLICE_X32Y121        LUT4 (Prop_lut4_I2_O)        0.124     7.392 r  PL_i/axi_smc/inst/s00_entry_pipeline/s00_si_converter/inst/converter.low_area_converter.low_area_wrap_inst/s_axi_wready_INST_0/O
                         net (fo=3, routed)           0.963     8.356    PL_i/axi_smc/inst/s00_entry_pipeline/s00_mmu/inst/gen_endpoint.decerr_slave_inst/m_axi_wready
    SLICE_X32Y111        LUT5 (Prop_lut5_I4_O)        0.150     8.506 r  PL_i/axi_smc/inst/s00_entry_pipeline/s00_mmu/inst/gen_endpoint.decerr_slave_inst/state[s_ready_i]_i_2__1/O
                         net (fo=4, routed)           1.106     9.611    PL_i/axi_smc/inst/s00_entry_pipeline/s00_mmu/inst/w_sreg/mr_axi_wready
    SLICE_X30Y99         LUT4 (Prop_lut4_I0_O)        0.320     9.931 r  PL_i/axi_smc/inst/s00_entry_pipeline/s00_mmu/inst/w_sreg/m_vector_i[1056]_i_1/O
                         net (fo=37, routed)          0.691    10.622    PL_i/axi_smc/inst/s00_entry_pipeline/s00_mmu/inst/w_sreg/m_vector_i[0]
    SLICE_X28Y96         FDRE                                         r  PL_i/axi_smc/inst/s00_entry_pipeline/s00_mmu/inst/w_sreg/m_vector_i_reg[2051]/CE
  -------------------------------------------------------------------    -------------------

                         (clock clk_fpga_0 rise edge)
                                                     10.000    10.000 r  
    PS7_X0Y0             PS7                          0.000    10.000 r  PL_i/processing_system7_0/inst/PS7_i/FCLKCLK[0]
                         net (fo=1, routed)           1.088    11.088    PL_i/processing_system7_0/inst/FCLK_CLK_unbuffered[0]
    BUFGCTRL_X0Y16       BUFG (Prop_bufg_I_O)         0.091    11.179 r  PL_i/processing_system7_0/inst/buffer_fclk_clk_0.FCLK_CLK_0_BUFG/O
                         net (fo=14014, routed)       1.525    12.704    PL_i/axi_smc/inst/s00_entry_pipeline/s00_mmu/inst/w_sreg/aclk
    SLICE_X28Y96         FDRE                                         r  PL_i/axi_smc/inst/s00_entry_pipeline/s00_mmu/inst/w_sreg/m_vector_i_reg[2051]/C
                         clock pessimism              0.129    12.833    
                         clock uncertainty           -0.154    12.679    
    SLICE_X28Y96         FDRE (Setup_fdre_C_CE)      -0.409    12.270    PL_i/axi_smc/inst/s00_entry_pipeline/s00_mmu/inst/w_sreg/m_vector_i_reg[2051]
  -------------------------------------------------------------------
                         required time                         12.270    
                         arrival time                         -10.622    
  -------------------------------------------------------------------
                         slack                                  1.648    





Min Delay Paths
--------------------------------------------------------------------------------------
Slack (MET) :             0.011ns  (arrival time - required time)
  Source:                 PL_i/axi_smc/inst/m03_exit_pipeline/m03_exit/inst/splitter_inst/gen_axi4lite.axilite_conv/s_axi_rdata_i_reg[3]/C
                            (rising edge-triggered cell FDRE clocked by clk_fpga_0  {rise@0.000ns fall@5.000ns period=10.000ns})
  Destination:            PL_i/axi_smc/inst/m03_nodes/m03_r_node/inst/inst_mi_handler/gen_normal_area.inst_fifo_node_payld/gen_xpm_memory_fifo.inst_fifo/gen_mem_rep[0].inst_xpm_memory/xpm_memory_base_inst/gen_wr_a.gen_word_narrow.mem_reg_0_31_24_29/RAMA/I
                            (rising edge-triggered cell RAMD32 clocked by clk_fpga_0  {rise@0.000ns fall@5.000ns period=10.000ns})
  Path Group:             clk_fpga_0
  Path Type:              Hold (Min at Fast Process Corner)
  Requirement:            0.000ns  (clk_fpga_0 rise@0.000ns - clk_fpga_0 rise@0.000ns)
  Data Path Delay:        0.288ns  (logic 0.128ns (44.432%)  route 0.160ns (55.568%))
  Logic Levels:           0  
  Clock Path Skew:        0.183ns (DCD - SCD - CPR)
    Destination Clock Delay (DCD):    1.214ns
    Source Clock Delay      (SCD):    0.996ns
    Clock Pessimism Removal (CPR):    0.035ns

    Location             Delay type                Incr(ns)  Path(ns)    Netlist Resource(s)
  -------------------------------------------------------------------    -------------------
                         (clock clk_fpga_0 rise edge)
                                                      0.000     0.000 r  
    PS7_X0Y0             PS7                          0.000     0.000 r  PL_i/processing_system7_0/inst/PS7_i/FCLKCLK[0]
                         net (fo=1, routed)           0.310     0.310    PL_i/processing_system7_0/inst/FCLK_CLK_unbuffered[0]
    BUFGCTRL_X0Y16       BUFG (Prop_bufg_I_O)         0.026     0.336 r  PL_i/processing_system7_0/inst/buffer_fclk_clk_0.FCLK_CLK_0_BUFG/O
                         net (fo=14014, routed)       0.660     0.996    PL_i/axi_smc/inst/m03_exit_pipeline/m03_exit/inst/splitter_inst/gen_axi4lite.axilite_conv/aclk
    SLICE_X57Y100        FDRE                                         r  PL_i/axi_smc/inst/m03_exit_pipeline/m03_exit/inst/splitter_inst/gen_axi4lite.axilite_conv/s_axi_rdata_i_reg[3]/C
  -------------------------------------------------------------------    -------------------
    SLICE_X57Y100        FDRE (Prop_fdre_C_Q)         0.128     1.124 r  PL_i/axi_smc/inst/m03_exit_pipeline/m03_exit/inst/splitter_inst/gen_axi4lite.axilite_conv/s_axi_rdata_i_reg[3]/Q
                         net (fo=1, routed)           0.160     1.284    PL_i/axi_smc/inst/m03_nodes/m03_r_node/inst/inst_mi_handler/gen_normal_area.inst_fifo_node_payld/gen_xpm_memory_fifo.inst_fifo/gen_mem_rep[0].inst_xpm_memory/xpm_memory_base_inst/gen_wr_a.gen_word_narrow.mem_reg_0_31_24_29/DIA0
    SLICE_X58Y99         RAMD32                                       r  PL_i/axi_smc/inst/m03_nodes/m03_r_node/inst/inst_mi_handler/gen_normal_area.inst_fifo_node_payld/gen_xpm_memory_fifo.inst_fifo/gen_mem_rep[0].inst_xpm_memory/xpm_memory_base_inst/gen_wr_a.gen_word_narrow.mem_reg_0_31_24_29/RAMA/I
  -------------------------------------------------------------------    -------------------

                         (clock clk_fpga_0 rise edge)
                                                      0.000     0.000 r  
    PS7_X0Y0             PS7                          0.000     0.000 r  PL_i/processing_system7_0/inst/PS7_i/FCLKCLK[0]
                         net (fo=1, routed)           0.337     0.337    PL_i/processing_system7_0/inst/FCLK_CLK_unbuffered[0]
    BUFGCTRL_X0Y16       BUFG (Prop_bufg_I_O)         0.029     0.366 r  PL_i/processing_system7_0/inst/buffer_fclk_clk_0.FCLK_CLK_0_BUFG/O
                         net (fo=14014, routed)       0.848     1.214    PL_i/axi_smc/inst/m03_nodes/m03_r_node/inst/inst_mi_handler/gen_normal_area.inst_fifo_node_payld/gen_xpm_memory_fifo.inst_fifo/gen_mem_rep[0].inst_xpm_memory/xpm_memory_base_inst/gen_wr_a.gen_word_narrow.mem_reg_0_31_24_29/WCLK
    SLICE_X58Y99         RAMD32                                       r  PL_i/axi_smc/inst/m03_nodes/m03_r_node/inst/inst_mi_handler/gen_normal_area.inst_fifo_node_payld/gen_xpm_memory_fifo.inst_fifo/gen_mem_rep[0].inst_xpm_memory/xpm_memory_base_inst/gen_wr_a.gen_word_narrow.mem_reg_0_31_24_29/RAMA/CLK
                         clock pessimism             -0.035     1.179    
    SLICE_X58Y99         RAMD32 (Hold_ramd32_CLK_I)
                                                      0.094     1.273    PL_i/axi_smc/inst/m03_nodes/m03_r_node/inst/inst_mi_handler/gen_normal_area.inst_fifo_node_payld/gen_xpm_memory_fifo.inst_fifo/gen_mem_rep[0].inst_xpm_memory/xpm_memory_base_inst/gen_wr_a.gen_word_narrow.mem_reg_0_31_24_29/RAMA
  -------------------------------------------------------------------
                         required time                         -1.273    
                         arrival time                           1.284    
  -------------------------------------------------------------------
                         slack                                  0.011    

Slack (MET) :             0.021ns  (arrival time - required time)
  Source:                 PL_i/smartconnect_0/inst/s00_entry_pipeline/s00_mmu/inst/ar_sreg/m_vector_i_reg[1072]/C
                            (rising edge-triggered cell FDRE clocked by clk_fpga_0  {rise@0.000ns fall@5.000ns period=10.000ns})
  Destination:            PL_i/smartconnect_0/inst/s00_entry_pipeline/s00_mmu/inst/ar_reg_stall/m_vector_i_reg[1072]/D
                            (rising edge-triggered cell FDRE clocked by clk_fpga_0  {rise@0.000ns fall@5.000ns period=10.000ns})
  Path Group:             clk_fpga_0
  Path Type:              Hold (Min at Fast Process Corner)
  Requirement:            0.000ns  (clk_fpga_0 rise@0.000ns - clk_fpga_0 rise@0.000ns)
  Data Path Delay:        0.414ns  (logic 0.250ns (60.357%)  route 0.164ns (39.643%))
  Logic Levels:           1  (LUT3=1)
  Clock Path Skew:        0.262ns (DCD - SCD - CPR)
    Destination Clock Delay (DCD):    1.191ns
    Source Clock Delay      (SCD):    0.899ns
    Clock Pessimism Removal (CPR):    0.030ns

    Location             Delay type                Incr(ns)  Path(ns)    Netlist Resource(s)
  -------------------------------------------------------------------    -------------------
                         (clock clk_fpga_0 rise edge)
                                                      0.000     0.000 r  
    PS7_X0Y0             PS7                          0.000     0.000 r  PL_i/processing_system7_0/inst/PS7_i/FCLKCLK[0]
                         net (fo=1, routed)           0.310     0.310    PL_i/processing_system7_0/inst/FCLK_CLK_unbuffered[0]
    BUFGCTRL_X0Y16       BUFG (Prop_bufg_I_O)         0.026     0.336 r  PL_i/processing_system7_0/inst/buffer_fclk_clk_0.FCLK_CLK_0_BUFG/O
                         net (fo=14014, routed)       0.563     0.899    PL_i/smartconnect_0/inst/s00_entry_pipeline/s00_mmu/inst/ar_sreg/aclk
    SLICE_X36Y49         FDRE                                         r  PL_i/smartconnect_0/inst/s00_entry_pipeline/s00_mmu/inst/ar_sreg/m_vector_i_reg[1072]/C
  -------------------------------------------------------------------    -------------------
    SLICE_X36Y49         FDRE (Prop_fdre_C_Q)         0.148     1.047 r  PL_i/smartconnect_0/inst/s00_entry_pipeline/s00_mmu/inst/ar_sreg/m_vector_i_reg[1072]/Q
                         net (fo=2, routed)           0.164     1.211    PL_i/smartconnect_0/inst/s00_entry_pipeline/s00_mmu/inst/ar_reg_stall/skid_buffer_reg[1144]_0[15]
    SLICE_X36Y50         LUT3 (Prop_lut3_I1_O)        0.102     1.313 r  PL_i/smartconnect_0/inst/s00_entry_pipeline/s00_mmu/inst/ar_reg_stall/m_vector_i[1072]_i_1/O
                         net (fo=1, routed)           0.000     1.313    PL_i/smartconnect_0/inst/s00_entry_pipeline/s00_mmu/inst/ar_reg_stall/m_vector_i[1072]_i_1_n_0
    SLICE_X36Y50         FDRE                                         r  PL_i/smartconnect_0/inst/s00_entry_pipeline/s00_mmu/inst/ar_reg_stall/m_vector_i_reg[1072]/D
  -------------------------------------------------------------------    -------------------

                         (clock clk_fpga_0 rise edge)
                                                      0.000     0.000 r  
    PS7_X0Y0             PS7                          0.000     0.000 r  PL_i/processing_system7_0/inst/PS7_i/FCLKCLK[0]
                         net (fo=1, routed)           0.337     0.337    PL_i/processing_system7_0/inst/FCLK_CLK_unbuffered[0]
    BUFGCTRL_X0Y16       BUFG (Prop_bufg_I_O)         0.029     0.366 r  PL_i/processing_system7_0/inst/buffer_fclk_clk_0.FCLK_CLK_0_BUFG/O
                         net (fo=14014, routed)       0.825     1.191    PL_i/smartconnect_0/inst/s00_entry_pipeline/s00_mmu/inst/ar_reg_stall/aclk
    SLICE_X36Y50         FDRE                                         r  PL_i/smartconnect_0/inst/s00_entry_pipeline/s00_mmu/inst/ar_reg_stall/m_vector_i_reg[1072]/C
                         clock pessimism             -0.030     1.161    
    SLICE_X36Y50         FDRE (Hold_fdre_C_D)         0.131     1.292    PL_i/smartconnect_0/inst/s00_entry_pipeline/s00_mmu/inst/ar_reg_stall/m_vector_i_reg[1072]
  -------------------------------------------------------------------
                         required time                         -1.292    
                         arrival time                           1.313    
  -------------------------------------------------------------------
                         slack                                  0.021    

Slack (MET) :             0.032ns  (arrival time - required time)
  Source:                 PL_i/cnn_accel_0/inst/MBUS_m_axi_U/bus_read/rs_rdata/data_p1_reg[18]/C
                            (rising edge-triggered cell FDRE clocked by clk_fpga_0  {rise@0.000ns fall@5.000ns period=10.000ns})
  Destination:            PL_i/cnn_accel_0/inst/MBUS_m_axi_U/load_unit_0/buff_rdata/U_fifo_mem/mem_reg/DIADI[18]
                            (rising edge-triggered cell RAMB36E1 clocked by clk_fpga_0  {rise@0.000ns fall@5.000ns period=10.000ns})
  Path Group:             clk_fpga_0
  Path Type:              Hold (Min at Fast Process Corner)
  Requirement:            0.000ns  (clk_fpga_0 rise@0.000ns - clk_fpga_0 rise@0.000ns)
  Data Path Delay:        0.247ns  (logic 0.141ns (57.072%)  route 0.106ns (42.928%))
  Logic Levels:           0  
  Clock Path Skew:        0.060ns (DCD - SCD - CPR)
    Destination Clock Delay (DCD):    1.271ns
    Source Clock Delay      (SCD):    0.928ns
    Clock Pessimism Removal (CPR):    0.283ns

    Location             Delay type                Incr(ns)  Path(ns)    Netlist Resource(s)
  -------------------------------------------------------------------    -------------------
                         (clock clk_fpga_0 rise edge)
                                                      0.000     0.000 r  
    PS7_X0Y0             PS7                          0.000     0.000 r  PL_i/processing_system7_0/inst/PS7_i/FCLKCLK[0]
                         net (fo=1, routed)           0.310     0.310    PL_i/processing_system7_0/inst/FCLK_CLK_unbuffered[0]
    BUFGCTRL_X0Y16       BUFG (Prop_bufg_I_O)         0.026     0.336 r  PL_i/processing_system7_0/inst/buffer_fclk_clk_0.FCLK_CLK_0_BUFG/O
                         net (fo=14014, routed)       0.592     0.928    PL_i/cnn_accel_0/inst/MBUS_m_axi_U/bus_read/rs_rdata/ap_clk
    SLICE_X9Y36          FDRE                                         r  PL_i/cnn_accel_0/inst/MBUS_m_axi_U/bus_read/rs_rdata/data_p1_reg[18]/C
  -------------------------------------------------------------------    -------------------
    SLICE_X9Y36          FDRE (Prop_fdre_C_Q)         0.141     1.069 r  PL_i/cnn_accel_0/inst/MBUS_m_axi_U/bus_read/rs_rdata/data_p1_reg[18]/Q
                         net (fo=1, routed)           0.106     1.175    PL_i/cnn_accel_0/inst/MBUS_m_axi_U/load_unit_0/buff_rdata/U_fifo_mem/mem_reg_1[18]
    RAMB36_X0Y7          RAMB36E1                                     r  PL_i/cnn_accel_0/inst/MBUS_m_axi_U/load_unit_0/buff_rdata/U_fifo_mem/mem_reg/DIADI[18]
  -------------------------------------------------------------------    -------------------

                         (clock clk_fpga_0 rise edge)
                                                      0.000     0.000 r  
    PS7_X0Y0             PS7                          0.000     0.000 r  PL_i/processing_system7_0/inst/PS7_i/FCLKCLK[0]
                         net (fo=1, routed)           0.337     0.337    PL_i/processing_system7_0/inst/FCLK_CLK_unbuffered[0]
    BUFGCTRL_X0Y16       BUFG (Prop_bufg_I_O)         0.029     0.366 r  PL_i/processing_system7_0/inst/buffer_fclk_clk_0.FCLK_CLK_0_BUFG/O
                         net (fo=14014, routed)       0.905     1.271    PL_i/cnn_accel_0/inst/MBUS_m_axi_U/load_unit_0/buff_rdata/U_fifo_mem/ap_clk
    RAMB36_X0Y7          RAMB36E1                                     r  PL_i/cnn_accel_0/inst/MBUS_m_axi_U/load_unit_0/buff_rdata/U_fifo_mem/mem_reg/CLKARDCLK
                         clock pessimism             -0.283     0.988    
    RAMB36_X0Y7          RAMB36E1 (Hold_ramb36e1_CLKARDCLK_DIADI[18])
                                                      0.155     1.143    PL_i/cnn_accel_0/inst/MBUS_m_axi_U/load_unit_0/buff_rdata/U_fifo_mem/mem_reg
  -------------------------------------------------------------------
                         required time                         -1.143    
                         arrival time                           1.175    
  -------------------------------------------------------------------
                         slack                                  0.032    

Slack (MET) :             0.032ns  (arrival time - required time)
  Source:                 PL_i/cnn_accel_0/inst/MBUS_m_axi_U/bus_read/rs_rdata/data_p1_reg[24]/C
                            (rising edge-triggered cell FDRE clocked by clk_fpga_0  {rise@0.000ns fall@5.000ns period=10.000ns})
  Destination:            PL_i/cnn_accel_0/inst/MBUS_m_axi_U/load_unit_0/buff_rdata/U_fifo_mem/mem_reg/DIADI[24]
                            (rising edge-triggered cell RAMB36E1 clocked by clk_fpga_0  {rise@0.000ns fall@5.000ns period=10.000ns})
  Path Group:             clk_fpga_0
  Path Type:              Hold (Min at Fast Process Corner)
  Requirement:            0.000ns  (clk_fpga_0 rise@0.000ns - clk_fpga_0 rise@0.000ns)
  Data Path Delay:        0.248ns  (logic 0.141ns (56.898%)  route 0.107ns (43.102%))
  Logic Levels:           0  
  Clock Path Skew:        0.060ns (DCD - SCD - CPR)
    Destination Clock Delay (DCD):    1.271ns
    Source Clock Delay      (SCD):    0.928ns
    Clock Pessimism Removal (CPR):    0.283ns

    Location             Delay type                Incr(ns)  Path(ns)    Netlist Resource(s)
  -------------------------------------------------------------------    -------------------
                         (clock clk_fpga_0 rise edge)
                                                      0.000     0.000 r  
    PS7_X0Y0             PS7                          0.000     0.000 r  PL_i/processing_system7_0/inst/PS7_i/FCLKCLK[0]
                         net (fo=1, routed)           0.310     0.310    PL_i/processing_system7_0/inst/FCLK_CLK_unbuffered[0]
    BUFGCTRL_X0Y16       BUFG (Prop_bufg_I_O)         0.026     0.336 r  PL_i/processing_system7_0/inst/buffer_fclk_clk_0.FCLK_CLK_0_BUFG/O
                         net (fo=14014, routed)       0.592     0.928    PL_i/cnn_accel_0/inst/MBUS_m_axi_U/bus_read/rs_rdata/ap_clk
    SLICE_X9Y36          FDRE                                         r  PL_i/cnn_accel_0/inst/MBUS_m_axi_U/bus_read/rs_rdata/data_p1_reg[24]/C
  -------------------------------------------------------------------    -------------------
    SLICE_X9Y36          FDRE (Prop_fdre_C_Q)         0.141     1.069 r  PL_i/cnn_accel_0/inst/MBUS_m_axi_U/bus_read/rs_rdata/data_p1_reg[24]/Q
                         net (fo=1, routed)           0.107     1.175    PL_i/cnn_accel_0/inst/MBUS_m_axi_U/load_unit_0/buff_rdata/U_fifo_mem/mem_reg_1[24]
    RAMB36_X0Y7          RAMB36E1                                     r  PL_i/cnn_accel_0/inst/MBUS_m_axi_U/load_unit_0/buff_rdata/U_fifo_mem/mem_reg/DIADI[24]
  -------------------------------------------------------------------    -------------------

                         (clock clk_fpga_0 rise edge)
                                                      0.000     0.000 r  
    PS7_X0Y0             PS7                          0.000     0.000 r  PL_i/processing_system7_0/inst/PS7_i/FCLKCLK[0]
                         net (fo=1, routed)           0.337     0.337    PL_i/processing_system7_0/inst/FCLK_CLK_unbuffered[0]
    BUFGCTRL_X0Y16       BUFG (Prop_bufg_I_O)         0.029     0.366 r  PL_i/processing_system7_0/inst/buffer_fclk_clk_0.FCLK_CLK_0_BUFG/O
                         net (fo=14014, routed)       0.905     1.271    PL_i/cnn_accel_0/inst/MBUS_m_axi_U/load_unit_0/buff_rdata/U_fifo_mem/ap_clk
    RAMB36_X0Y7          RAMB36E1                                     r  PL_i/cnn_accel_0/inst/MBUS_m_axi_U/load_unit_0/buff_rdata/U_fifo_mem/mem_reg/CLKARDCLK
                         clock pessimism             -0.283     0.988    
    RAMB36_X0Y7          RAMB36E1 (Hold_ramb36e1_CLKARDCLK_DIADI[24])
                                                      0.155     1.143    PL_i/cnn_accel_0/inst/MBUS_m_axi_U/load_unit_0/buff_rdata/U_fifo_mem/mem_reg
  -------------------------------------------------------------------
                         required time                         -1.143    
                         arrival time                           1.175    
  -------------------------------------------------------------------
                         slack                                  0.032    

Slack (MET) :             0.034ns  (arrival time - required time)
  Source:                 PL_i/axi_smc/inst/m04_exit_pipeline/m04_exit/inst/w_reg/m_vector_i_reg[1037]/C
                            (rising edge-triggered cell FDRE clocked by clk_fpga_0  {rise@0.000ns fall@5.000ns period=10.000ns})
  Destination:            PL_i/cnn_accel_0/inst/control_s_axi_U/int_in_bram_reg[12]/D
                            (rising edge-triggered cell FDRE clocked by clk_fpga_0  {rise@0.000ns fall@5.000ns period=10.000ns})
  Path Group:             clk_fpga_0
  Path Type:              Hold (Min at Fast Process Corner)
  Requirement:            0.000ns  (clk_fpga_0 rise@0.000ns - clk_fpga_0 rise@0.000ns)
  Data Path Delay:        0.391ns  (logic 0.186ns (47.628%)  route 0.205ns (52.372%))
  Logic Levels:           1  (LUT3=1)
  Clock Path Skew:        0.265ns (DCD - SCD - CPR)
    Destination Clock Delay (DCD):    1.184ns
    Source Clock Delay      (SCD):    0.884ns
    Clock Pessimism Removal (CPR):    0.035ns

    Location             Delay type                Incr(ns)  Path(ns)    Netlist Resource(s)
  -------------------------------------------------------------------    -------------------
                         (clock clk_fpga_0 rise edge)
                                                      0.000     0.000 r  
    PS7_X0Y0             PS7                          0.000     0.000 r  PL_i/processing_system7_0/inst/PS7_i/FCLKCLK[0]
                         net (fo=1, routed)           0.310     0.310    PL_i/processing_system7_0/inst/FCLK_CLK_unbuffered[0]
    BUFGCTRL_X0Y16       BUFG (Prop_bufg_I_O)         0.026     0.336 r  PL_i/processing_system7_0/inst/buffer_fclk_clk_0.FCLK_CLK_0_BUFG/O
                         net (fo=14014, routed)       0.548     0.884    PL_i/axi_smc/inst/m04_exit_pipeline/m04_exit/inst/w_reg/aclk
    SLICE_X51Y84         FDRE                                         r  PL_i/axi_smc/inst/m04_exit_pipeline/m04_exit/inst/w_reg/m_vector_i_reg[1037]/C
  -------------------------------------------------------------------    -------------------
    SLICE_X51Y84         FDRE (Prop_fdre_C_Q)         0.141     1.025 r  PL_i/axi_smc/inst/m04_exit_pipeline/m04_exit/inst/w_reg/m_vector_i_reg[1037]/Q
                         net (fo=2, routed)           0.205     1.229    PL_i/cnn_accel_0/inst/control_s_axi_U/s_axi_control_WDATA[12]
    SLICE_X48Y84         LUT3 (Prop_lut3_I0_O)        0.045     1.274 r  PL_i/cnn_accel_0/inst/control_s_axi_U/int_in_bram[12]_i_1/O
                         net (fo=1, routed)           0.000     1.274    PL_i/cnn_accel_0/inst/control_s_axi_U/int_in_bram_reg02_out[12]
    SLICE_X48Y84         FDRE                                         r  PL_i/cnn_accel_0/inst/control_s_axi_U/int_in_bram_reg[12]/D
  -------------------------------------------------------------------    -------------------

                         (clock clk_fpga_0 rise edge)
                                                      0.000     0.000 r  
    PS7_X0Y0             PS7                          0.000     0.000 r  PL_i/processing_system7_0/inst/PS7_i/FCLKCLK[0]
                         net (fo=1, routed)           0.337     0.337    PL_i/processing_system7_0/inst/FCLK_CLK_unbuffered[0]
    BUFGCTRL_X0Y16       BUFG (Prop_bufg_I_O)         0.029     0.366 r  PL_i/processing_system7_0/inst/buffer_fclk_clk_0.FCLK_CLK_0_BUFG/O
                         net (fo=14014, routed)       0.818     1.184    PL_i/cnn_accel_0/inst/control_s_axi_U/ap_clk
    SLICE_X48Y84         FDRE                                         r  PL_i/cnn_accel_0/inst/control_s_axi_U/int_in_bram_reg[12]/C
                         clock pessimism             -0.035     1.149    
    SLICE_X48Y84         FDRE (Hold_fdre_C_D)         0.091     1.240    PL_i/cnn_accel_0/inst/control_s_axi_U/int_in_bram_reg[12]
  -------------------------------------------------------------------
                         required time                         -1.240    
                         arrival time                           1.274    
  -------------------------------------------------------------------
                         slack                                  0.034    

Slack (MET) :             0.035ns  (arrival time - required time)
  Source:                 PL_i/axi_smc/inst/m04_exit_pipeline/m04_exit/inst/w_reg/m_vector_i_reg[1041]/C
                            (rising edge-triggered cell FDRE clocked by clk_fpga_0  {rise@0.000ns fall@5.000ns period=10.000ns})
  Destination:            PL_i/cnn_accel_0/inst/control_s_axi_U/int_in_bram_reg[48]/D
                            (rising edge-triggered cell FDRE clocked by clk_fpga_0  {rise@0.000ns fall@5.000ns period=10.000ns})
  Path Group:             clk_fpga_0
  Path Type:              Hold (Min at Fast Process Corner)
  Requirement:            0.000ns  (clk_fpga_0 rise@0.000ns - clk_fpga_0 rise@0.000ns)
  Data Path Delay:        0.391ns  (logic 0.186ns (47.583%)  route 0.205ns (52.417%))
  Logic Levels:           1  (LUT3=1)
  Clock Path Skew:        0.264ns (DCD - SCD - CPR)
    Destination Clock Delay (DCD):    1.183ns
    Source Clock Delay      (SCD):    0.884ns
    Clock Pessimism Removal (CPR):    0.035ns

    Location             Delay type                Incr(ns)  Path(ns)    Netlist Resource(s)
  -------------------------------------------------------------------    -------------------
                         (clock clk_fpga_0 rise edge)
                                                      0.000     0.000 r  
    PS7_X0Y0             PS7                          0.000     0.000 r  PL_i/processing_system7_0/inst/PS7_i/FCLKCLK[0]
                         net (fo=1, routed)           0.310     0.310    PL_i/processing_system7_0/inst/FCLK_CLK_unbuffered[0]
    BUFGCTRL_X0Y16       BUFG (Prop_bufg_I_O)         0.026     0.336 r  PL_i/processing_system7_0/inst/buffer_fclk_clk_0.FCLK_CLK_0_BUFG/O
                         net (fo=14014, routed)       0.548     0.884    PL_i/axi_smc/inst/m04_exit_pipeline/m04_exit/inst/w_reg/aclk
    SLICE_X51Y85         FDRE                                         r  PL_i/axi_smc/inst/m04_exit_pipeline/m04_exit/inst/w_reg/m_vector_i_reg[1041]/C
  -------------------------------------------------------------------    -------------------
    SLICE_X51Y85         FDRE (Prop_fdre_C_Q)         0.141     1.025 r  PL_i/axi_smc/inst/m04_exit_pipeline/m04_exit/inst/w_reg/m_vector_i_reg[1041]/Q
                         net (fo=2, routed)           0.205     1.229    PL_i/cnn_accel_0/inst/control_s_axi_U/s_axi_control_WDATA[16]
    SLICE_X48Y83         LUT3 (Prop_lut3_I0_O)        0.045     1.274 r  PL_i/cnn_accel_0/inst/control_s_axi_U/int_in_bram[48]_i_1/O
                         net (fo=1, routed)           0.000     1.274    PL_i/cnn_accel_0/inst/control_s_axi_U/int_in_bram_reg0[16]
    SLICE_X48Y83         FDRE                                         r  PL_i/cnn_accel_0/inst/control_s_axi_U/int_in_bram_reg[48]/D
  -------------------------------------------------------------------    -------------------

                         (clock clk_fpga_0 rise edge)
                                                      0.000     0.000 r  
    PS7_X0Y0             PS7                          0.000     0.000 r  PL_i/processing_system7_0/inst/PS7_i/FCLKCLK[0]
                         net (fo=1, routed)           0.337     0.337    PL_i/processing_system7_0/inst/FCLK_CLK_unbuffered[0]
    BUFGCTRL_X0Y16       BUFG (Prop_bufg_I_O)         0.029     0.366 r  PL_i/processing_system7_0/inst/buffer_fclk_clk_0.FCLK_CLK_0_BUFG/O
                         net (fo=14014, routed)       0.817     1.183    PL_i/cnn_accel_0/inst/control_s_axi_U/ap_clk
    SLICE_X48Y83         FDRE                                         r  PL_i/cnn_accel_0/inst/control_s_axi_U/int_in_bram_reg[48]/C
                         clock pessimism             -0.035     1.148    
    SLICE_X48Y83         FDRE (Hold_fdre_C_D)         0.092     1.240    PL_i/cnn_accel_0/inst/control_s_axi_U/int_in_bram_reg[48]
  -------------------------------------------------------------------
                         required time                         -1.240    
                         arrival time                           1.274    
  -------------------------------------------------------------------
                         slack                                  0.035    

Slack (MET) :             0.037ns  (arrival time - required time)
  Source:                 PL_i/smartconnect_0/inst/switchboards/ar_switchboard/inst/gen_mi[0].inst_opipe_payld/gen_pipe[1].pipe_reg[1][114]/C
                            (rising edge-triggered cell FDRE clocked by clk_fpga_0  {rise@0.000ns fall@5.000ns period=10.000ns})
  Destination:            PL_i/smartconnect_0/inst/m00_nodes/m00_ar_node/inst/inst_mi_handler/gen_normal_area.inst_fifo_node_payld/gen_xpm_memory_fifo.inst_fifo/gen_mem_rep[0].inst_xpm_memory/xpm_memory_base_inst/gen_wr_a.gen_word_narrow.mem_reg_0_31_114_119/RAMA/I
                            (rising edge-triggered cell RAMD32 clocked by clk_fpga_0  {rise@0.000ns fall@5.000ns period=10.000ns})
  Path Group:             clk_fpga_0
  Path Type:              Hold (Min at Fast Process Corner)
  Requirement:            0.000ns  (clk_fpga_0 rise@0.000ns - clk_fpga_0 rise@0.000ns)
  Data Path Delay:        0.197ns  (logic 0.141ns (71.611%)  route 0.056ns (28.389%))
  Logic Levels:           0  
  Clock Path Skew:        0.013ns (DCD - SCD - CPR)
    Destination Clock Delay (DCD):    1.210ns
    Source Clock Delay      (SCD):    0.912ns
    Clock Pessimism Removal (CPR):    0.285ns

    Location             Delay type                Incr(ns)  Path(ns)    Netlist Resource(s)
  -------------------------------------------------------------------    -------------------
                         (clock clk_fpga_0 rise edge)
                                                      0.000     0.000 r  
    PS7_X0Y0             PS7                          0.000     0.000 r  PL_i/processing_system7_0/inst/PS7_i/FCLKCLK[0]
                         net (fo=1, routed)           0.310     0.310    PL_i/processing_system7_0/inst/FCLK_CLK_unbuffered[0]
    BUFGCTRL_X0Y16       BUFG (Prop_bufg_I_O)         0.026     0.336 r  PL_i/processing_system7_0/inst/buffer_fclk_clk_0.FCLK_CLK_0_BUFG/O
                         net (fo=14014, routed)       0.576     0.912    PL_i/smartconnect_0/inst/switchboards/ar_switchboard/inst/gen_mi[0].inst_opipe_payld/aclk
    SLICE_X31Y54         FDRE                                         r  PL_i/smartconnect_0/inst/switchboards/ar_switchboard/inst/gen_mi[0].inst_opipe_payld/gen_pipe[1].pipe_reg[1][114]/C
  -------------------------------------------------------------------    -------------------
    SLICE_X31Y54         FDRE (Prop_fdre_C_Q)         0.141     1.053 r  PL_i/smartconnect_0/inst/switchboards/ar_switchboard/inst/gen_mi[0].inst_opipe_payld/gen_pipe[1].pipe_reg[1][114]/Q
                         net (fo=1, routed)           0.056     1.108    PL_i/smartconnect_0/inst/m00_nodes/m00_ar_node/inst/inst_mi_handler/gen_normal_area.inst_fifo_node_payld/gen_xpm_memory_fifo.inst_fifo/gen_mem_rep[0].inst_xpm_memory/xpm_memory_base_inst/gen_wr_a.gen_word_narrow.mem_reg_0_31_114_119/DIA0
    SLICE_X30Y54         RAMD32                                       r  PL_i/smartconnect_0/inst/m00_nodes/m00_ar_node/inst/inst_mi_handler/gen_normal_area.inst_fifo_node_payld/gen_xpm_memory_fifo.inst_fifo/gen_mem_rep[0].inst_xpm_memory/xpm_memory_base_inst/gen_wr_a.gen_word_narrow.mem_reg_0_31_114_119/RAMA/I
  -------------------------------------------------------------------    -------------------

                         (clock clk_fpga_0 rise edge)
                                                      0.000     0.000 r  
    PS7_X0Y0             PS7                          0.000     0.000 r  PL_i/processing_system7_0/inst/PS7_i/FCLKCLK[0]
                         net (fo=1, routed)           0.337     0.337    PL_i/processing_system7_0/inst/FCLK_CLK_unbuffered[0]
    BUFGCTRL_X0Y16       BUFG (Prop_bufg_I_O)         0.029     0.366 r  PL_i/processing_system7_0/inst/buffer_fclk_clk_0.FCLK_CLK_0_BUFG/O
                         net (fo=14014, routed)       0.844     1.210    PL_i/smartconnect_0/inst/m00_nodes/m00_ar_node/inst/inst_mi_handler/gen_normal_area.inst_fifo_node_payld/gen_xpm_memory_fifo.inst_fifo/gen_mem_rep[0].inst_xpm_memory/xpm_memory_base_inst/gen_wr_a.gen_word_narrow.mem_reg_0_31_114_119/WCLK
    SLICE_X30Y54         RAMD32                                       r  PL_i/smartconnect_0/inst/m00_nodes/m00_ar_node/inst/inst_mi_handler/gen_normal_area.inst_fifo_node_payld/gen_xpm_memory_fifo.inst_fifo/gen_mem_rep[0].inst_xpm_memory/xpm_memory_base_inst/gen_wr_a.gen_word_narrow.mem_reg_0_31_114_119/RAMA/CLK
                         clock pessimism             -0.285     0.925    
    SLICE_X30Y54         RAMD32 (Hold_ramd32_CLK_I)
                                                      0.147     1.072    PL_i/smartconnect_0/inst/m00_nodes/m00_ar_node/inst/inst_mi_handler/gen_normal_area.inst_fifo_node_payld/gen_xpm_memory_fifo.inst_fifo/gen_mem_rep[0].inst_xpm_memory/xpm_memory_base_inst/gen_wr_a.gen_word_narrow.mem_reg_0_31_114_119/RAMA
  -------------------------------------------------------------------
                         required time                         -1.072    
                         arrival time                           1.108    
  -------------------------------------------------------------------
                         slack                                  0.037    

Slack (MET) :             0.037ns  (arrival time - required time)
  Source:                 PL_i/smartconnect_0/inst/switchboards/ar_switchboard/inst/gen_mi[0].inst_opipe_payld/gen_pipe[1].pipe_reg[1][78]/C
                            (rising edge-triggered cell FDRE clocked by clk_fpga_0  {rise@0.000ns fall@5.000ns period=10.000ns})
  Destination:            PL_i/smartconnect_0/inst/m00_nodes/m00_ar_node/inst/inst_mi_handler/gen_normal_area.inst_fifo_node_payld/gen_xpm_memory_fifo.inst_fifo/gen_mem_rep[0].inst_xpm_memory/xpm_memory_base_inst/gen_wr_a.gen_word_narrow.mem_reg_0_31_78_83/RAMA/I
                            (rising edge-triggered cell RAMD32 clocked by clk_fpga_0  {rise@0.000ns fall@5.000ns period=10.000ns})
  Path Group:             clk_fpga_0
  Path Type:              Hold (Min at Fast Process Corner)
  Requirement:            0.000ns  (clk_fpga_0 rise@0.000ns - clk_fpga_0 rise@0.000ns)
  Data Path Delay:        0.197ns  (logic 0.141ns (71.611%)  route 0.056ns (28.389%))
  Logic Levels:           0  
  Clock Path Skew:        0.013ns (DCD - SCD - CPR)
    Destination Clock Delay (DCD):    1.224ns
    Source Clock Delay      (SCD):    0.926ns
    Clock Pessimism Removal (CPR):    0.285ns

    Location             Delay type                Incr(ns)  Path(ns)    Netlist Resource(s)
  -------------------------------------------------------------------    -------------------
                         (clock clk_fpga_0 rise edge)
                                                      0.000     0.000 r  
    PS7_X0Y0             PS7                          0.000     0.000 r  PL_i/processing_system7_0/inst/PS7_i/FCLKCLK[0]
                         net (fo=1, routed)           0.310     0.310    PL_i/processing_system7_0/inst/FCLK_CLK_unbuffered[0]
    BUFGCTRL_X0Y16       BUFG (Prop_bufg_I_O)         0.026     0.336 r  PL_i/processing_system7_0/inst/buffer_fclk_clk_0.FCLK_CLK_0_BUFG/O
                         net (fo=14014, routed)       0.590     0.926    PL_i/smartconnect_0/inst/switchboards/ar_switchboard/inst/gen_mi[0].inst_opipe_payld/aclk
    SLICE_X31Y44         FDRE                                         r  PL_i/smartconnect_0/inst/switchboards/ar_switchboard/inst/gen_mi[0].inst_opipe_payld/gen_pipe[1].pipe_reg[1][78]/C
  -------------------------------------------------------------------    -------------------
    SLICE_X31Y44         FDRE (Prop_fdre_C_Q)         0.141     1.067 r  PL_i/smartconnect_0/inst/switchboards/ar_switchboard/inst/gen_mi[0].inst_opipe_payld/gen_pipe[1].pipe_reg[1][78]/Q
                         net (fo=1, routed)           0.056     1.122    PL_i/smartconnect_0/inst/m00_nodes/m00_ar_node/inst/inst_mi_handler/gen_normal_area.inst_fifo_node_payld/gen_xpm_memory_fifo.inst_fifo/gen_mem_rep[0].inst_xpm_memory/xpm_memory_base_inst/gen_wr_a.gen_word_narrow.mem_reg_0_31_78_83/DIA0
    SLICE_X30Y44         RAMD32                                       r  PL_i/smartconnect_0/inst/m00_nodes/m00_ar_node/inst/inst_mi_handler/gen_normal_area.inst_fifo_node_payld/gen_xpm_memory_fifo.inst_fifo/gen_mem_rep[0].inst_xpm_memory/xpm_memory_base_inst/gen_wr_a.gen_word_narrow.mem_reg_0_31_78_83/RAMA/I
  -------------------------------------------------------------------    -------------------

                         (clock clk_fpga_0 rise edge)
                                                      0.000     0.000 r  
    PS7_X0Y0             PS7                          0.000     0.000 r  PL_i/processing_system7_0/inst/PS7_i/FCLKCLK[0]
                         net (fo=1, routed)           0.337     0.337    PL_i/processing_system7_0/inst/FCLK_CLK_unbuffered[0]
    BUFGCTRL_X0Y16       BUFG (Prop_bufg_I_O)         0.029     0.366 r  PL_i/processing_system7_0/inst/buffer_fclk_clk_0.FCLK_CLK_0_BUFG/O
                         net (fo=14014, routed)       0.858     1.224    PL_i/smartconnect_0/inst/m00_nodes/m00_ar_node/inst/inst_mi_handler/gen_normal_area.inst_fifo_node_payld/gen_xpm_memory_fifo.inst_fifo/gen_mem_rep[0].inst_xpm_memory/xpm_memory_base_inst/gen_wr_a.gen_word_narrow.mem_reg_0_31_78_83/WCLK
    SLICE_X30Y44         RAMD32                                       r  PL_i/smartconnect_0/inst/m00_nodes/m00_ar_node/inst/inst_mi_handler/gen_normal_area.inst_fifo_node_payld/gen_xpm_memory_fifo.inst_fifo/gen_mem_rep[0].inst_xpm_memory/xpm_memory_base_inst/gen_wr_a.gen_word_narrow.mem_reg_0_31_78_83/RAMA/CLK
                         clock pessimism             -0.285     0.939    
    SLICE_X30Y44         RAMD32 (Hold_ramd32_CLK_I)
                                                      0.147     1.086    PL_i/smartconnect_0/inst/m00_nodes/m00_ar_node/inst/inst_mi_handler/gen_normal_area.inst_fifo_node_payld/gen_xpm_memory_fifo.inst_fifo/gen_mem_rep[0].inst_xpm_memory/xpm_memory_base_inst/gen_wr_a.gen_word_narrow.mem_reg_0_31_78_83/RAMA
  -------------------------------------------------------------------
                         required time                         -1.086    
                         arrival time                           1.122    
  -------------------------------------------------------------------
                         slack                                  0.037    

Slack (MET) :             0.037ns  (arrival time - required time)
  Source:                 PL_i/smartconnect_0/inst/switchboards/r_switchboard/inst/gen_mi[0].inst_opipe_payld/gen_pipe[1].pipe_reg[1][24]/C
                            (rising edge-triggered cell FDRE clocked by clk_fpga_0  {rise@0.000ns fall@5.000ns period=10.000ns})
  Destination:            PL_i/smartconnect_0/inst/s00_nodes/s00_r_node/inst/inst_mi_handler/gen_normal_area.inst_fifo_node_payld/gen_xpm_memory_fifo.inst_fifo/gen_mem_rep[0].inst_xpm_memory/xpm_memory_base_inst/gen_wr_a.gen_word_narrow.mem_reg_0_31_24_29/RAMA/I
                            (rising edge-triggered cell RAMD32 clocked by clk_fpga_0  {rise@0.000ns fall@5.000ns period=10.000ns})
  Path Group:             clk_fpga_0
  Path Type:              Hold (Min at Fast Process Corner)
  Requirement:            0.000ns  (clk_fpga_0 rise@0.000ns - clk_fpga_0 rise@0.000ns)
  Data Path Delay:        0.197ns  (logic 0.141ns (71.611%)  route 0.056ns (28.389%))
  Logic Levels:           0  
  Clock Path Skew:        0.013ns (DCD - SCD - CPR)
    Destination Clock Delay (DCD):    1.229ns
    Source Clock Delay      (SCD):    0.929ns
    Clock Pessimism Removal (CPR):    0.287ns

    Location             Delay type                Incr(ns)  Path(ns)    Netlist Resource(s)
  -------------------------------------------------------------------    -------------------
                         (clock clk_fpga_0 rise edge)
                                                      0.000     0.000 r  
    PS7_X0Y0             PS7                          0.000     0.000 r  PL_i/processing_system7_0/inst/PS7_i/FCLKCLK[0]
                         net (fo=1, routed)           0.310     0.310    PL_i/processing_system7_0/inst/FCLK_CLK_unbuffered[0]
    BUFGCTRL_X0Y16       BUFG (Prop_bufg_I_O)         0.026     0.336 r  PL_i/processing_system7_0/inst/buffer_fclk_clk_0.FCLK_CLK_0_BUFG/O
                         net (fo=14014, routed)       0.593     0.929    PL_i/smartconnect_0/inst/switchboards/r_switchboard/inst/gen_mi[0].inst_opipe_payld/aclk
    SLICE_X19Y39         FDRE                                         r  PL_i/smartconnect_0/inst/switchboards/r_switchboard/inst/gen_mi[0].inst_opipe_payld/gen_pipe[1].pipe_reg[1][24]/C
  -------------------------------------------------------------------    -------------------
    SLICE_X19Y39         FDRE (Prop_fdre_C_Q)         0.141     1.070 r  PL_i/smartconnect_0/inst/switchboards/r_switchboard/inst/gen_mi[0].inst_opipe_payld/gen_pipe[1].pipe_reg[1][24]/Q
                         net (fo=1, routed)           0.056     1.125    PL_i/smartconnect_0/inst/s00_nodes/s00_r_node/inst/inst_mi_handler/gen_normal_area.inst_fifo_node_payld/gen_xpm_memory_fifo.inst_fifo/gen_mem_rep[0].inst_xpm_memory/xpm_memory_base_inst/gen_wr_a.gen_word_narrow.mem_reg_0_31_24_29/DIA0
    SLICE_X18Y39         RAMD32                                       r  PL_i/smartconnect_0/inst/s00_nodes/s00_r_node/inst/inst_mi_handler/gen_normal_area.inst_fifo_node_payld/gen_xpm_memory_fifo.inst_fifo/gen_mem_rep[0].inst_xpm_memory/xpm_memory_base_inst/gen_wr_a.gen_word_narrow.mem_reg_0_31_24_29/RAMA/I
  -------------------------------------------------------------------    -------------------

                         (clock clk_fpga_0 rise edge)
                                                      0.000     0.000 r  
    PS7_X0Y0             PS7                          0.000     0.000 r  PL_i/processing_system7_0/inst/PS7_i/FCLKCLK[0]
                         net (fo=1, routed)           0.337     0.337    PL_i/processing_system7_0/inst/FCLK_CLK_unbuffered[0]
    BUFGCTRL_X0Y16       BUFG (Prop_bufg_I_O)         0.029     0.366 r  PL_i/processing_system7_0/inst/buffer_fclk_clk_0.FCLK_CLK_0_BUFG/O
                         net (fo=14014, routed)       0.863     1.229    PL_i/smartconnect_0/inst/s00_nodes/s00_r_node/inst/inst_mi_handler/gen_normal_area.inst_fifo_node_payld/gen_xpm_memory_fifo.inst_fifo/gen_mem_rep[0].inst_xpm_memory/xpm_memory_base_inst/gen_wr_a.gen_word_narrow.mem_reg_0_31_24_29/WCLK
    SLICE_X18Y39         RAMD32                                       r  PL_i/smartconnect_0/inst/s00_nodes/s00_r_node/inst/inst_mi_handler/gen_normal_area.inst_fifo_node_payld/gen_xpm_memory_fifo.inst_fifo/gen_mem_rep[0].inst_xpm_memory/xpm_memory_base_inst/gen_wr_a.gen_word_narrow.mem_reg_0_31_24_29/RAMA/CLK
                         clock pessimism             -0.287     0.942    
    SLICE_X18Y39         RAMD32 (Hold_ramd32_CLK_I)
                                                      0.147     1.089    PL_i/smartconnect_0/inst/s00_nodes/s00_r_node/inst/inst_mi_handler/gen_normal_area.inst_fifo_node_payld/gen_xpm_memory_fifo.inst_fifo/gen_mem_rep[0].inst_xpm_memory/xpm_memory_base_inst/gen_wr_a.gen_word_narrow.mem_reg_0_31_24_29/RAMA
  -------------------------------------------------------------------
                         required time                         -1.088    
                         arrival time                           1.125    
  -------------------------------------------------------------------
                         slack                                  0.037    

Slack (MET) :             0.037ns  (arrival time - required time)
  Source:                 PL_i/smartconnect_0/inst/switchboards/r_switchboard/inst/gen_mi[0].inst_opipe_payld/gen_pipe[1].pipe_reg[1][42]/C
                            (rising edge-triggered cell FDRE clocked by clk_fpga_0  {rise@0.000ns fall@5.000ns period=10.000ns})
  Destination:            PL_i/smartconnect_0/inst/s00_nodes/s00_r_node/inst/inst_mi_handler/gen_normal_area.inst_fifo_node_payld/gen_xpm_memory_fifo.inst_fifo/gen_mem_rep[0].inst_xpm_memory/xpm_memory_base_inst/gen_wr_a.gen_word_narrow.mem_reg_0_31_42_47/RAMA/I
                            (rising edge-triggered cell RAMD32 clocked by clk_fpga_0  {rise@0.000ns fall@5.000ns period=10.000ns})
  Path Group:             clk_fpga_0
  Path Type:              Hold (Min at Fast Process Corner)
  Requirement:            0.000ns  (clk_fpga_0 rise@0.000ns - clk_fpga_0 rise@0.000ns)
  Data Path Delay:        0.197ns  (logic 0.141ns (71.611%)  route 0.056ns (28.389%))
  Logic Levels:           0  
  Clock Path Skew:        0.013ns (DCD - SCD - CPR)
    Destination Clock Delay (DCD):    1.229ns
    Source Clock Delay      (SCD):    0.929ns
    Clock Pessimism Removal (CPR):    0.287ns

    Location             Delay type                Incr(ns)  Path(ns)    Netlist Resource(s)
  -------------------------------------------------------------------    -------------------
                         (clock clk_fpga_0 rise edge)
                                                      0.000     0.000 r  
    PS7_X0Y0             PS7                          0.000     0.000 r  PL_i/processing_system7_0/inst/PS7_i/FCLKCLK[0]
                         net (fo=1, routed)           0.310     0.310    PL_i/processing_system7_0/inst/FCLK_CLK_unbuffered[0]
    BUFGCTRL_X0Y16       BUFG (Prop_bufg_I_O)         0.026     0.336 r  PL_i/processing_system7_0/inst/buffer_fclk_clk_0.FCLK_CLK_0_BUFG/O
                         net (fo=14014, routed)       0.593     0.929    PL_i/smartconnect_0/inst/switchboards/r_switchboard/inst/gen_mi[0].inst_opipe_payld/aclk
    SLICE_X17Y39         FDRE                                         r  PL_i/smartconnect_0/inst/switchboards/r_switchboard/inst/gen_mi[0].inst_opipe_payld/gen_pipe[1].pipe_reg[1][42]/C
  -------------------------------------------------------------------    -------------------
    SLICE_X17Y39         FDRE (Prop_fdre_C_Q)         0.141     1.070 r  PL_i/smartconnect_0/inst/switchboards/r_switchboard/inst/gen_mi[0].inst_opipe_payld/gen_pipe[1].pipe_reg[1][42]/Q
                         net (fo=1, routed)           0.056     1.125    PL_i/smartconnect_0/inst/s00_nodes/s00_r_node/inst/inst_mi_handler/gen_normal_area.inst_fifo_node_payld/gen_xpm_memory_fifo.inst_fifo/gen_mem_rep[0].inst_xpm_memory/xpm_memory_base_inst/gen_wr_a.gen_word_narrow.mem_reg_0_31_42_47/DIA0
    SLICE_X16Y39         RAMD32                                       r  PL_i/smartconnect_0/inst/s00_nodes/s00_r_node/inst/inst_mi_handler/gen_normal_area.inst_fifo_node_payld/gen_xpm_memory_fifo.inst_fifo/gen_mem_rep[0].inst_xpm_memory/xpm_memory_base_inst/gen_wr_a.gen_word_narrow.mem_reg_0_31_42_47/RAMA/I
  -------------------------------------------------------------------    -------------------

                         (clock clk_fpga_0 rise edge)
                                                      0.000     0.000 r  
    PS7_X0Y0             PS7                          0.000     0.000 r  PL_i/processing_system7_0/inst/PS7_i/FCLKCLK[0]
                         net (fo=1, routed)           0.337     0.337    PL_i/processing_system7_0/inst/FCLK_CLK_unbuffered[0]
    BUFGCTRL_X0Y16       BUFG (Prop_bufg_I_O)         0.029     0.366 r  PL_i/processing_system7_0/inst/buffer_fclk_clk_0.FCLK_CLK_0_BUFG/O
                         net (fo=14014, routed)       0.863     1.229    PL_i/smartconnect_0/inst/s00_nodes/s00_r_node/inst/inst_mi_handler/gen_normal_area.inst_fifo_node_payld/gen_xpm_memory_fifo.inst_fifo/gen_mem_rep[0].inst_xpm_memory/xpm_memory_base_inst/gen_wr_a.gen_word_narrow.mem_reg_0_31_42_47/WCLK
    SLICE_X16Y39         RAMD32                                       r  PL_i/smartconnect_0/inst/s00_nodes/s00_r_node/inst/inst_mi_handler/gen_normal_area.inst_fifo_node_payld/gen_xpm_memory_fifo.inst_fifo/gen_mem_rep[0].inst_xpm_memory/xpm_memory_base_inst/gen_wr_a.gen_word_narrow.mem_reg_0_31_42_47/RAMA/CLK
                         clock pessimism             -0.287     0.942    
    SLICE_X16Y39         RAMD32 (Hold_ramd32_CLK_I)
                                                      0.147     1.089    PL_i/smartconnect_0/inst/s00_nodes/s00_r_node/inst/inst_mi_handler/gen_normal_area.inst_fifo_node_payld/gen_xpm_memory_fifo.inst_fifo/gen_mem_rep[0].inst_xpm_memory/xpm_memory_base_inst/gen_wr_a.gen_word_narrow.mem_reg_0_31_42_47/RAMA
  -------------------------------------------------------------------
                         required time                         -1.088    
                         arrival time                           1.125    
  -------------------------------------------------------------------
                         slack                                  0.037    





Pulse Width Checks
--------------------------------------------------------------------------------------
Clock Name:         clk_fpga_0
Waveform(ns):       { 0.000 5.000 }
Period(ns):         10.000
Sources:            { PL_i/processing_system7_0/inst/PS7_i/FCLKCLK[0] }

Check Type        Corner  Lib Pin             Reference Pin  Required(ns)  Actual(ns)  Slack(ns)  Location       Pin
Min Period        n/a     DSP48E1/CLK         n/a            3.884         10.000      6.116      DSP48_X2Y24    PL_i/cnn_accel_0/inst/grp_cnn_accel_Pipeline_DN_OC_DN_IC_fu_697/mul_32s_8s_32_2_1_U73/buff0_reg/CLK
Min Period        n/a     RAMB36E1/CLKARDCLK  n/a            2.944         10.000      7.056      RAMB36_X0Y7    PL_i/cnn_accel_0/inst/MBUS_m_axi_U/load_unit_0/buff_rdata/U_fifo_mem/mem_reg/CLKARDCLK
Min Period        n/a     RAMB18E1/CLKARDCLK  n/a            2.944         10.000      7.056      RAMB18_X0Y10   PL_i/cnn_accel_0/inst/fm0_1_U/ram_reg/CLKARDCLK
Min Period        n/a     RAMB18E1/CLKARDCLK  n/a            2.944         10.000      7.056      RAMB18_X0Y11   PL_i/cnn_accel_0/inst/fm0_2_U/ram_reg/CLKARDCLK
Min Period        n/a     RAMB18E1/CLKARDCLK  n/a            2.944         10.000      7.056      RAMB18_X0Y12   PL_i/cnn_accel_0/inst/fm0_3_U/ram_reg/CLKARDCLK
Min Period        n/a     RAMB18E1/CLKARDCLK  n/a            2.944         10.000      7.056      RAMB18_X0Y13   PL_i/cnn_accel_0/inst/fm0_U/ram_reg/CLKARDCLK
Min Period        n/a     RAMB36E1/CLKARDCLK  n/a            2.944         10.000      7.056      RAMB36_X1Y4    PL_i/cnn_accel_0/inst/fm2_U/ram_reg_0/CLKARDCLK
Min Period        n/a     RAMB36E1/CLKARDCLK  n/a            2.944         10.000      7.056      RAMB36_X1Y3    PL_i/cnn_accel_0/inst/fm2_U/ram_reg_1/CLKARDCLK
Min Period        n/a     RAMB36E1/CLKARDCLK  n/a            2.944         10.000      7.056      RAMB36_X2Y4    PL_i/cnn_accel_0/inst/fm2_U/ram_reg_2/CLKARDCLK
Min Period        n/a     RAMB36E1/CLKARDCLK  n/a            2.944         10.000      7.056      RAMB36_X2Y3    PL_i/cnn_accel_0/inst/fm2_U/ram_reg_3/CLKARDCLK
Low Pulse Width   Slow    RAMD32/CLK          n/a            1.250         5.000       3.750      SLICE_X58Y102  PL_i/axi_smc/inst/m00_nodes/m00_ar_node/inst/inst_mi_handler/gen_normal_area.inst_fifo_node_payld/gen_xpm_memory_fifo.inst_fifo/gen_mem_rep[0].inst_xpm_memory/xpm_memory_base_inst/gen_wr_a.gen_word_narrow.mem_reg_0_31_0_5/RAMA/CLK
Low Pulse Width   Fast    RAMD32/CLK          n/a            1.250         5.000       3.750      SLICE_X58Y102  PL_i/axi_smc/inst/m00_nodes/m00_ar_node/inst/inst_mi_handler/gen_normal_area.inst_fifo_node_payld/gen_xpm_memory_fifo.inst_fifo/gen_mem_rep[0].inst_xpm_memory/xpm_memory_base_inst/gen_wr_a.gen_word_narrow.mem_reg_0_31_0_5/RAMA/CLK
Low Pulse Width   Slow    RAMD32/CLK          n/a            1.250         5.000       3.750      SLICE_X58Y102  PL_i/axi_smc/inst/m00_nodes/m00_ar_node/inst/inst_mi_handler/gen_normal_area.inst_fifo_node_payld/gen_xpm_memory_fifo.inst_fifo/gen_mem_rep[0].inst_xpm_memory/xpm_memory_base_inst/gen_wr_a.gen_word_narrow.mem_reg_0_31_0_5/RAMA_D1/CLK
Low Pulse Width   Fast    RAMD32/CLK          n/a            1.250         5.000       3.750      SLICE_X58Y102  PL_i/axi_smc/inst/m00_nodes/m00_ar_node/inst/inst_mi_handler/gen_normal_area.inst_fifo_node_payld/gen_xpm_memory_fifo.inst_fifo/gen_mem_rep[0].inst_xpm_memory/xpm_memory_base_inst/gen_wr_a.gen_word_narrow.mem_reg_0_31_0_5/RAMA_D1/CLK
Low Pulse Width   Slow    RAMD32/CLK          n/a            1.250         5.000       3.750      SLICE_X58Y102  PL_i/axi_smc/inst/m00_nodes/m00_ar_node/inst/inst_mi_handler/gen_normal_area.inst_fifo_node_payld/gen_xpm_memory_fifo.inst_fifo/gen_mem_rep[0].inst_xpm_memory/xpm_memory_base_inst/gen_wr_a.gen_word_narrow.mem_reg_0_31_0_5/RAMB/CLK
Low Pulse Width   Fast    RAMD32/CLK          n/a            1.250         5.000       3.750      SLICE_X58Y102  PL_i/axi_smc/inst/m00_nodes/m00_ar_node/inst/inst_mi_handler/gen_normal_area.inst_fifo_node_payld/gen_xpm_memory_fifo.inst_fifo/gen_mem_rep[0].inst_xpm_memory/xpm_memory_base_inst/gen_wr_a.gen_word_narrow.mem_reg_0_31_0_5/RAMB/CLK
Low Pulse Width   Slow    RAMD32/CLK          n/a            1.250         5.000       3.750      SLICE_X58Y102  PL_i/axi_smc/inst/m00_nodes/m00_ar_node/inst/inst_mi_handler/gen_normal_area.inst_fifo_node_payld/gen_xpm_memory_fifo.inst_fifo/gen_mem_rep[0].inst_xpm_memory/xpm_memory_base_inst/gen_wr_a.gen_word_narrow.mem_reg_0_31_0_5/RAMB_D1/CLK
Low Pulse Width   Fast    RAMD32/CLK          n/a            1.250         5.000       3.750      SLICE_X58Y102  PL_i/axi_smc/inst/m00_nodes/m00_ar_node/inst/inst_mi_handler/gen_normal_area.inst_fifo_node_payld/gen_xpm_memory_fifo.inst_fifo/gen_mem_rep[0].inst_xpm_memory/xpm_memory_base_inst/gen_wr_a.gen_word_narrow.mem_reg_0_31_0_5/RAMB_D1/CLK
Low Pulse Width   Slow    RAMD32/CLK          n/a            1.250         5.000       3.750      SLICE_X58Y102  PL_i/axi_smc/inst/m00_nodes/m00_ar_node/inst/inst_mi_handler/gen_normal_area.inst_fifo_node_payld/gen_xpm_memory_fifo.inst_fifo/gen_mem_rep[0].inst_xpm_memory/xpm_memory_base_inst/gen_wr_a.gen_word_narrow.mem_reg_0_31_0_5/RAMC/CLK
Low Pulse Width   Fast    RAMD32/CLK          n/a            1.250         5.000       3.750      SLICE_X58Y102  PL_i/axi_smc/inst/m00_nodes/m00_ar_node/inst/inst_mi_handler/gen_normal_area.inst_fifo_node_payld/gen_xpm_memory_fifo.inst_fifo/gen_mem_rep[0].inst_xpm_memory/xpm_memory_base_inst/gen_wr_a.gen_word_narrow.mem_reg_0_31_0_5/RAMC/CLK
High Pulse Width  Slow    RAMD32/CLK          n/a            1.250         5.000       3.750      SLICE_X58Y102  PL_i/axi_smc/inst/m00_nodes/m00_ar_node/inst/inst_mi_handler/gen_normal_area.inst_fifo_node_payld/gen_xpm_memory_fifo.inst_fifo/gen_mem_rep[0].inst_xpm_memory/xpm_memory_base_inst/gen_wr_a.gen_word_narrow.mem_reg_0_31_0_5/RAMA/CLK
High Pulse Width  Fast    RAMD32/CLK          n/a            1.250         5.000       3.750      SLICE_X58Y102  PL_i/axi_smc/inst/m00_nodes/m00_ar_node/inst/inst_mi_handler/gen_normal_area.inst_fifo_node_payld/gen_xpm_memory_fifo.inst_fifo/gen_mem_rep[0].inst_xpm_memory/xpm_memory_base_inst/gen_wr_a.gen_word_narrow.mem_reg_0_31_0_5/RAMA/CLK
High Pulse Width  Slow    RAMD32/CLK          n/a            1.250         5.000       3.750      SLICE_X58Y102  PL_i/axi_smc/inst/m00_nodes/m00_ar_node/inst/inst_mi_handler/gen_normal_area.inst_fifo_node_payld/gen_xpm_memory_fifo.inst_fifo/gen_mem_rep[0].inst_xpm_memory/xpm_memory_base_inst/gen_wr_a.gen_word_narrow.mem_reg_0_31_0_5/RAMA_D1/CLK
High Pulse Width  Fast    RAMD32/CLK          n/a            1.250         5.000       3.750      SLICE_X58Y102  PL_i/axi_smc/inst/m00_nodes/m00_ar_node/inst/inst_mi_handler/gen_normal_area.inst_fifo_node_payld/gen_xpm_memory_fifo.inst_fifo/gen_mem_rep[0].inst_xpm_memory/xpm_memory_base_inst/gen_wr_a.gen_word_narrow.mem_reg_0_31_0_5/RAMA_D1/CLK
High Pulse Width  Slow    RAMD32/CLK          n/a            1.250         5.000       3.750      SLICE_X58Y102  PL_i/axi_smc/inst/m00_nodes/m00_ar_node/inst/inst_mi_handler/gen_normal_area.inst_fifo_node_payld/gen_xpm_memory_fifo.inst_fifo/gen_mem_rep[0].inst_xpm_memory/xpm_memory_base_inst/gen_wr_a.gen_word_narrow.mem_reg_0_31_0_5/RAMB/CLK
High Pulse Width  Fast    RAMD32/CLK          n/a            1.250         5.000       3.750      SLICE_X58Y102  PL_i/axi_smc/inst/m00_nodes/m00_ar_node/inst/inst_mi_handler/gen_normal_area.inst_fifo_node_payld/gen_xpm_memory_fifo.inst_fifo/gen_mem_rep[0].inst_xpm_memory/xpm_memory_base_inst/gen_wr_a.gen_word_narrow.mem_reg_0_31_0_5/RAMB/CLK
High Pulse Width  Slow    RAMD32/CLK          n/a            1.250         5.000       3.750      SLICE_X58Y102  PL_i/axi_smc/inst/m00_nodes/m00_ar_node/inst/inst_mi_handler/gen_normal_area.inst_fifo_node_payld/gen_xpm_memory_fifo.inst_fifo/gen_mem_rep[0].inst_xpm_memory/xpm_memory_base_inst/gen_wr_a.gen_word_narrow.mem_reg_0_31_0_5/RAMB_D1/CLK
High Pulse Width  Fast    RAMD32/CLK          n/a            1.250         5.000       3.750      SLICE_X58Y102  PL_i/axi_smc/inst/m00_nodes/m00_ar_node/inst/inst_mi_handler/gen_normal_area.inst_fifo_node_payld/gen_xpm_memory_fifo.inst_fifo/gen_mem_rep[0].inst_xpm_memory/xpm_memory_base_inst/gen_wr_a.gen_word_narrow.mem_reg_0_31_0_5/RAMB_D1/CLK
High Pulse Width  Slow    RAMD32/CLK          n/a            1.250         5.000       3.750      SLICE_X58Y102  PL_i/axi_smc/inst/m00_nodes/m00_ar_node/inst/inst_mi_handler/gen_normal_area.inst_fifo_node_payld/gen_xpm_memory_fifo.inst_fifo/gen_mem_rep[0].inst_xpm_memory/xpm_memory_base_inst/gen_wr_a.gen_word_narrow.mem_reg_0_31_0_5/RAMC/CLK
High Pulse Width  Fast    RAMD32/CLK          n/a            1.250         5.000       3.750      SLICE_X58Y102  PL_i/axi_smc/inst/m00_nodes/m00_ar_node/inst/inst_mi_handler/gen_normal_area.inst_fifo_node_payld/gen_xpm_memory_fifo.inst_fifo/gen_mem_rep[0].inst_xpm_memory/xpm_memory_base_inst/gen_wr_a.gen_word_narrow.mem_reg_0_31_0_5/RAMC/CLK



---------------------------------------------------------------------------------------------------
Path Group:  **async_default**
From Clock:  clk_fpga_0
  To Clock:  clk_fpga_0

Setup :            0  Failing Endpoints,  Worst Slack        2.792ns,  Total Violation        0.000ns
Hold  :            0  Failing Endpoints,  Worst Slack        1.760ns,  Total Violation        0.000ns
---------------------------------------------------------------------------------------------------


Max Delay Paths
--------------------------------------------------------------------------------------
Slack (MET) :             2.792ns  (required time - arrival time)
  Source:                 PL_i/proc_sys_reset_0/U0/ACTIVE_LOW_BSR_OUT_DFF[0].FDRE_BSR_N/C
                            (rising edge-triggered cell FDRE clocked by clk_fpga_0  {rise@0.000ns fall@5.000ns period=10.000ns})
  Destination:            PL_i/dbwfb2_97_bram_ctrl_0/inst/u_conv/u_delay/x0_reg[12]/CLR
                            (recovery check against rising-edge clock clk_fpga_0  {rise@0.000ns fall@5.000ns period=10.000ns})
  Path Group:             **async_default**
  Path Type:              Recovery (Max at Slow Process Corner)
  Requirement:            10.000ns  (clk_fpga_0 rise@10.000ns - clk_fpga_0 rise@0.000ns)
  Data Path Delay:        6.678ns  (logic 0.580ns (8.685%)  route 6.098ns (91.315%))
  Logic Levels:           1  (LUT1=1)
  Clock Path Skew:        -0.057ns (DCD - SCD + CPR)
    Destination Clock Delay (DCD):    2.715ns = ( 12.715 - 10.000 ) 
    Source Clock Delay      (SCD):    3.001ns
    Clock Pessimism Removal (CPR):    0.229ns
  Clock Uncertainty:      0.154ns  ((TSJ^2 + TIJ^2)^1/2 + DJ) / 2 + PE
    Total System Jitter     (TSJ):    0.071ns
    Total Input Jitter      (TIJ):    0.300ns
    Discrete Jitter          (DJ):    0.000ns
    Phase Error              (PE):    0.000ns

    Location             Delay type                Incr(ns)  Path(ns)    Netlist Resource(s)
  -------------------------------------------------------------------    -------------------
                         (clock clk_fpga_0 rise edge)
                                                      0.000     0.000 r  
    PS7_X0Y0             PS7                          0.000     0.000 r  PL_i/processing_system7_0/inst/PS7_i/FCLKCLK[0]
                         net (fo=1, routed)           1.193     1.193    PL_i/processing_system7_0/inst/FCLK_CLK_unbuffered[0]
    BUFGCTRL_X0Y16       BUFG (Prop_bufg_I_O)         0.101     1.294 r  PL_i/processing_system7_0/inst/buffer_fclk_clk_0.FCLK_CLK_0_BUFG/O
                         net (fo=14014, routed)       1.707     3.001    PL_i/proc_sys_reset_0/U0/slowest_sync_clk
    SLICE_X63Y84         FDRE                                         r  PL_i/proc_sys_reset_0/U0/ACTIVE_LOW_BSR_OUT_DFF[0].FDRE_BSR_N/C
  -------------------------------------------------------------------    -------------------
    SLICE_X63Y84         FDRE (Prop_fdre_C_Q)         0.456     3.457 r  PL_i/proc_sys_reset_0/U0/ACTIVE_LOW_BSR_OUT_DFF[0].FDRE_BSR_N/Q
                         net (fo=40, routed)          3.010     6.467    PL_i/dbwfb2_97_bram_ctrl_0/inst/u_conv/u_delay/rst_n
    SLICE_X94Y98         LUT1 (Prop_lut1_I0_O)        0.124     6.591 f  PL_i/dbwfb2_97_bram_ctrl_0/inst/u_conv/u_delay/done_i_2/O
                         net (fo=400, routed)         3.088     9.679    PL_i/dbwfb2_97_bram_ctrl_0/inst/u_conv/u_delay/rst_n_0
    SLICE_X66Y85         FDCE                                         f  PL_i/dbwfb2_97_bram_ctrl_0/inst/u_conv/u_delay/x0_reg[12]/CLR
  -------------------------------------------------------------------    -------------------

                         (clock clk_fpga_0 rise edge)
                                                     10.000    10.000 r  
    PS7_X0Y0             PS7                          0.000    10.000 r  PL_i/processing_system7_0/inst/PS7_i/FCLKCLK[0]
                         net (fo=1, routed)           1.088    11.088    PL_i/processing_system7_0/inst/FCLK_CLK_unbuffered[0]
    BUFGCTRL_X0Y16       BUFG (Prop_bufg_I_O)         0.091    11.179 r  PL_i/processing_system7_0/inst/buffer_fclk_clk_0.FCLK_CLK_0_BUFG/O
                         net (fo=14014, routed)       1.536    12.715    PL_i/dbwfb2_97_bram_ctrl_0/inst/u_conv/u_delay/clk
    SLICE_X66Y85         FDCE                                         r  PL_i/dbwfb2_97_bram_ctrl_0/inst/u_conv/u_delay/x0_reg[12]/C
                         clock pessimism              0.229    12.944    
                         clock uncertainty           -0.154    12.790    
    SLICE_X66Y85         FDCE (Recov_fdce_C_CLR)     -0.319    12.471    PL_i/dbwfb2_97_bram_ctrl_0/inst/u_conv/u_delay/x0_reg[12]
  -------------------------------------------------------------------
                         required time                         12.471    
                         arrival time                          -9.679    
  -------------------------------------------------------------------
                         slack                                  2.792    

Slack (MET) :             2.792ns  (required time - arrival time)
  Source:                 PL_i/proc_sys_reset_0/U0/ACTIVE_LOW_BSR_OUT_DFF[0].FDRE_BSR_N/C
                            (rising edge-triggered cell FDRE clocked by clk_fpga_0  {rise@0.000ns fall@5.000ns period=10.000ns})
  Destination:            PL_i/dbwfb2_97_bram_ctrl_0/inst/u_conv/u_delay/x0_reg[13]/CLR
                            (recovery check against rising-edge clock clk_fpga_0  {rise@0.000ns fall@5.000ns period=10.000ns})
  Path Group:             **async_default**
  Path Type:              Recovery (Max at Slow Process Corner)
  Requirement:            10.000ns  (clk_fpga_0 rise@10.000ns - clk_fpga_0 rise@0.000ns)
  Data Path Delay:        6.678ns  (logic 0.580ns (8.685%)  route 6.098ns (91.315%))
  Logic Levels:           1  (LUT1=1)
  Clock Path Skew:        -0.057ns (DCD - SCD + CPR)
    Destination Clock Delay (DCD):    2.715ns = ( 12.715 - 10.000 ) 
    Source Clock Delay      (SCD):    3.001ns
    Clock Pessimism Removal (CPR):    0.229ns
  Clock Uncertainty:      0.154ns  ((TSJ^2 + TIJ^2)^1/2 + DJ) / 2 + PE
    Total System Jitter     (TSJ):    0.071ns
    Total Input Jitter      (TIJ):    0.300ns
    Discrete Jitter          (DJ):    0.000ns
    Phase Error              (PE):    0.000ns

    Location             Delay type                Incr(ns)  Path(ns)    Netlist Resource(s)
  -------------------------------------------------------------------    -------------------
                         (clock clk_fpga_0 rise edge)
                                                      0.000     0.000 r  
    PS7_X0Y0             PS7                          0.000     0.000 r  PL_i/processing_system7_0/inst/PS7_i/FCLKCLK[0]
                         net (fo=1, routed)           1.193     1.193    PL_i/processing_system7_0/inst/FCLK_CLK_unbuffered[0]
    BUFGCTRL_X0Y16       BUFG (Prop_bufg_I_O)         0.101     1.294 r  PL_i/processing_system7_0/inst/buffer_fclk_clk_0.FCLK_CLK_0_BUFG/O
                         net (fo=14014, routed)       1.707     3.001    PL_i/proc_sys_reset_0/U0/slowest_sync_clk
    SLICE_X63Y84         FDRE                                         r  PL_i/proc_sys_reset_0/U0/ACTIVE_LOW_BSR_OUT_DFF[0].FDRE_BSR_N/C
  -------------------------------------------------------------------    -------------------
    SLICE_X63Y84         FDRE (Prop_fdre_C_Q)         0.456     3.457 r  PL_i/proc_sys_reset_0/U0/ACTIVE_LOW_BSR_OUT_DFF[0].FDRE_BSR_N/Q
                         net (fo=40, routed)          3.010     6.467    PL_i/dbwfb2_97_bram_ctrl_0/inst/u_conv/u_delay/rst_n
    SLICE_X94Y98         LUT1 (Prop_lut1_I0_O)        0.124     6.591 f  PL_i/dbwfb2_97_bram_ctrl_0/inst/u_conv/u_delay/done_i_2/O
                         net (fo=400, routed)         3.088     9.679    PL_i/dbwfb2_97_bram_ctrl_0/inst/u_conv/u_delay/rst_n_0
    SLICE_X66Y85         FDCE                                         f  PL_i/dbwfb2_97_bram_ctrl_0/inst/u_conv/u_delay/x0_reg[13]/CLR
  -------------------------------------------------------------------    -------------------

                         (clock clk_fpga_0 rise edge)
                                                     10.000    10.000 r  
    PS7_X0Y0             PS7                          0.000    10.000 r  PL_i/processing_system7_0/inst/PS7_i/FCLKCLK[0]
                         net (fo=1, routed)           1.088    11.088    PL_i/processing_system7_0/inst/FCLK_CLK_unbuffered[0]
    BUFGCTRL_X0Y16       BUFG (Prop_bufg_I_O)         0.091    11.179 r  PL_i/processing_system7_0/inst/buffer_fclk_clk_0.FCLK_CLK_0_BUFG/O
                         net (fo=14014, routed)       1.536    12.715    PL_i/dbwfb2_97_bram_ctrl_0/inst/u_conv/u_delay/clk
    SLICE_X66Y85         FDCE                                         r  PL_i/dbwfb2_97_bram_ctrl_0/inst/u_conv/u_delay/x0_reg[13]/C
                         clock pessimism              0.229    12.944    
                         clock uncertainty           -0.154    12.790    
    SLICE_X66Y85         FDCE (Recov_fdce_C_CLR)     -0.319    12.471    PL_i/dbwfb2_97_bram_ctrl_0/inst/u_conv/u_delay/x0_reg[13]
  -------------------------------------------------------------------
                         required time                         12.471    
                         arrival time                          -9.679    
  -------------------------------------------------------------------
                         slack                                  2.792    

Slack (MET) :             2.792ns  (required time - arrival time)
  Source:                 PL_i/proc_sys_reset_0/U0/ACTIVE_LOW_BSR_OUT_DFF[0].FDRE_BSR_N/C
                            (rising edge-triggered cell FDRE clocked by clk_fpga_0  {rise@0.000ns fall@5.000ns period=10.000ns})
  Destination:            PL_i/dbwfb2_97_bram_ctrl_0/inst/u_conv/u_delay/x0_reg[4]/CLR
                            (recovery check against rising-edge clock clk_fpga_0  {rise@0.000ns fall@5.000ns period=10.000ns})
  Path Group:             **async_default**
  Path Type:              Recovery (Max at Slow Process Corner)
  Requirement:            10.000ns  (clk_fpga_0 rise@10.000ns - clk_fpga_0 rise@0.000ns)
  Data Path Delay:        6.678ns  (logic 0.580ns (8.685%)  route 6.098ns (91.315%))
  Logic Levels:           1  (LUT1=1)
  Clock Path Skew:        -0.057ns (DCD - SCD + CPR)
    Destination Clock Delay (DCD):    2.715ns = ( 12.715 - 10.000 ) 
    Source Clock Delay      (SCD):    3.001ns
    Clock Pessimism Removal (CPR):    0.229ns
  Clock Uncertainty:      0.154ns  ((TSJ^2 + TIJ^2)^1/2 + DJ) / 2 + PE
    Total System Jitter     (TSJ):    0.071ns
    Total Input Jitter      (TIJ):    0.300ns
    Discrete Jitter          (DJ):    0.000ns
    Phase Error              (PE):    0.000ns

    Location             Delay type                Incr(ns)  Path(ns)    Netlist Resource(s)
  -------------------------------------------------------------------    -------------------
                         (clock clk_fpga_0 rise edge)
                                                      0.000     0.000 r  
    PS7_X0Y0             PS7                          0.000     0.000 r  PL_i/processing_system7_0/inst/PS7_i/FCLKCLK[0]
                         net (fo=1, routed)           1.193     1.193    PL_i/processing_system7_0/inst/FCLK_CLK_unbuffered[0]
    BUFGCTRL_X0Y16       BUFG (Prop_bufg_I_O)         0.101     1.294 r  PL_i/processing_system7_0/inst/buffer_fclk_clk_0.FCLK_CLK_0_BUFG/O
                         net (fo=14014, routed)       1.707     3.001    PL_i/proc_sys_reset_0/U0/slowest_sync_clk
    SLICE_X63Y84         FDRE                                         r  PL_i/proc_sys_reset_0/U0/ACTIVE_LOW_BSR_OUT_DFF[0].FDRE_BSR_N/C
  -------------------------------------------------------------------    -------------------
    SLICE_X63Y84         FDRE (Prop_fdre_C_Q)         0.456     3.457 r  PL_i/proc_sys_reset_0/U0/ACTIVE_LOW_BSR_OUT_DFF[0].FDRE_BSR_N/Q
                         net (fo=40, routed)          3.010     6.467    PL_i/dbwfb2_97_bram_ctrl_0/inst/u_conv/u_delay/rst_n
    SLICE_X94Y98         LUT1 (Prop_lut1_I0_O)        0.124     6.591 f  PL_i/dbwfb2_97_bram_ctrl_0/inst/u_conv/u_delay/done_i_2/O
                         net (fo=400, routed)         3.088     9.679    PL_i/dbwfb2_97_bram_ctrl_0/inst/u_conv/u_delay/rst_n_0
    SLICE_X66Y85         FDCE                                         f  PL_i/dbwfb2_97_bram_ctrl_0/inst/u_conv/u_delay/x0_reg[4]/CLR
  -------------------------------------------------------------------    -------------------

                         (clock clk_fpga_0 rise edge)
                                                     10.000    10.000 r  
    PS7_X0Y0             PS7                          0.000    10.000 r  PL_i/processing_system7_0/inst/PS7_i/FCLKCLK[0]
                         net (fo=1, routed)           1.088    11.088    PL_i/processing_system7_0/inst/FCLK_CLK_unbuffered[0]
    BUFGCTRL_X0Y16       BUFG (Prop_bufg_I_O)         0.091    11.179 r  PL_i/processing_system7_0/inst/buffer_fclk_clk_0.FCLK_CLK_0_BUFG/O
                         net (fo=14014, routed)       1.536    12.715    PL_i/dbwfb2_97_bram_ctrl_0/inst/u_conv/u_delay/clk
    SLICE_X66Y85         FDCE                                         r  PL_i/dbwfb2_97_bram_ctrl_0/inst/u_conv/u_delay/x0_reg[4]/C
                         clock pessimism              0.229    12.944    
                         clock uncertainty           -0.154    12.790    
    SLICE_X66Y85         FDCE (Recov_fdce_C_CLR)     -0.319    12.471    PL_i/dbwfb2_97_bram_ctrl_0/inst/u_conv/u_delay/x0_reg[4]
  -------------------------------------------------------------------
                         required time                         12.471    
                         arrival time                          -9.679    
  -------------------------------------------------------------------
                         slack                                  2.792    

Slack (MET) :             2.792ns  (required time - arrival time)
  Source:                 PL_i/proc_sys_reset_0/U0/ACTIVE_LOW_BSR_OUT_DFF[0].FDRE_BSR_N/C
                            (rising edge-triggered cell FDRE clocked by clk_fpga_0  {rise@0.000ns fall@5.000ns period=10.000ns})
  Destination:            PL_i/dbwfb2_97_bram_ctrl_0/inst/u_conv/u_delay/x0_reg[5]/CLR
                            (recovery check against rising-edge clock clk_fpga_0  {rise@0.000ns fall@5.000ns period=10.000ns})
  Path Group:             **async_default**
  Path Type:              Recovery (Max at Slow Process Corner)
  Requirement:            10.000ns  (clk_fpga_0 rise@10.000ns - clk_fpga_0 rise@0.000ns)
  Data Path Delay:        6.678ns  (logic 0.580ns (8.685%)  route 6.098ns (91.315%))
  Logic Levels:           1  (LUT1=1)
  Clock Path Skew:        -0.057ns (DCD - SCD + CPR)
    Destination Clock Delay (DCD):    2.715ns = ( 12.715 - 10.000 ) 
    Source Clock Delay      (SCD):    3.001ns
    Clock Pessimism Removal (CPR):    0.229ns
  Clock Uncertainty:      0.154ns  ((TSJ^2 + TIJ^2)^1/2 + DJ) / 2 + PE
    Total System Jitter     (TSJ):    0.071ns
    Total Input Jitter      (TIJ):    0.300ns
    Discrete Jitter          (DJ):    0.000ns
    Phase Error              (PE):    0.000ns

    Location             Delay type                Incr(ns)  Path(ns)    Netlist Resource(s)
  -------------------------------------------------------------------    -------------------
                         (clock clk_fpga_0 rise edge)
                                                      0.000     0.000 r  
    PS7_X0Y0             PS7                          0.000     0.000 r  PL_i/processing_system7_0/inst/PS7_i/FCLKCLK[0]
                         net (fo=1, routed)           1.193     1.193    PL_i/processing_system7_0/inst/FCLK_CLK_unbuffered[0]
    BUFGCTRL_X0Y16       BUFG (Prop_bufg_I_O)         0.101     1.294 r  PL_i/processing_system7_0/inst/buffer_fclk_clk_0.FCLK_CLK_0_BUFG/O
                         net (fo=14014, routed)       1.707     3.001    PL_i/proc_sys_reset_0/U0/slowest_sync_clk
    SLICE_X63Y84         FDRE                                         r  PL_i/proc_sys_reset_0/U0/ACTIVE_LOW_BSR_OUT_DFF[0].FDRE_BSR_N/C
  -------------------------------------------------------------------    -------------------
    SLICE_X63Y84         FDRE (Prop_fdre_C_Q)         0.456     3.457 r  PL_i/proc_sys_reset_0/U0/ACTIVE_LOW_BSR_OUT_DFF[0].FDRE_BSR_N/Q
                         net (fo=40, routed)          3.010     6.467    PL_i/dbwfb2_97_bram_ctrl_0/inst/u_conv/u_delay/rst_n
    SLICE_X94Y98         LUT1 (Prop_lut1_I0_O)        0.124     6.591 f  PL_i/dbwfb2_97_bram_ctrl_0/inst/u_conv/u_delay/done_i_2/O
                         net (fo=400, routed)         3.088     9.679    PL_i/dbwfb2_97_bram_ctrl_0/inst/u_conv/u_delay/rst_n_0
    SLICE_X66Y85         FDCE                                         f  PL_i/dbwfb2_97_bram_ctrl_0/inst/u_conv/u_delay/x0_reg[5]/CLR
  -------------------------------------------------------------------    -------------------

                         (clock clk_fpga_0 rise edge)
                                                     10.000    10.000 r  
    PS7_X0Y0             PS7                          0.000    10.000 r  PL_i/processing_system7_0/inst/PS7_i/FCLKCLK[0]
                         net (fo=1, routed)           1.088    11.088    PL_i/processing_system7_0/inst/FCLK_CLK_unbuffered[0]
    BUFGCTRL_X0Y16       BUFG (Prop_bufg_I_O)         0.091    11.179 r  PL_i/processing_system7_0/inst/buffer_fclk_clk_0.FCLK_CLK_0_BUFG/O
                         net (fo=14014, routed)       1.536    12.715    PL_i/dbwfb2_97_bram_ctrl_0/inst/u_conv/u_delay/clk
    SLICE_X66Y85         FDCE                                         r  PL_i/dbwfb2_97_bram_ctrl_0/inst/u_conv/u_delay/x0_reg[5]/C
                         clock pessimism              0.229    12.944    
                         clock uncertainty           -0.154    12.790    
    SLICE_X66Y85         FDCE (Recov_fdce_C_CLR)     -0.319    12.471    PL_i/dbwfb2_97_bram_ctrl_0/inst/u_conv/u_delay/x0_reg[5]
  -------------------------------------------------------------------
                         required time                         12.471    
                         arrival time                          -9.679    
  -------------------------------------------------------------------
                         slack                                  2.792    

Slack (MET) :             2.985ns  (required time - arrival time)
  Source:                 PL_i/proc_sys_reset_0/U0/ACTIVE_LOW_BSR_OUT_DFF[0].FDRE_BSR_N/C
                            (rising edge-triggered cell FDRE clocked by clk_fpga_0  {rise@0.000ns fall@5.000ns period=10.000ns})
  Destination:            PL_i/dbwfb2_97_bram_ctrl_0/inst/u_conv/u_delay/x0_reg[2]/CLR
                            (recovery check against rising-edge clock clk_fpga_0  {rise@0.000ns fall@5.000ns period=10.000ns})
  Path Group:             **async_default**
  Path Type:              Recovery (Max at Slow Process Corner)
  Requirement:            10.000ns  (clk_fpga_0 rise@10.000ns - clk_fpga_0 rise@0.000ns)
  Data Path Delay:        6.396ns  (logic 0.580ns (9.068%)  route 5.816ns (90.932%))
  Logic Levels:           1  (LUT1=1)
  Clock Path Skew:        -0.060ns (DCD - SCD + CPR)
    Destination Clock Delay (DCD):    2.712ns = ( 12.712 - 10.000 ) 
    Source Clock Delay      (SCD):    3.001ns
    Clock Pessimism Removal (CPR):    0.229ns
  Clock Uncertainty:      0.154ns  ((TSJ^2 + TIJ^2)^1/2 + DJ) / 2 + PE
    Total System Jitter     (TSJ):    0.071ns
    Total Input Jitter      (TIJ):    0.300ns
    Discrete Jitter          (DJ):    0.000ns
    Phase Error              (PE):    0.000ns

    Location             Delay type                Incr(ns)  Path(ns)    Netlist Resource(s)
  -------------------------------------------------------------------    -------------------
                         (clock clk_fpga_0 rise edge)
                                                      0.000     0.000 r  
    PS7_X0Y0             PS7                          0.000     0.000 r  PL_i/processing_system7_0/inst/PS7_i/FCLKCLK[0]
                         net (fo=1, routed)           1.193     1.193    PL_i/processing_system7_0/inst/FCLK_CLK_unbuffered[0]
    BUFGCTRL_X0Y16       BUFG (Prop_bufg_I_O)         0.101     1.294 r  PL_i/processing_system7_0/inst/buffer_fclk_clk_0.FCLK_CLK_0_BUFG/O
                         net (fo=14014, routed)       1.707     3.001    PL_i/proc_sys_reset_0/U0/slowest_sync_clk
    SLICE_X63Y84         FDRE                                         r  PL_i/proc_sys_reset_0/U0/ACTIVE_LOW_BSR_OUT_DFF[0].FDRE_BSR_N/C
  -------------------------------------------------------------------    -------------------
    SLICE_X63Y84         FDRE (Prop_fdre_C_Q)         0.456     3.457 r  PL_i/proc_sys_reset_0/U0/ACTIVE_LOW_BSR_OUT_DFF[0].FDRE_BSR_N/Q
                         net (fo=40, routed)          3.010     6.467    PL_i/dbwfb2_97_bram_ctrl_0/inst/u_conv/u_delay/rst_n
    SLICE_X94Y98         LUT1 (Prop_lut1_I0_O)        0.124     6.591 f  PL_i/dbwfb2_97_bram_ctrl_0/inst/u_conv/u_delay/done_i_2/O
                         net (fo=400, routed)         2.806     9.397    PL_i/dbwfb2_97_bram_ctrl_0/inst/u_conv/u_delay/rst_n_0
    SLICE_X67Y82         FDCE                                         f  PL_i/dbwfb2_97_bram_ctrl_0/inst/u_conv/u_delay/x0_reg[2]/CLR
  -------------------------------------------------------------------    -------------------

                         (clock clk_fpga_0 rise edge)
                                                     10.000    10.000 r  
    PS7_X0Y0             PS7                          0.000    10.000 r  PL_i/processing_system7_0/inst/PS7_i/FCLKCLK[0]
                         net (fo=1, routed)           1.088    11.088    PL_i/processing_system7_0/inst/FCLK_CLK_unbuffered[0]
    BUFGCTRL_X0Y16       BUFG (Prop_bufg_I_O)         0.091    11.179 r  PL_i/processing_system7_0/inst/buffer_fclk_clk_0.FCLK_CLK_0_BUFG/O
                         net (fo=14014, routed)       1.533    12.712    PL_i/dbwfb2_97_bram_ctrl_0/inst/u_conv/u_delay/clk
    SLICE_X67Y82         FDCE                                         r  PL_i/dbwfb2_97_bram_ctrl_0/inst/u_conv/u_delay/x0_reg[2]/C
                         clock pessimism              0.229    12.941    
                         clock uncertainty           -0.154    12.787    
    SLICE_X67Y82         FDCE (Recov_fdce_C_CLR)     -0.405    12.382    PL_i/dbwfb2_97_bram_ctrl_0/inst/u_conv/u_delay/x0_reg[2]
  -------------------------------------------------------------------
                         required time                         12.382    
                         arrival time                          -9.397    
  -------------------------------------------------------------------
                         slack                                  2.985    

Slack (MET) :             2.985ns  (required time - arrival time)
  Source:                 PL_i/proc_sys_reset_0/U0/ACTIVE_LOW_BSR_OUT_DFF[0].FDRE_BSR_N/C
                            (rising edge-triggered cell FDRE clocked by clk_fpga_0  {rise@0.000ns fall@5.000ns period=10.000ns})
  Destination:            PL_i/dbwfb2_97_bram_ctrl_0/inst/u_conv/u_delay/x0_reg[3]/CLR
                            (recovery check against rising-edge clock clk_fpga_0  {rise@0.000ns fall@5.000ns period=10.000ns})
  Path Group:             **async_default**
  Path Type:              Recovery (Max at Slow Process Corner)
  Requirement:            10.000ns  (clk_fpga_0 rise@10.000ns - clk_fpga_0 rise@0.000ns)
  Data Path Delay:        6.396ns  (logic 0.580ns (9.068%)  route 5.816ns (90.932%))
  Logic Levels:           1  (LUT1=1)
  Clock Path Skew:        -0.060ns (DCD - SCD + CPR)
    Destination Clock Delay (DCD):    2.712ns = ( 12.712 - 10.000 ) 
    Source Clock Delay      (SCD):    3.001ns
    Clock Pessimism Removal (CPR):    0.229ns
  Clock Uncertainty:      0.154ns  ((TSJ^2 + TIJ^2)^1/2 + DJ) / 2 + PE
    Total System Jitter     (TSJ):    0.071ns
    Total Input Jitter      (TIJ):    0.300ns
    Discrete Jitter          (DJ):    0.000ns
    Phase Error              (PE):    0.000ns

    Location             Delay type                Incr(ns)  Path(ns)    Netlist Resource(s)
  -------------------------------------------------------------------    -------------------
                         (clock clk_fpga_0 rise edge)
                                                      0.000     0.000 r  
    PS7_X0Y0             PS7                          0.000     0.000 r  PL_i/processing_system7_0/inst/PS7_i/FCLKCLK[0]
                         net (fo=1, routed)           1.193     1.193    PL_i/processing_system7_0/inst/FCLK_CLK_unbuffered[0]
    BUFGCTRL_X0Y16       BUFG (Prop_bufg_I_O)         0.101     1.294 r  PL_i/processing_system7_0/inst/buffer_fclk_clk_0.FCLK_CLK_0_BUFG/O
                         net (fo=14014, routed)       1.707     3.001    PL_i/proc_sys_reset_0/U0/slowest_sync_clk
    SLICE_X63Y84         FDRE                                         r  PL_i/proc_sys_reset_0/U0/ACTIVE_LOW_BSR_OUT_DFF[0].FDRE_BSR_N/C
  -------------------------------------------------------------------    -------------------
    SLICE_X63Y84         FDRE (Prop_fdre_C_Q)         0.456     3.457 r  PL_i/proc_sys_reset_0/U0/ACTIVE_LOW_BSR_OUT_DFF[0].FDRE_BSR_N/Q
                         net (fo=40, routed)          3.010     6.467    PL_i/dbwfb2_97_bram_ctrl_0/inst/u_conv/u_delay/rst_n
    SLICE_X94Y98         LUT1 (Prop_lut1_I0_O)        0.124     6.591 f  PL_i/dbwfb2_97_bram_ctrl_0/inst/u_conv/u_delay/done_i_2/O
                         net (fo=400, routed)         2.806     9.397    PL_i/dbwfb2_97_bram_ctrl_0/inst/u_conv/u_delay/rst_n_0
    SLICE_X67Y82         FDCE                                         f  PL_i/dbwfb2_97_bram_ctrl_0/inst/u_conv/u_delay/x0_reg[3]/CLR
  -------------------------------------------------------------------    -------------------

                         (clock clk_fpga_0 rise edge)
                                                     10.000    10.000 r  
    PS7_X0Y0             PS7                          0.000    10.000 r  PL_i/processing_system7_0/inst/PS7_i/FCLKCLK[0]
                         net (fo=1, routed)           1.088    11.088    PL_i/processing_system7_0/inst/FCLK_CLK_unbuffered[0]
    BUFGCTRL_X0Y16       BUFG (Prop_bufg_I_O)         0.091    11.179 r  PL_i/processing_system7_0/inst/buffer_fclk_clk_0.FCLK_CLK_0_BUFG/O
                         net (fo=14014, routed)       1.533    12.712    PL_i/dbwfb2_97_bram_ctrl_0/inst/u_conv/u_delay/clk
    SLICE_X67Y82         FDCE                                         r  PL_i/dbwfb2_97_bram_ctrl_0/inst/u_conv/u_delay/x0_reg[3]/C
                         clock pessimism              0.229    12.941    
                         clock uncertainty           -0.154    12.787    
    SLICE_X67Y82         FDCE (Recov_fdce_C_CLR)     -0.405    12.382    PL_i/dbwfb2_97_bram_ctrl_0/inst/u_conv/u_delay/x0_reg[3]
  -------------------------------------------------------------------
                         required time                         12.382    
                         arrival time                          -9.397    
  -------------------------------------------------------------------
                         slack                                  2.985    

Slack (MET) :             2.985ns  (required time - arrival time)
  Source:                 PL_i/proc_sys_reset_0/U0/ACTIVE_LOW_BSR_OUT_DFF[0].FDRE_BSR_N/C
                            (rising edge-triggered cell FDRE clocked by clk_fpga_0  {rise@0.000ns fall@5.000ns period=10.000ns})
  Destination:            PL_i/dbwfb2_97_bram_ctrl_0/inst/xin_reg_reg[10]/CLR
                            (recovery check against rising-edge clock clk_fpga_0  {rise@0.000ns fall@5.000ns period=10.000ns})
  Path Group:             **async_default**
  Path Type:              Recovery (Max at Slow Process Corner)
  Requirement:            10.000ns  (clk_fpga_0 rise@10.000ns - clk_fpga_0 rise@0.000ns)
  Data Path Delay:        6.396ns  (logic 0.580ns (9.068%)  route 5.816ns (90.932%))
  Logic Levels:           1  (LUT1=1)
  Clock Path Skew:        -0.060ns (DCD - SCD + CPR)
    Destination Clock Delay (DCD):    2.712ns = ( 12.712 - 10.000 ) 
    Source Clock Delay      (SCD):    3.001ns
    Clock Pessimism Removal (CPR):    0.229ns
  Clock Uncertainty:      0.154ns  ((TSJ^2 + TIJ^2)^1/2 + DJ) / 2 + PE
    Total System Jitter     (TSJ):    0.071ns
    Total Input Jitter      (TIJ):    0.300ns
    Discrete Jitter          (DJ):    0.000ns
    Phase Error              (PE):    0.000ns

    Location             Delay type                Incr(ns)  Path(ns)    Netlist Resource(s)
  -------------------------------------------------------------------    -------------------
                         (clock clk_fpga_0 rise edge)
                                                      0.000     0.000 r  
    PS7_X0Y0             PS7                          0.000     0.000 r  PL_i/processing_system7_0/inst/PS7_i/FCLKCLK[0]
                         net (fo=1, routed)           1.193     1.193    PL_i/processing_system7_0/inst/FCLK_CLK_unbuffered[0]
    BUFGCTRL_X0Y16       BUFG (Prop_bufg_I_O)         0.101     1.294 r  PL_i/processing_system7_0/inst/buffer_fclk_clk_0.FCLK_CLK_0_BUFG/O
                         net (fo=14014, routed)       1.707     3.001    PL_i/proc_sys_reset_0/U0/slowest_sync_clk
    SLICE_X63Y84         FDRE                                         r  PL_i/proc_sys_reset_0/U0/ACTIVE_LOW_BSR_OUT_DFF[0].FDRE_BSR_N/C
  -------------------------------------------------------------------    -------------------
    SLICE_X63Y84         FDRE (Prop_fdre_C_Q)         0.456     3.457 r  PL_i/proc_sys_reset_0/U0/ACTIVE_LOW_BSR_OUT_DFF[0].FDRE_BSR_N/Q
                         net (fo=40, routed)          3.010     6.467    PL_i/dbwfb2_97_bram_ctrl_0/inst/u_conv/u_delay/rst_n
    SLICE_X94Y98         LUT1 (Prop_lut1_I0_O)        0.124     6.591 f  PL_i/dbwfb2_97_bram_ctrl_0/inst/u_conv/u_delay/done_i_2/O
                         net (fo=400, routed)         2.806     9.397    PL_i/dbwfb2_97_bram_ctrl_0/inst/u_conv_n_0
    SLICE_X67Y82         FDCE                                         f  PL_i/dbwfb2_97_bram_ctrl_0/inst/xin_reg_reg[10]/CLR
  -------------------------------------------------------------------    -------------------

                         (clock clk_fpga_0 rise edge)
                                                     10.000    10.000 r  
    PS7_X0Y0             PS7                          0.000    10.000 r  PL_i/processing_system7_0/inst/PS7_i/FCLKCLK[0]
                         net (fo=1, routed)           1.088    11.088    PL_i/processing_system7_0/inst/FCLK_CLK_unbuffered[0]
    BUFGCTRL_X0Y16       BUFG (Prop_bufg_I_O)         0.091    11.179 r  PL_i/processing_system7_0/inst/buffer_fclk_clk_0.FCLK_CLK_0_BUFG/O
                         net (fo=14014, routed)       1.533    12.712    PL_i/dbwfb2_97_bram_ctrl_0/inst/clk
    SLICE_X67Y82         FDCE                                         r  PL_i/dbwfb2_97_bram_ctrl_0/inst/xin_reg_reg[10]/C
                         clock pessimism              0.229    12.941    
                         clock uncertainty           -0.154    12.787    
    SLICE_X67Y82         FDCE (Recov_fdce_C_CLR)     -0.405    12.382    PL_i/dbwfb2_97_bram_ctrl_0/inst/xin_reg_reg[10]
  -------------------------------------------------------------------
                         required time                         12.382    
                         arrival time                          -9.397    
  -------------------------------------------------------------------
                         slack                                  2.985    

Slack (MET) :             2.985ns  (required time - arrival time)
  Source:                 PL_i/proc_sys_reset_0/U0/ACTIVE_LOW_BSR_OUT_DFF[0].FDRE_BSR_N/C
                            (rising edge-triggered cell FDRE clocked by clk_fpga_0  {rise@0.000ns fall@5.000ns period=10.000ns})
  Destination:            PL_i/dbwfb2_97_bram_ctrl_0/inst/xin_reg_reg[11]/CLR
                            (recovery check against rising-edge clock clk_fpga_0  {rise@0.000ns fall@5.000ns period=10.000ns})
  Path Group:             **async_default**
  Path Type:              Recovery (Max at Slow Process Corner)
  Requirement:            10.000ns  (clk_fpga_0 rise@10.000ns - clk_fpga_0 rise@0.000ns)
  Data Path Delay:        6.396ns  (logic 0.580ns (9.068%)  route 5.816ns (90.932%))
  Logic Levels:           1  (LUT1=1)
  Clock Path Skew:        -0.060ns (DCD - SCD + CPR)
    Destination Clock Delay (DCD):    2.712ns = ( 12.712 - 10.000 ) 
    Source Clock Delay      (SCD):    3.001ns
    Clock Pessimism Removal (CPR):    0.229ns
  Clock Uncertainty:      0.154ns  ((TSJ^2 + TIJ^2)^1/2 + DJ) / 2 + PE
    Total System Jitter     (TSJ):    0.071ns
    Total Input Jitter      (TIJ):    0.300ns
    Discrete Jitter          (DJ):    0.000ns
    Phase Error              (PE):    0.000ns

    Location             Delay type                Incr(ns)  Path(ns)    Netlist Resource(s)
  -------------------------------------------------------------------    -------------------
                         (clock clk_fpga_0 rise edge)
                                                      0.000     0.000 r  
    PS7_X0Y0             PS7                          0.000     0.000 r  PL_i/processing_system7_0/inst/PS7_i/FCLKCLK[0]
                         net (fo=1, routed)           1.193     1.193    PL_i/processing_system7_0/inst/FCLK_CLK_unbuffered[0]
    BUFGCTRL_X0Y16       BUFG (Prop_bufg_I_O)         0.101     1.294 r  PL_i/processing_system7_0/inst/buffer_fclk_clk_0.FCLK_CLK_0_BUFG/O
                         net (fo=14014, routed)       1.707     3.001    PL_i/proc_sys_reset_0/U0/slowest_sync_clk
    SLICE_X63Y84         FDRE                                         r  PL_i/proc_sys_reset_0/U0/ACTIVE_LOW_BSR_OUT_DFF[0].FDRE_BSR_N/C
  -------------------------------------------------------------------    -------------------
    SLICE_X63Y84         FDRE (Prop_fdre_C_Q)         0.456     3.457 r  PL_i/proc_sys_reset_0/U0/ACTIVE_LOW_BSR_OUT_DFF[0].FDRE_BSR_N/Q
                         net (fo=40, routed)          3.010     6.467    PL_i/dbwfb2_97_bram_ctrl_0/inst/u_conv/u_delay/rst_n
    SLICE_X94Y98         LUT1 (Prop_lut1_I0_O)        0.124     6.591 f  PL_i/dbwfb2_97_bram_ctrl_0/inst/u_conv/u_delay/done_i_2/O
                         net (fo=400, routed)         2.806     9.397    PL_i/dbwfb2_97_bram_ctrl_0/inst/u_conv_n_0
    SLICE_X67Y82         FDCE                                         f  PL_i/dbwfb2_97_bram_ctrl_0/inst/xin_reg_reg[11]/CLR
  -------------------------------------------------------------------    -------------------

                         (clock clk_fpga_0 rise edge)
                                                     10.000    10.000 r  
    PS7_X0Y0             PS7                          0.000    10.000 r  PL_i/processing_system7_0/inst/PS7_i/FCLKCLK[0]
                         net (fo=1, routed)           1.088    11.088    PL_i/processing_system7_0/inst/FCLK_CLK_unbuffered[0]
    BUFGCTRL_X0Y16       BUFG (Prop_bufg_I_O)         0.091    11.179 r  PL_i/processing_system7_0/inst/buffer_fclk_clk_0.FCLK_CLK_0_BUFG/O
                         net (fo=14014, routed)       1.533    12.712    PL_i/dbwfb2_97_bram_ctrl_0/inst/clk
    SLICE_X67Y82         FDCE                                         r  PL_i/dbwfb2_97_bram_ctrl_0/inst/xin_reg_reg[11]/C
                         clock pessimism              0.229    12.941    
                         clock uncertainty           -0.154    12.787    
    SLICE_X67Y82         FDCE (Recov_fdce_C_CLR)     -0.405    12.382    PL_i/dbwfb2_97_bram_ctrl_0/inst/xin_reg_reg[11]
  -------------------------------------------------------------------
                         required time                         12.382    
                         arrival time                          -9.397    
  -------------------------------------------------------------------
                         slack                                  2.985    

Slack (MET) :             2.985ns  (required time - arrival time)
  Source:                 PL_i/proc_sys_reset_0/U0/ACTIVE_LOW_BSR_OUT_DFF[0].FDRE_BSR_N/C
                            (rising edge-triggered cell FDRE clocked by clk_fpga_0  {rise@0.000ns fall@5.000ns period=10.000ns})
  Destination:            PL_i/dbwfb2_97_bram_ctrl_0/inst/xin_reg_reg[2]/CLR
                            (recovery check against rising-edge clock clk_fpga_0  {rise@0.000ns fall@5.000ns period=10.000ns})
  Path Group:             **async_default**
  Path Type:              Recovery (Max at Slow Process Corner)
  Requirement:            10.000ns  (clk_fpga_0 rise@10.000ns - clk_fpga_0 rise@0.000ns)
  Data Path Delay:        6.396ns  (logic 0.580ns (9.068%)  route 5.816ns (90.932%))
  Logic Levels:           1  (LUT1=1)
  Clock Path Skew:        -0.060ns (DCD - SCD + CPR)
    Destination Clock Delay (DCD):    2.712ns = ( 12.712 - 10.000 ) 
    Source Clock Delay      (SCD):    3.001ns
    Clock Pessimism Removal (CPR):    0.229ns
  Clock Uncertainty:      0.154ns  ((TSJ^2 + TIJ^2)^1/2 + DJ) / 2 + PE
    Total System Jitter     (TSJ):    0.071ns
    Total Input Jitter      (TIJ):    0.300ns
    Discrete Jitter          (DJ):    0.000ns
    Phase Error              (PE):    0.000ns

    Location             Delay type                Incr(ns)  Path(ns)    Netlist Resource(s)
  -------------------------------------------------------------------    -------------------
                         (clock clk_fpga_0 rise edge)
                                                      0.000     0.000 r  
    PS7_X0Y0             PS7                          0.000     0.000 r  PL_i/processing_system7_0/inst/PS7_i/FCLKCLK[0]
                         net (fo=1, routed)           1.193     1.193    PL_i/processing_system7_0/inst/FCLK_CLK_unbuffered[0]
    BUFGCTRL_X0Y16       BUFG (Prop_bufg_I_O)         0.101     1.294 r  PL_i/processing_system7_0/inst/buffer_fclk_clk_0.FCLK_CLK_0_BUFG/O
                         net (fo=14014, routed)       1.707     3.001    PL_i/proc_sys_reset_0/U0/slowest_sync_clk
    SLICE_X63Y84         FDRE                                         r  PL_i/proc_sys_reset_0/U0/ACTIVE_LOW_BSR_OUT_DFF[0].FDRE_BSR_N/C
  -------------------------------------------------------------------    -------------------
    SLICE_X63Y84         FDRE (Prop_fdre_C_Q)         0.456     3.457 r  PL_i/proc_sys_reset_0/U0/ACTIVE_LOW_BSR_OUT_DFF[0].FDRE_BSR_N/Q
                         net (fo=40, routed)          3.010     6.467    PL_i/dbwfb2_97_bram_ctrl_0/inst/u_conv/u_delay/rst_n
    SLICE_X94Y98         LUT1 (Prop_lut1_I0_O)        0.124     6.591 f  PL_i/dbwfb2_97_bram_ctrl_0/inst/u_conv/u_delay/done_i_2/O
                         net (fo=400, routed)         2.806     9.397    PL_i/dbwfb2_97_bram_ctrl_0/inst/u_conv_n_0
    SLICE_X67Y82         FDCE                                         f  PL_i/dbwfb2_97_bram_ctrl_0/inst/xin_reg_reg[2]/CLR
  -------------------------------------------------------------------    -------------------

                         (clock clk_fpga_0 rise edge)
                                                     10.000    10.000 r  
    PS7_X0Y0             PS7                          0.000    10.000 r  PL_i/processing_system7_0/inst/PS7_i/FCLKCLK[0]
                         net (fo=1, routed)           1.088    11.088    PL_i/processing_system7_0/inst/FCLK_CLK_unbuffered[0]
    BUFGCTRL_X0Y16       BUFG (Prop_bufg_I_O)         0.091    11.179 r  PL_i/processing_system7_0/inst/buffer_fclk_clk_0.FCLK_CLK_0_BUFG/O
                         net (fo=14014, routed)       1.533    12.712    PL_i/dbwfb2_97_bram_ctrl_0/inst/clk
    SLICE_X67Y82         FDCE                                         r  PL_i/dbwfb2_97_bram_ctrl_0/inst/xin_reg_reg[2]/C
                         clock pessimism              0.229    12.941    
                         clock uncertainty           -0.154    12.787    
    SLICE_X67Y82         FDCE (Recov_fdce_C_CLR)     -0.405    12.382    PL_i/dbwfb2_97_bram_ctrl_0/inst/xin_reg_reg[2]
  -------------------------------------------------------------------
                         required time                         12.382    
                         arrival time                          -9.397    
  -------------------------------------------------------------------
                         slack                                  2.985    

Slack (MET) :             2.985ns  (required time - arrival time)
  Source:                 PL_i/proc_sys_reset_0/U0/ACTIVE_LOW_BSR_OUT_DFF[0].FDRE_BSR_N/C
                            (rising edge-triggered cell FDRE clocked by clk_fpga_0  {rise@0.000ns fall@5.000ns period=10.000ns})
  Destination:            PL_i/dbwfb2_97_bram_ctrl_0/inst/xin_reg_reg[3]/CLR
                            (recovery check against rising-edge clock clk_fpga_0  {rise@0.000ns fall@5.000ns period=10.000ns})
  Path Group:             **async_default**
  Path Type:              Recovery (Max at Slow Process Corner)
  Requirement:            10.000ns  (clk_fpga_0 rise@10.000ns - clk_fpga_0 rise@0.000ns)
  Data Path Delay:        6.396ns  (logic 0.580ns (9.068%)  route 5.816ns (90.932%))
  Logic Levels:           1  (LUT1=1)
  Clock Path Skew:        -0.060ns (DCD - SCD + CPR)
    Destination Clock Delay (DCD):    2.712ns = ( 12.712 - 10.000 ) 
    Source Clock Delay      (SCD):    3.001ns
    Clock Pessimism Removal (CPR):    0.229ns
  Clock Uncertainty:      0.154ns  ((TSJ^2 + TIJ^2)^1/2 + DJ) / 2 + PE
    Total System Jitter     (TSJ):    0.071ns
    Total Input Jitter      (TIJ):    0.300ns
    Discrete Jitter          (DJ):    0.000ns
    Phase Error              (PE):    0.000ns

    Location             Delay type                Incr(ns)  Path(ns)    Netlist Resource(s)
  -------------------------------------------------------------------    -------------------
                         (clock clk_fpga_0 rise edge)
                                                      0.000     0.000 r  
    PS7_X0Y0             PS7                          0.000     0.000 r  PL_i/processing_system7_0/inst/PS7_i/FCLKCLK[0]
                         net (fo=1, routed)           1.193     1.193    PL_i/processing_system7_0/inst/FCLK_CLK_unbuffered[0]
    BUFGCTRL_X0Y16       BUFG (Prop_bufg_I_O)         0.101     1.294 r  PL_i/processing_system7_0/inst/buffer_fclk_clk_0.FCLK_CLK_0_BUFG/O
                         net (fo=14014, routed)       1.707     3.001    PL_i/proc_sys_reset_0/U0/slowest_sync_clk
    SLICE_X63Y84         FDRE                                         r  PL_i/proc_sys_reset_0/U0/ACTIVE_LOW_BSR_OUT_DFF[0].FDRE_BSR_N/C
  -------------------------------------------------------------------    -------------------
    SLICE_X63Y84         FDRE (Prop_fdre_C_Q)         0.456     3.457 r  PL_i/proc_sys_reset_0/U0/ACTIVE_LOW_BSR_OUT_DFF[0].FDRE_BSR_N/Q
                         net (fo=40, routed)          3.010     6.467    PL_i/dbwfb2_97_bram_ctrl_0/inst/u_conv/u_delay/rst_n
    SLICE_X94Y98         LUT1 (Prop_lut1_I0_O)        0.124     6.591 f  PL_i/dbwfb2_97_bram_ctrl_0/inst/u_conv/u_delay/done_i_2/O
                         net (fo=400, routed)         2.806     9.397    PL_i/dbwfb2_97_bram_ctrl_0/inst/u_conv_n_0
    SLICE_X67Y82         FDCE                                         f  PL_i/dbwfb2_97_bram_ctrl_0/inst/xin_reg_reg[3]/CLR
  -------------------------------------------------------------------    -------------------

                         (clock clk_fpga_0 rise edge)
                                                     10.000    10.000 r  
    PS7_X0Y0             PS7                          0.000    10.000 r  PL_i/processing_system7_0/inst/PS7_i/FCLKCLK[0]
                         net (fo=1, routed)           1.088    11.088    PL_i/processing_system7_0/inst/FCLK_CLK_unbuffered[0]
    BUFGCTRL_X0Y16       BUFG (Prop_bufg_I_O)         0.091    11.179 r  PL_i/processing_system7_0/inst/buffer_fclk_clk_0.FCLK_CLK_0_BUFG/O
                         net (fo=14014, routed)       1.533    12.712    PL_i/dbwfb2_97_bram_ctrl_0/inst/clk
    SLICE_X67Y82         FDCE                                         r  PL_i/dbwfb2_97_bram_ctrl_0/inst/xin_reg_reg[3]/C
                         clock pessimism              0.229    12.941    
                         clock uncertainty           -0.154    12.787    
    SLICE_X67Y82         FDCE (Recov_fdce_C_CLR)     -0.405    12.382    PL_i/dbwfb2_97_bram_ctrl_0/inst/xin_reg_reg[3]
  -------------------------------------------------------------------
                         required time                         12.382    
                         arrival time                          -9.397    
  -------------------------------------------------------------------
                         slack                                  2.985    





Min Delay Paths
--------------------------------------------------------------------------------------
Slack (MET) :             1.760ns  (arrival time - required time)
  Source:                 PL_i/proc_sys_reset_0/U0/ACTIVE_LOW_BSR_OUT_DFF[0].FDRE_BSR_N/C
                            (rising edge-triggered cell FDRE clocked by clk_fpga_0  {rise@0.000ns fall@5.000ns period=10.000ns})
  Destination:            PL_i/dbwfb2_97_bram_ctrl_0/inst/ob_addr_reg[12]/CLR
                            (removal check against rising-edge clock clk_fpga_0  {rise@0.000ns fall@5.000ns period=10.000ns})
  Path Group:             **async_default**
  Path Type:              Removal (Min at Fast Process Corner)
  Requirement:            0.000ns  (clk_fpga_0 rise@0.000ns - clk_fpga_0 rise@0.000ns)
  Data Path Delay:        1.760ns  (logic 0.186ns (10.566%)  route 1.574ns (89.434%))
  Logic Levels:           1  (LUT1=1)
  Clock Path Skew:        0.067ns (DCD - SCD - CPR)
    Destination Clock Delay (DCD):    1.242ns
    Source Clock Delay      (SCD):    0.911ns
    Clock Pessimism Removal (CPR):    0.264ns

    Location             Delay type                Incr(ns)  Path(ns)    Netlist Resource(s)
  -------------------------------------------------------------------    -------------------
                         (clock clk_fpga_0 rise edge)
                                                      0.000     0.000 r  
    PS7_X0Y0             PS7                          0.000     0.000 r  PL_i/processing_system7_0/inst/PS7_i/FCLKCLK[0]
                         net (fo=1, routed)           0.310     0.310    PL_i/processing_system7_0/inst/FCLK_CLK_unbuffered[0]
    BUFGCTRL_X0Y16       BUFG (Prop_bufg_I_O)         0.026     0.336 r  PL_i/processing_system7_0/inst/buffer_fclk_clk_0.FCLK_CLK_0_BUFG/O
                         net (fo=14014, routed)       0.575     0.911    PL_i/proc_sys_reset_0/U0/slowest_sync_clk
    SLICE_X63Y84         FDRE                                         r  PL_i/proc_sys_reset_0/U0/ACTIVE_LOW_BSR_OUT_DFF[0].FDRE_BSR_N/C
  -------------------------------------------------------------------    -------------------
    SLICE_X63Y84         FDRE (Prop_fdre_C_Q)         0.141     1.052 r  PL_i/proc_sys_reset_0/U0/ACTIVE_LOW_BSR_OUT_DFF[0].FDRE_BSR_N/Q
                         net (fo=40, routed)          1.305     2.357    PL_i/dbwfb2_97_bram_ctrl_0/inst/u_conv/u_delay/rst_n
    SLICE_X94Y98         LUT1 (Prop_lut1_I0_O)        0.045     2.402 f  PL_i/dbwfb2_97_bram_ctrl_0/inst/u_conv/u_delay/done_i_2/O
                         net (fo=400, routed)         0.269     2.671    PL_i/dbwfb2_97_bram_ctrl_0/inst/u_conv_n_0
    SLICE_X90Y96         FDCE                                         f  PL_i/dbwfb2_97_bram_ctrl_0/inst/ob_addr_reg[12]/CLR
  -------------------------------------------------------------------    -------------------

                         (clock clk_fpga_0 rise edge)
                                                      0.000     0.000 r  
    PS7_X0Y0             PS7                          0.000     0.000 r  PL_i/processing_system7_0/inst/PS7_i/FCLKCLK[0]
                         net (fo=1, routed)           0.337     0.337    PL_i/processing_system7_0/inst/FCLK_CLK_unbuffered[0]
    BUFGCTRL_X0Y16       BUFG (Prop_bufg_I_O)         0.029     0.366 r  PL_i/processing_system7_0/inst/buffer_fclk_clk_0.FCLK_CLK_0_BUFG/O
                         net (fo=14014, routed)       0.876     1.242    PL_i/dbwfb2_97_bram_ctrl_0/inst/clk
    SLICE_X90Y96         FDCE                                         r  PL_i/dbwfb2_97_bram_ctrl_0/inst/ob_addr_reg[12]/C
                         clock pessimism             -0.264     0.978    
    SLICE_X90Y96         FDCE (Remov_fdce_C_CLR)     -0.067     0.911    PL_i/dbwfb2_97_bram_ctrl_0/inst/ob_addr_reg[12]
  -------------------------------------------------------------------
                         required time                         -0.911    
                         arrival time                           2.671    
  -------------------------------------------------------------------
                         slack                                  1.760    

Slack (MET) :             1.760ns  (arrival time - required time)
  Source:                 PL_i/proc_sys_reset_0/U0/ACTIVE_LOW_BSR_OUT_DFF[0].FDRE_BSR_N/C
                            (rising edge-triggered cell FDRE clocked by clk_fpga_0  {rise@0.000ns fall@5.000ns period=10.000ns})
  Destination:            PL_i/dbwfb2_97_bram_ctrl_0/inst/ob_addr_reg[13]/CLR
                            (removal check against rising-edge clock clk_fpga_0  {rise@0.000ns fall@5.000ns period=10.000ns})
  Path Group:             **async_default**
  Path Type:              Removal (Min at Fast Process Corner)
  Requirement:            0.000ns  (clk_fpga_0 rise@0.000ns - clk_fpga_0 rise@0.000ns)
  Data Path Delay:        1.760ns  (logic 0.186ns (10.566%)  route 1.574ns (89.434%))
  Logic Levels:           1  (LUT1=1)
  Clock Path Skew:        0.067ns (DCD - SCD - CPR)
    Destination Clock Delay (DCD):    1.242ns
    Source Clock Delay      (SCD):    0.911ns
    Clock Pessimism Removal (CPR):    0.264ns

    Location             Delay type                Incr(ns)  Path(ns)    Netlist Resource(s)
  -------------------------------------------------------------------    -------------------
                         (clock clk_fpga_0 rise edge)
                                                      0.000     0.000 r  
    PS7_X0Y0             PS7                          0.000     0.000 r  PL_i/processing_system7_0/inst/PS7_i/FCLKCLK[0]
                         net (fo=1, routed)           0.310     0.310    PL_i/processing_system7_0/inst/FCLK_CLK_unbuffered[0]
    BUFGCTRL_X0Y16       BUFG (Prop_bufg_I_O)         0.026     0.336 r  PL_i/processing_system7_0/inst/buffer_fclk_clk_0.FCLK_CLK_0_BUFG/O
                         net (fo=14014, routed)       0.575     0.911    PL_i/proc_sys_reset_0/U0/slowest_sync_clk
    SLICE_X63Y84         FDRE                                         r  PL_i/proc_sys_reset_0/U0/ACTIVE_LOW_BSR_OUT_DFF[0].FDRE_BSR_N/C
  -------------------------------------------------------------------    -------------------
    SLICE_X63Y84         FDRE (Prop_fdre_C_Q)         0.141     1.052 r  PL_i/proc_sys_reset_0/U0/ACTIVE_LOW_BSR_OUT_DFF[0].FDRE_BSR_N/Q
                         net (fo=40, routed)          1.305     2.357    PL_i/dbwfb2_97_bram_ctrl_0/inst/u_conv/u_delay/rst_n
    SLICE_X94Y98         LUT1 (Prop_lut1_I0_O)        0.045     2.402 f  PL_i/dbwfb2_97_bram_ctrl_0/inst/u_conv/u_delay/done_i_2/O
                         net (fo=400, routed)         0.269     2.671    PL_i/dbwfb2_97_bram_ctrl_0/inst/u_conv_n_0
    SLICE_X90Y96         FDCE                                         f  PL_i/dbwfb2_97_bram_ctrl_0/inst/ob_addr_reg[13]/CLR
  -------------------------------------------------------------------    -------------------

                         (clock clk_fpga_0 rise edge)
                                                      0.000     0.000 r  
    PS7_X0Y0             PS7                          0.000     0.000 r  PL_i/processing_system7_0/inst/PS7_i/FCLKCLK[0]
                         net (fo=1, routed)           0.337     0.337    PL_i/processing_system7_0/inst/FCLK_CLK_unbuffered[0]
    BUFGCTRL_X0Y16       BUFG (Prop_bufg_I_O)         0.029     0.366 r  PL_i/processing_system7_0/inst/buffer_fclk_clk_0.FCLK_CLK_0_BUFG/O
                         net (fo=14014, routed)       0.876     1.242    PL_i/dbwfb2_97_bram_ctrl_0/inst/clk
    SLICE_X90Y96         FDCE                                         r  PL_i/dbwfb2_97_bram_ctrl_0/inst/ob_addr_reg[13]/C
                         clock pessimism             -0.264     0.978    
    SLICE_X90Y96         FDCE (Remov_fdce_C_CLR)     -0.067     0.911    PL_i/dbwfb2_97_bram_ctrl_0/inst/ob_addr_reg[13]
  -------------------------------------------------------------------
                         required time                         -0.911    
                         arrival time                           2.671    
  -------------------------------------------------------------------
                         slack                                  1.760    

Slack (MET) :             1.842ns  (arrival time - required time)
  Source:                 PL_i/proc_sys_reset_0/U0/ACTIVE_LOW_BSR_OUT_DFF[0].FDRE_BSR_N/C
                            (rising edge-triggered cell FDRE clocked by clk_fpga_0  {rise@0.000ns fall@5.000ns period=10.000ns})
  Destination:            PL_i/dbwfb2_97_bram_ctrl_0/inst/ob_addr_reg[2]/CLR
                            (removal check against rising-edge clock clk_fpga_0  {rise@0.000ns fall@5.000ns period=10.000ns})
  Path Group:             **async_default**
  Path Type:              Removal (Min at Fast Process Corner)
  Requirement:            0.000ns  (clk_fpga_0 rise@0.000ns - clk_fpga_0 rise@0.000ns)
  Data Path Delay:        1.842ns  (logic 0.186ns (10.097%)  route 1.656ns (89.903%))
  Logic Levels:           1  (LUT1=1)
  Clock Path Skew:        0.067ns (DCD - SCD - CPR)
    Destination Clock Delay (DCD):    1.242ns
    Source Clock Delay      (SCD):    0.911ns
    Clock Pessimism Removal (CPR):    0.264ns

    Location             Delay type                Incr(ns)  Path(ns)    Netlist Resource(s)
  -------------------------------------------------------------------    -------------------
                         (clock clk_fpga_0 rise edge)
                                                      0.000     0.000 r  
    PS7_X0Y0             PS7                          0.000     0.000 r  PL_i/processing_system7_0/inst/PS7_i/FCLKCLK[0]
                         net (fo=1, routed)           0.310     0.310    PL_i/processing_system7_0/inst/FCLK_CLK_unbuffered[0]
    BUFGCTRL_X0Y16       BUFG (Prop_bufg_I_O)         0.026     0.336 r  PL_i/processing_system7_0/inst/buffer_fclk_clk_0.FCLK_CLK_0_BUFG/O
                         net (fo=14014, routed)       0.575     0.911    PL_i/proc_sys_reset_0/U0/slowest_sync_clk
    SLICE_X63Y84         FDRE                                         r  PL_i/proc_sys_reset_0/U0/ACTIVE_LOW_BSR_OUT_DFF[0].FDRE_BSR_N/C
  -------------------------------------------------------------------    -------------------
    SLICE_X63Y84         FDRE (Prop_fdre_C_Q)         0.141     1.052 r  PL_i/proc_sys_reset_0/U0/ACTIVE_LOW_BSR_OUT_DFF[0].FDRE_BSR_N/Q
                         net (fo=40, routed)          1.305     2.357    PL_i/dbwfb2_97_bram_ctrl_0/inst/u_conv/u_delay/rst_n
    SLICE_X94Y98         LUT1 (Prop_lut1_I0_O)        0.045     2.402 f  PL_i/dbwfb2_97_bram_ctrl_0/inst/u_conv/u_delay/done_i_2/O
                         net (fo=400, routed)         0.351     2.753    PL_i/dbwfb2_97_bram_ctrl_0/inst/u_conv_n_0
    SLICE_X90Y95         FDCE                                         f  PL_i/dbwfb2_97_bram_ctrl_0/inst/ob_addr_reg[2]/CLR
  -------------------------------------------------------------------    -------------------

                         (clock clk_fpga_0 rise edge)
                                                      0.000     0.000 r  
    PS7_X0Y0             PS7                          0.000     0.000 r  PL_i/processing_system7_0/inst/PS7_i/FCLKCLK[0]
                         net (fo=1, routed)           0.337     0.337    PL_i/processing_system7_0/inst/FCLK_CLK_unbuffered[0]
    BUFGCTRL_X0Y16       BUFG (Prop_bufg_I_O)         0.029     0.366 r  PL_i/processing_system7_0/inst/buffer_fclk_clk_0.FCLK_CLK_0_BUFG/O
                         net (fo=14014, routed)       0.876     1.242    PL_i/dbwfb2_97_bram_ctrl_0/inst/clk
    SLICE_X90Y95         FDCE                                         r  PL_i/dbwfb2_97_bram_ctrl_0/inst/ob_addr_reg[2]/C
                         clock pessimism             -0.264     0.978    
    SLICE_X90Y95         FDCE (Remov_fdce_C_CLR)     -0.067     0.911    PL_i/dbwfb2_97_bram_ctrl_0/inst/ob_addr_reg[2]
  -------------------------------------------------------------------
                         required time                         -0.911    
                         arrival time                           2.753    
  -------------------------------------------------------------------
                         slack                                  1.842    

Slack (MET) :             1.842ns  (arrival time - required time)
  Source:                 PL_i/proc_sys_reset_0/U0/ACTIVE_LOW_BSR_OUT_DFF[0].FDRE_BSR_N/C
                            (rising edge-triggered cell FDRE clocked by clk_fpga_0  {rise@0.000ns fall@5.000ns period=10.000ns})
  Destination:            PL_i/dbwfb2_97_bram_ctrl_0/inst/ob_addr_reg[3]/CLR
                            (removal check against rising-edge clock clk_fpga_0  {rise@0.000ns fall@5.000ns period=10.000ns})
  Path Group:             **async_default**
  Path Type:              Removal (Min at Fast Process Corner)
  Requirement:            0.000ns  (clk_fpga_0 rise@0.000ns - clk_fpga_0 rise@0.000ns)
  Data Path Delay:        1.842ns  (logic 0.186ns (10.097%)  route 1.656ns (89.903%))
  Logic Levels:           1  (LUT1=1)
  Clock Path Skew:        0.067ns (DCD - SCD - CPR)
    Destination Clock Delay (DCD):    1.242ns
    Source Clock Delay      (SCD):    0.911ns
    Clock Pessimism Removal (CPR):    0.264ns

    Location             Delay type                Incr(ns)  Path(ns)    Netlist Resource(s)
  -------------------------------------------------------------------    -------------------
                         (clock clk_fpga_0 rise edge)
                                                      0.000     0.000 r  
    PS7_X0Y0             PS7                          0.000     0.000 r  PL_i/processing_system7_0/inst/PS7_i/FCLKCLK[0]
                         net (fo=1, routed)           0.310     0.310    PL_i/processing_system7_0/inst/FCLK_CLK_unbuffered[0]
    BUFGCTRL_X0Y16       BUFG (Prop_bufg_I_O)         0.026     0.336 r  PL_i/processing_system7_0/inst/buffer_fclk_clk_0.FCLK_CLK_0_BUFG/O
                         net (fo=14014, routed)       0.575     0.911    PL_i/proc_sys_reset_0/U0/slowest_sync_clk
    SLICE_X63Y84         FDRE                                         r  PL_i/proc_sys_reset_0/U0/ACTIVE_LOW_BSR_OUT_DFF[0].FDRE_BSR_N/C
  -------------------------------------------------------------------    -------------------
    SLICE_X63Y84         FDRE (Prop_fdre_C_Q)         0.141     1.052 r  PL_i/proc_sys_reset_0/U0/ACTIVE_LOW_BSR_OUT_DFF[0].FDRE_BSR_N/Q
                         net (fo=40, routed)          1.305     2.357    PL_i/dbwfb2_97_bram_ctrl_0/inst/u_conv/u_delay/rst_n
    SLICE_X94Y98         LUT1 (Prop_lut1_I0_O)        0.045     2.402 f  PL_i/dbwfb2_97_bram_ctrl_0/inst/u_conv/u_delay/done_i_2/O
                         net (fo=400, routed)         0.351     2.753    PL_i/dbwfb2_97_bram_ctrl_0/inst/u_conv_n_0
    SLICE_X90Y95         FDCE                                         f  PL_i/dbwfb2_97_bram_ctrl_0/inst/ob_addr_reg[3]/CLR
  -------------------------------------------------------------------    -------------------

                         (clock clk_fpga_0 rise edge)
                                                      0.000     0.000 r  
    PS7_X0Y0             PS7                          0.000     0.000 r  PL_i/processing_system7_0/inst/PS7_i/FCLKCLK[0]
                         net (fo=1, routed)           0.337     0.337    PL_i/processing_system7_0/inst/FCLK_CLK_unbuffered[0]
    BUFGCTRL_X0Y16       BUFG (Prop_bufg_I_O)         0.029     0.366 r  PL_i/processing_system7_0/inst/buffer_fclk_clk_0.FCLK_CLK_0_BUFG/O
                         net (fo=14014, routed)       0.876     1.242    PL_i/dbwfb2_97_bram_ctrl_0/inst/clk
    SLICE_X90Y95         FDCE                                         r  PL_i/dbwfb2_97_bram_ctrl_0/inst/ob_addr_reg[3]/C
                         clock pessimism             -0.264     0.978    
    SLICE_X90Y95         FDCE (Remov_fdce_C_CLR)     -0.067     0.911    PL_i/dbwfb2_97_bram_ctrl_0/inst/ob_addr_reg[3]
  -------------------------------------------------------------------
                         required time                         -0.911    
                         arrival time                           2.753    
  -------------------------------------------------------------------
                         slack                                  1.842    

Slack (MET) :             1.842ns  (arrival time - required time)
  Source:                 PL_i/proc_sys_reset_0/U0/ACTIVE_LOW_BSR_OUT_DFF[0].FDRE_BSR_N/C
                            (rising edge-triggered cell FDRE clocked by clk_fpga_0  {rise@0.000ns fall@5.000ns period=10.000ns})
  Destination:            PL_i/dbwfb2_97_bram_ctrl_0/inst/ob_addr_reg[4]/CLR
                            (removal check against rising-edge clock clk_fpga_0  {rise@0.000ns fall@5.000ns period=10.000ns})
  Path Group:             **async_default**
  Path Type:              Removal (Min at Fast Process Corner)
  Requirement:            0.000ns  (clk_fpga_0 rise@0.000ns - clk_fpga_0 rise@0.000ns)
  Data Path Delay:        1.842ns  (logic 0.186ns (10.097%)  route 1.656ns (89.903%))
  Logic Levels:           1  (LUT1=1)
  Clock Path Skew:        0.067ns (DCD - SCD - CPR)
    Destination Clock Delay (DCD):    1.242ns
    Source Clock Delay      (SCD):    0.911ns
    Clock Pessimism Removal (CPR):    0.264ns

    Location             Delay type                Incr(ns)  Path(ns)    Netlist Resource(s)
  -------------------------------------------------------------------    -------------------
                         (clock clk_fpga_0 rise edge)
                                                      0.000     0.000 r  
    PS7_X0Y0             PS7                          0.000     0.000 r  PL_i/processing_system7_0/inst/PS7_i/FCLKCLK[0]
                         net (fo=1, routed)           0.310     0.310    PL_i/processing_system7_0/inst/FCLK_CLK_unbuffered[0]
    BUFGCTRL_X0Y16       BUFG (Prop_bufg_I_O)         0.026     0.336 r  PL_i/processing_system7_0/inst/buffer_fclk_clk_0.FCLK_CLK_0_BUFG/O
                         net (fo=14014, routed)       0.575     0.911    PL_i/proc_sys_reset_0/U0/slowest_sync_clk
    SLICE_X63Y84         FDRE                                         r  PL_i/proc_sys_reset_0/U0/ACTIVE_LOW_BSR_OUT_DFF[0].FDRE_BSR_N/C
  -------------------------------------------------------------------    -------------------
    SLICE_X63Y84         FDRE (Prop_fdre_C_Q)         0.141     1.052 r  PL_i/proc_sys_reset_0/U0/ACTIVE_LOW_BSR_OUT_DFF[0].FDRE_BSR_N/Q
                         net (fo=40, routed)          1.305     2.357    PL_i/dbwfb2_97_bram_ctrl_0/inst/u_conv/u_delay/rst_n
    SLICE_X94Y98         LUT1 (Prop_lut1_I0_O)        0.045     2.402 f  PL_i/dbwfb2_97_bram_ctrl_0/inst/u_conv/u_delay/done_i_2/O
                         net (fo=400, routed)         0.351     2.753    PL_i/dbwfb2_97_bram_ctrl_0/inst/u_conv_n_0
    SLICE_X90Y95         FDCE                                         f  PL_i/dbwfb2_97_bram_ctrl_0/inst/ob_addr_reg[4]/CLR
  -------------------------------------------------------------------    -------------------

                         (clock clk_fpga_0 rise edge)
                                                      0.000     0.000 r  
    PS7_X0Y0             PS7                          0.000     0.000 r  PL_i/processing_system7_0/inst/PS7_i/FCLKCLK[0]
                         net (fo=1, routed)           0.337     0.337    PL_i/processing_system7_0/inst/FCLK_CLK_unbuffered[0]
    BUFGCTRL_X0Y16       BUFG (Prop_bufg_I_O)         0.029     0.366 r  PL_i/processing_system7_0/inst/buffer_fclk_clk_0.FCLK_CLK_0_BUFG/O
                         net (fo=14014, routed)       0.876     1.242    PL_i/dbwfb2_97_bram_ctrl_0/inst/clk
    SLICE_X90Y95         FDCE                                         r  PL_i/dbwfb2_97_bram_ctrl_0/inst/ob_addr_reg[4]/C
                         clock pessimism             -0.264     0.978    
    SLICE_X90Y95         FDCE (Remov_fdce_C_CLR)     -0.067     0.911    PL_i/dbwfb2_97_bram_ctrl_0/inst/ob_addr_reg[4]
  -------------------------------------------------------------------
                         required time                         -0.911    
                         arrival time                           2.753    
  -------------------------------------------------------------------
                         slack                                  1.842    

Slack (MET) :             1.842ns  (arrival time - required time)
  Source:                 PL_i/proc_sys_reset_0/U0/ACTIVE_LOW_BSR_OUT_DFF[0].FDRE_BSR_N/C
                            (rising edge-triggered cell FDRE clocked by clk_fpga_0  {rise@0.000ns fall@5.000ns period=10.000ns})
  Destination:            PL_i/dbwfb2_97_bram_ctrl_0/inst/ob_addr_reg[5]/CLR
                            (removal check against rising-edge clock clk_fpga_0  {rise@0.000ns fall@5.000ns period=10.000ns})
  Path Group:             **async_default**
  Path Type:              Removal (Min at Fast Process Corner)
  Requirement:            0.000ns  (clk_fpga_0 rise@0.000ns - clk_fpga_0 rise@0.000ns)
  Data Path Delay:        1.842ns  (logic 0.186ns (10.097%)  route 1.656ns (89.903%))
  Logic Levels:           1  (LUT1=1)
  Clock Path Skew:        0.067ns (DCD - SCD - CPR)
    Destination Clock Delay (DCD):    1.242ns
    Source Clock Delay      (SCD):    0.911ns
    Clock Pessimism Removal (CPR):    0.264ns

    Location             Delay type                Incr(ns)  Path(ns)    Netlist Resource(s)
  -------------------------------------------------------------------    -------------------
                         (clock clk_fpga_0 rise edge)
                                                      0.000     0.000 r  
    PS7_X0Y0             PS7                          0.000     0.000 r  PL_i/processing_system7_0/inst/PS7_i/FCLKCLK[0]
                         net (fo=1, routed)           0.310     0.310    PL_i/processing_system7_0/inst/FCLK_CLK_unbuffered[0]
    BUFGCTRL_X0Y16       BUFG (Prop_bufg_I_O)         0.026     0.336 r  PL_i/processing_system7_0/inst/buffer_fclk_clk_0.FCLK_CLK_0_BUFG/O
                         net (fo=14014, routed)       0.575     0.911    PL_i/proc_sys_reset_0/U0/slowest_sync_clk
    SLICE_X63Y84         FDRE                                         r  PL_i/proc_sys_reset_0/U0/ACTIVE_LOW_BSR_OUT_DFF[0].FDRE_BSR_N/C
  -------------------------------------------------------------------    -------------------
    SLICE_X63Y84         FDRE (Prop_fdre_C_Q)         0.141     1.052 r  PL_i/proc_sys_reset_0/U0/ACTIVE_LOW_BSR_OUT_DFF[0].FDRE_BSR_N/Q
                         net (fo=40, routed)          1.305     2.357    PL_i/dbwfb2_97_bram_ctrl_0/inst/u_conv/u_delay/rst_n
    SLICE_X94Y98         LUT1 (Prop_lut1_I0_O)        0.045     2.402 f  PL_i/dbwfb2_97_bram_ctrl_0/inst/u_conv/u_delay/done_i_2/O
                         net (fo=400, routed)         0.351     2.753    PL_i/dbwfb2_97_bram_ctrl_0/inst/u_conv_n_0
    SLICE_X90Y95         FDCE                                         f  PL_i/dbwfb2_97_bram_ctrl_0/inst/ob_addr_reg[5]/CLR
  -------------------------------------------------------------------    -------------------

                         (clock clk_fpga_0 rise edge)
                                                      0.000     0.000 r  
    PS7_X0Y0             PS7                          0.000     0.000 r  PL_i/processing_system7_0/inst/PS7_i/FCLKCLK[0]
                         net (fo=1, routed)           0.337     0.337    PL_i/processing_system7_0/inst/FCLK_CLK_unbuffered[0]
    BUFGCTRL_X0Y16       BUFG (Prop_bufg_I_O)         0.029     0.366 r  PL_i/processing_system7_0/inst/buffer_fclk_clk_0.FCLK_CLK_0_BUFG/O
                         net (fo=14014, routed)       0.876     1.242    PL_i/dbwfb2_97_bram_ctrl_0/inst/clk
    SLICE_X90Y95         FDCE                                         r  PL_i/dbwfb2_97_bram_ctrl_0/inst/ob_addr_reg[5]/C
                         clock pessimism             -0.264     0.978    
    SLICE_X90Y95         FDCE (Remov_fdce_C_CLR)     -0.067     0.911    PL_i/dbwfb2_97_bram_ctrl_0/inst/ob_addr_reg[5]
  -------------------------------------------------------------------
                         required time                         -0.911    
                         arrival time                           2.753    
  -------------------------------------------------------------------
                         slack                                  1.842    

Slack (MET) :             1.842ns  (arrival time - required time)
  Source:                 PL_i/proc_sys_reset_0/U0/ACTIVE_LOW_BSR_OUT_DFF[0].FDRE_BSR_N/C
                            (rising edge-triggered cell FDRE clocked by clk_fpga_0  {rise@0.000ns fall@5.000ns period=10.000ns})
  Destination:            PL_i/dbwfb2_97_bram_ctrl_0/inst/ob_addr_reg[8]/CLR
                            (removal check against rising-edge clock clk_fpga_0  {rise@0.000ns fall@5.000ns period=10.000ns})
  Path Group:             **async_default**
  Path Type:              Removal (Min at Fast Process Corner)
  Requirement:            0.000ns  (clk_fpga_0 rise@0.000ns - clk_fpga_0 rise@0.000ns)
  Data Path Delay:        1.842ns  (logic 0.186ns (10.097%)  route 1.656ns (89.903%))
  Logic Levels:           1  (LUT1=1)
  Clock Path Skew:        0.067ns (DCD - SCD - CPR)
    Destination Clock Delay (DCD):    1.242ns
    Source Clock Delay      (SCD):    0.911ns
    Clock Pessimism Removal (CPR):    0.264ns

    Location             Delay type                Incr(ns)  Path(ns)    Netlist Resource(s)
  -------------------------------------------------------------------    -------------------
                         (clock clk_fpga_0 rise edge)
                                                      0.000     0.000 r  
    PS7_X0Y0             PS7                          0.000     0.000 r  PL_i/processing_system7_0/inst/PS7_i/FCLKCLK[0]
                         net (fo=1, routed)           0.310     0.310    PL_i/processing_system7_0/inst/FCLK_CLK_unbuffered[0]
    BUFGCTRL_X0Y16       BUFG (Prop_bufg_I_O)         0.026     0.336 r  PL_i/processing_system7_0/inst/buffer_fclk_clk_0.FCLK_CLK_0_BUFG/O
                         net (fo=14014, routed)       0.575     0.911    PL_i/proc_sys_reset_0/U0/slowest_sync_clk
    SLICE_X63Y84         FDRE                                         r  PL_i/proc_sys_reset_0/U0/ACTIVE_LOW_BSR_OUT_DFF[0].FDRE_BSR_N/C
  -------------------------------------------------------------------    -------------------
    SLICE_X63Y84         FDRE (Prop_fdre_C_Q)         0.141     1.052 r  PL_i/proc_sys_reset_0/U0/ACTIVE_LOW_BSR_OUT_DFF[0].FDRE_BSR_N/Q
                         net (fo=40, routed)          1.305     2.357    PL_i/dbwfb2_97_bram_ctrl_0/inst/u_conv/u_delay/rst_n
    SLICE_X94Y98         LUT1 (Prop_lut1_I0_O)        0.045     2.402 f  PL_i/dbwfb2_97_bram_ctrl_0/inst/u_conv/u_delay/done_i_2/O
                         net (fo=400, routed)         0.351     2.753    PL_i/dbwfb2_97_bram_ctrl_0/inst/u_conv_n_0
    SLICE_X90Y95         FDCE                                         f  PL_i/dbwfb2_97_bram_ctrl_0/inst/ob_addr_reg[8]/CLR
  -------------------------------------------------------------------    -------------------

                         (clock clk_fpga_0 rise edge)
                                                      0.000     0.000 r  
    PS7_X0Y0             PS7                          0.000     0.000 r  PL_i/processing_system7_0/inst/PS7_i/FCLKCLK[0]
                         net (fo=1, routed)           0.337     0.337    PL_i/processing_system7_0/inst/FCLK_CLK_unbuffered[0]
    BUFGCTRL_X0Y16       BUFG (Prop_bufg_I_O)         0.029     0.366 r  PL_i/processing_system7_0/inst/buffer_fclk_clk_0.FCLK_CLK_0_BUFG/O
                         net (fo=14014, routed)       0.876     1.242    PL_i/dbwfb2_97_bram_ctrl_0/inst/clk
    SLICE_X90Y95         FDCE                                         r  PL_i/dbwfb2_97_bram_ctrl_0/inst/ob_addr_reg[8]/C
                         clock pessimism             -0.264     0.978    
    SLICE_X90Y95         FDCE (Remov_fdce_C_CLR)     -0.067     0.911    PL_i/dbwfb2_97_bram_ctrl_0/inst/ob_addr_reg[8]
  -------------------------------------------------------------------
                         required time                         -0.911    
                         arrival time                           2.753    
  -------------------------------------------------------------------
                         slack                                  1.842    

Slack (MET) :             1.842ns  (arrival time - required time)
  Source:                 PL_i/proc_sys_reset_0/U0/ACTIVE_LOW_BSR_OUT_DFF[0].FDRE_BSR_N/C
                            (rising edge-triggered cell FDRE clocked by clk_fpga_0  {rise@0.000ns fall@5.000ns period=10.000ns})
  Destination:            PL_i/dbwfb2_97_bram_ctrl_0/inst/ob_addr_reg[9]/CLR
                            (removal check against rising-edge clock clk_fpga_0  {rise@0.000ns fall@5.000ns period=10.000ns})
  Path Group:             **async_default**
  Path Type:              Removal (Min at Fast Process Corner)
  Requirement:            0.000ns  (clk_fpga_0 rise@0.000ns - clk_fpga_0 rise@0.000ns)
  Data Path Delay:        1.842ns  (logic 0.186ns (10.097%)  route 1.656ns (89.903%))
  Logic Levels:           1  (LUT1=1)
  Clock Path Skew:        0.067ns (DCD - SCD - CPR)
    Destination Clock Delay (DCD):    1.242ns
    Source Clock Delay      (SCD):    0.911ns
    Clock Pessimism Removal (CPR):    0.264ns

    Location             Delay type                Incr(ns)  Path(ns)    Netlist Resource(s)
  -------------------------------------------------------------------    -------------------
                         (clock clk_fpga_0 rise edge)
                                                      0.000     0.000 r  
    PS7_X0Y0             PS7                          0.000     0.000 r  PL_i/processing_system7_0/inst/PS7_i/FCLKCLK[0]
                         net (fo=1, routed)           0.310     0.310    PL_i/processing_system7_0/inst/FCLK_CLK_unbuffered[0]
    BUFGCTRL_X0Y16       BUFG (Prop_bufg_I_O)         0.026     0.336 r  PL_i/processing_system7_0/inst/buffer_fclk_clk_0.FCLK_CLK_0_BUFG/O
                         net (fo=14014, routed)       0.575     0.911    PL_i/proc_sys_reset_0/U0/slowest_sync_clk
    SLICE_X63Y84         FDRE                                         r  PL_i/proc_sys_reset_0/U0/ACTIVE_LOW_BSR_OUT_DFF[0].FDRE_BSR_N/C
  -------------------------------------------------------------------    -------------------
    SLICE_X63Y84         FDRE (Prop_fdre_C_Q)         0.141     1.052 r  PL_i/proc_sys_reset_0/U0/ACTIVE_LOW_BSR_OUT_DFF[0].FDRE_BSR_N/Q
                         net (fo=40, routed)          1.305     2.357    PL_i/dbwfb2_97_bram_ctrl_0/inst/u_conv/u_delay/rst_n
    SLICE_X94Y98         LUT1 (Prop_lut1_I0_O)        0.045     2.402 f  PL_i/dbwfb2_97_bram_ctrl_0/inst/u_conv/u_delay/done_i_2/O
                         net (fo=400, routed)         0.351     2.753    PL_i/dbwfb2_97_bram_ctrl_0/inst/u_conv_n_0
    SLICE_X90Y95         FDCE                                         f  PL_i/dbwfb2_97_bram_ctrl_0/inst/ob_addr_reg[9]/CLR
  -------------------------------------------------------------------    -------------------

                         (clock clk_fpga_0 rise edge)
                                                      0.000     0.000 r  
    PS7_X0Y0             PS7                          0.000     0.000 r  PL_i/processing_system7_0/inst/PS7_i/FCLKCLK[0]
                         net (fo=1, routed)           0.337     0.337    PL_i/processing_system7_0/inst/FCLK_CLK_unbuffered[0]
    BUFGCTRL_X0Y16       BUFG (Prop_bufg_I_O)         0.029     0.366 r  PL_i/processing_system7_0/inst/buffer_fclk_clk_0.FCLK_CLK_0_BUFG/O
                         net (fo=14014, routed)       0.876     1.242    PL_i/dbwfb2_97_bram_ctrl_0/inst/clk
    SLICE_X90Y95         FDCE                                         r  PL_i/dbwfb2_97_bram_ctrl_0/inst/ob_addr_reg[9]/C
                         clock pessimism             -0.264     0.978    
    SLICE_X90Y95         FDCE (Remov_fdce_C_CLR)     -0.067     0.911    PL_i/dbwfb2_97_bram_ctrl_0/inst/ob_addr_reg[9]
  -------------------------------------------------------------------
                         required time                         -0.911    
                         arrival time                           2.753    
  -------------------------------------------------------------------
                         slack                                  1.842    

Slack (MET) :             1.842ns  (arrival time - required time)
  Source:                 PL_i/proc_sys_reset_0/U0/ACTIVE_LOW_BSR_OUT_DFF[0].FDRE_BSR_N/C
                            (rising edge-triggered cell FDRE clocked by clk_fpga_0  {rise@0.000ns fall@5.000ns period=10.000ns})
  Destination:            PL_i/dbwfb2_97_bram_ctrl_0/inst/wr_cnt_reg[10]/CLR
                            (removal check against rising-edge clock clk_fpga_0  {rise@0.000ns fall@5.000ns period=10.000ns})
  Path Group:             **async_default**
  Path Type:              Removal (Min at Fast Process Corner)
  Requirement:            0.000ns  (clk_fpga_0 rise@0.000ns - clk_fpga_0 rise@0.000ns)
  Data Path Delay:        1.842ns  (logic 0.186ns (10.097%)  route 1.656ns (89.903%))
  Logic Levels:           1  (LUT1=1)
  Clock Path Skew:        0.067ns (DCD - SCD - CPR)
    Destination Clock Delay (DCD):    1.242ns
    Source Clock Delay      (SCD):    0.911ns
    Clock Pessimism Removal (CPR):    0.264ns

    Location             Delay type                Incr(ns)  Path(ns)    Netlist Resource(s)
  -------------------------------------------------------------------    -------------------
                         (clock clk_fpga_0 rise edge)
                                                      0.000     0.000 r  
    PS7_X0Y0             PS7                          0.000     0.000 r  PL_i/processing_system7_0/inst/PS7_i/FCLKCLK[0]
                         net (fo=1, routed)           0.310     0.310    PL_i/processing_system7_0/inst/FCLK_CLK_unbuffered[0]
    BUFGCTRL_X0Y16       BUFG (Prop_bufg_I_O)         0.026     0.336 r  PL_i/processing_system7_0/inst/buffer_fclk_clk_0.FCLK_CLK_0_BUFG/O
                         net (fo=14014, routed)       0.575     0.911    PL_i/proc_sys_reset_0/U0/slowest_sync_clk
    SLICE_X63Y84         FDRE                                         r  PL_i/proc_sys_reset_0/U0/ACTIVE_LOW_BSR_OUT_DFF[0].FDRE_BSR_N/C
  -------------------------------------------------------------------    -------------------
    SLICE_X63Y84         FDRE (Prop_fdre_C_Q)         0.141     1.052 r  PL_i/proc_sys_reset_0/U0/ACTIVE_LOW_BSR_OUT_DFF[0].FDRE_BSR_N/Q
                         net (fo=40, routed)          1.305     2.357    PL_i/dbwfb2_97_bram_ctrl_0/inst/u_conv/u_delay/rst_n
    SLICE_X94Y98         LUT1 (Prop_lut1_I0_O)        0.045     2.402 f  PL_i/dbwfb2_97_bram_ctrl_0/inst/u_conv/u_delay/done_i_2/O
                         net (fo=400, routed)         0.351     2.753    PL_i/dbwfb2_97_bram_ctrl_0/inst/u_conv_n_0
    SLICE_X90Y95         FDCE                                         f  PL_i/dbwfb2_97_bram_ctrl_0/inst/wr_cnt_reg[10]/CLR
  -------------------------------------------------------------------    -------------------

                         (clock clk_fpga_0 rise edge)
                                                      0.000     0.000 r  
    PS7_X0Y0             PS7                          0.000     0.000 r  PL_i/processing_system7_0/inst/PS7_i/FCLKCLK[0]
                         net (fo=1, routed)           0.337     0.337    PL_i/processing_system7_0/inst/FCLK_CLK_unbuffered[0]
    BUFGCTRL_X0Y16       BUFG (Prop_bufg_I_O)         0.029     0.366 r  PL_i/processing_system7_0/inst/buffer_fclk_clk_0.FCLK_CLK_0_BUFG/O
                         net (fo=14014, routed)       0.876     1.242    PL_i/dbwfb2_97_bram_ctrl_0/inst/clk
    SLICE_X90Y95         FDCE                                         r  PL_i/dbwfb2_97_bram_ctrl_0/inst/wr_cnt_reg[10]/C
                         clock pessimism             -0.264     0.978    
    SLICE_X90Y95         FDCE (Remov_fdce_C_CLR)     -0.067     0.911    PL_i/dbwfb2_97_bram_ctrl_0/inst/wr_cnt_reg[10]
  -------------------------------------------------------------------
                         required time                         -0.911    
                         arrival time                           2.753    
  -------------------------------------------------------------------
                         slack                                  1.842    

Slack (MET) :             1.842ns  (arrival time - required time)
  Source:                 PL_i/proc_sys_reset_0/U0/ACTIVE_LOW_BSR_OUT_DFF[0].FDRE_BSR_N/C
                            (rising edge-triggered cell FDRE clocked by clk_fpga_0  {rise@0.000ns fall@5.000ns period=10.000ns})
  Destination:            PL_i/dbwfb2_97_bram_ctrl_0/inst/wr_cnt_reg[11]/CLR
                            (removal check against rising-edge clock clk_fpga_0  {rise@0.000ns fall@5.000ns period=10.000ns})
  Path Group:             **async_default**
  Path Type:              Removal (Min at Fast Process Corner)
  Requirement:            0.000ns  (clk_fpga_0 rise@0.000ns - clk_fpga_0 rise@0.000ns)
  Data Path Delay:        1.842ns  (logic 0.186ns (10.097%)  route 1.656ns (89.903%))
  Logic Levels:           1  (LUT1=1)
  Clock Path Skew:        0.067ns (DCD - SCD - CPR)
    Destination Clock Delay (DCD):    1.242ns
    Source Clock Delay      (SCD):    0.911ns
    Clock Pessimism Removal (CPR):    0.264ns

    Location             Delay type                Incr(ns)  Path(ns)    Netlist Resource(s)
  -------------------------------------------------------------------    -------------------
                         (clock clk_fpga_0 rise edge)
                                                      0.000     0.000 r  
    PS7_X0Y0             PS7                          0.000     0.000 r  PL_i/processing_system7_0/inst/PS7_i/FCLKCLK[0]
                         net (fo=1, routed)           0.310     0.310    PL_i/processing_system7_0/inst/FCLK_CLK_unbuffered[0]
    BUFGCTRL_X0Y16       BUFG (Prop_bufg_I_O)         0.026     0.336 r  PL_i/processing_system7_0/inst/buffer_fclk_clk_0.FCLK_CLK_0_BUFG/O
                         net (fo=14014, routed)       0.575     0.911    PL_i/proc_sys_reset_0/U0/slowest_sync_clk
    SLICE_X63Y84         FDRE                                         r  PL_i/proc_sys_reset_0/U0/ACTIVE_LOW_BSR_OUT_DFF[0].FDRE_BSR_N/C
  -------------------------------------------------------------------    -------------------
    SLICE_X63Y84         FDRE (Prop_fdre_C_Q)         0.141     1.052 r  PL_i/proc_sys_reset_0/U0/ACTIVE_LOW_BSR_OUT_DFF[0].FDRE_BSR_N/Q
                         net (fo=40, routed)          1.305     2.357    PL_i/dbwfb2_97_bram_ctrl_0/inst/u_conv/u_delay/rst_n
    SLICE_X94Y98         LUT1 (Prop_lut1_I0_O)        0.045     2.402 f  PL_i/dbwfb2_97_bram_ctrl_0/inst/u_conv/u_delay/done_i_2/O
                         net (fo=400, routed)         0.351     2.753    PL_i/dbwfb2_97_bram_ctrl_0/inst/u_conv_n_0
    SLICE_X90Y95         FDCE                                         f  PL_i/dbwfb2_97_bram_ctrl_0/inst/wr_cnt_reg[11]/CLR
  -------------------------------------------------------------------    -------------------

                         (clock clk_fpga_0 rise edge)
                                                      0.000     0.000 r  
    PS7_X0Y0             PS7                          0.000     0.000 r  PL_i/processing_system7_0/inst/PS7_i/FCLKCLK[0]
                         net (fo=1, routed)           0.337     0.337    PL_i/processing_system7_0/inst/FCLK_CLK_unbuffered[0]
    BUFGCTRL_X0Y16       BUFG (Prop_bufg_I_O)         0.029     0.366 r  PL_i/processing_system7_0/inst/buffer_fclk_clk_0.FCLK_CLK_0_BUFG/O
                         net (fo=14014, routed)       0.876     1.242    PL_i/dbwfb2_97_bram_ctrl_0/inst/clk
    SLICE_X90Y95         FDCE                                         r  PL_i/dbwfb2_97_bram_ctrl_0/inst/wr_cnt_reg[11]/C
                         clock pessimism             -0.264     0.978    
    SLICE_X90Y95         FDCE (Remov_fdce_C_CLR)     -0.067     0.911    PL_i/dbwfb2_97_bram_ctrl_0/inst/wr_cnt_reg[11]
  -------------------------------------------------------------------
                         required time                         -0.911    
                         arrival time                           2.753    
  -------------------------------------------------------------------
                         slack                                  1.842    





--------------------------------------------------------------------------------------
Path Group:  (none)
From Clock:  
  To Clock:  clk_fpga_0

Max Delay             1 Endpoint
Min Delay             1 Endpoint
--------------------------------------------------------------------------------------


Max Delay Paths
--------------------------------------------------------------------------------------
Slack:                    inf
  Source:                 PL_i/processing_system7_0/inst/PS7_i/FCLKRESETN[0]
                            (internal pin)
  Destination:            PL_i/proc_sys_reset_0/U0/EXT_LPF/ACTIVE_LOW_EXT.ACT_LO_EXT/syncstages_ff_reg[0]/D
                            (rising edge-triggered cell FDRE clocked by clk_fpga_0  {rise@0.000ns fall@5.000ns period=10.000ns})
  Path Group:             (none)
  Path Type:              Setup (Max at Slow Process Corner)
  Data Path Delay:        2.165ns  (logic 0.124ns (5.726%)  route 2.041ns (94.274%))
  Logic Levels:           1  (LUT1=1)
  Clock Uncertainty:      0.152ns  ((TSJ^2 + TIJ^2)^1/2 + DJ) / 2 + PE
    Total System Jitter     (TSJ):    0.050ns
    Total Input Jitter      (TIJ):    0.300ns
    Discrete Jitter          (DJ):    0.000ns
    Phase Error              (PE):    0.000ns
  Timing Exception:       False Path

    Location             Delay type                Incr(ns)  Path(ns)    Netlist Resource(s)
  -------------------------------------------------------------------    -------------------
    PS7_X0Y0             PS7                          0.000     0.000 f  PL_i/processing_system7_0/inst/PS7_i/FCLKRESETN[0]
                         net (fo=1, routed)           1.456     1.456    PL_i/proc_sys_reset_0/U0/EXT_LPF/ext_reset_in
    SLICE_X55Y86         LUT1 (Prop_lut1_I0_O)        0.124     1.580 r  PL_i/proc_sys_reset_0/U0/EXT_LPF/ACTIVE_LOW_EXT.ACT_LO_EXT_i_1/O
                         net (fo=1, routed)           0.585     2.165    PL_i/proc_sys_reset_0/U0/EXT_LPF/ACTIVE_LOW_EXT.ACT_LO_EXT/src_in
    SLICE_X57Y84         FDRE                                         r  PL_i/proc_sys_reset_0/U0/EXT_LPF/ACTIVE_LOW_EXT.ACT_LO_EXT/syncstages_ff_reg[0]/D
  -------------------------------------------------------------------    -------------------

                         (clock clk_fpga_0 rise edge)
                                                      0.000     0.000 r  
    PS7_X0Y0             PS7                          0.000     0.000 r  PL_i/processing_system7_0/inst/PS7_i/FCLKCLK[0]
                         net (fo=1, routed)           1.088     1.088    PL_i/processing_system7_0/inst/FCLK_CLK_unbuffered[0]
    BUFGCTRL_X0Y16       BUFG (Prop_bufg_I_O)         0.091     1.179 r  PL_i/processing_system7_0/inst/buffer_fclk_clk_0.FCLK_CLK_0_BUFG/O
                         net (fo=14014, routed)       1.531     2.710    PL_i/proc_sys_reset_0/U0/EXT_LPF/ACTIVE_LOW_EXT.ACT_LO_EXT/dest_clk
    SLICE_X57Y84         FDRE                                         r  PL_i/proc_sys_reset_0/U0/EXT_LPF/ACTIVE_LOW_EXT.ACT_LO_EXT/syncstages_ff_reg[0]/C





Min Delay Paths
--------------------------------------------------------------------------------------
Slack:                    inf
  Source:                 PL_i/processing_system7_0/inst/PS7_i/FCLKRESETN[0]
                            (internal pin)
  Destination:            PL_i/proc_sys_reset_0/U0/EXT_LPF/ACTIVE_LOW_EXT.ACT_LO_EXT/syncstages_ff_reg[0]/D
                            (rising edge-triggered cell FDRE clocked by clk_fpga_0  {rise@0.000ns fall@5.000ns period=10.000ns})
  Path Group:             (none)
  Path Type:              Hold (Min at Fast Process Corner)
  Data Path Delay:        0.912ns  (logic 0.045ns (4.932%)  route 0.867ns (95.068%))
  Logic Levels:           1  (LUT1=1)
  Clock Uncertainty:      0.152ns  ((TSJ^2 + TIJ^2)^1/2 + DJ) / 2 + PE
    Total System Jitter     (TSJ):    0.050ns
    Total Input Jitter      (TIJ):    0.300ns
    Discrete Jitter          (DJ):    0.000ns
    Phase Error              (PE):    0.000ns
  Timing Exception:       False Path

    Location             Delay type                Incr(ns)  Path(ns)    Netlist Resource(s)
  -------------------------------------------------------------------    -------------------
    PS7_X0Y0             PS7                          0.000     0.000 f  PL_i/processing_system7_0/inst/PS7_i/FCLKRESETN[0]
                         net (fo=1, routed)           0.644     0.644    PL_i/proc_sys_reset_0/U0/EXT_LPF/ext_reset_in
    SLICE_X55Y86         LUT1 (Prop_lut1_I0_O)        0.045     0.689 r  PL_i/proc_sys_reset_0/U0/EXT_LPF/ACTIVE_LOW_EXT.ACT_LO_EXT_i_1/O
                         net (fo=1, routed)           0.223     0.912    PL_i/proc_sys_reset_0/U0/EXT_LPF/ACTIVE_LOW_EXT.ACT_LO_EXT/src_in
    SLICE_X57Y84         FDRE                                         r  PL_i/proc_sys_reset_0/U0/EXT_LPF/ACTIVE_LOW_EXT.ACT_LO_EXT/syncstages_ff_reg[0]/D
  -------------------------------------------------------------------    -------------------

                         (clock clk_fpga_0 rise edge)
                                                      0.000     0.000 r  
    PS7_X0Y0             PS7                          0.000     0.000 r  PL_i/processing_system7_0/inst/PS7_i/FCLKCLK[0]
                         net (fo=1, routed)           0.337     0.337    PL_i/processing_system7_0/inst/FCLK_CLK_unbuffered[0]
    BUFGCTRL_X0Y16       BUFG (Prop_bufg_I_O)         0.029     0.366 r  PL_i/processing_system7_0/inst/buffer_fclk_clk_0.FCLK_CLK_0_BUFG/O
                         net (fo=14014, routed)       0.841     1.207    PL_i/proc_sys_reset_0/U0/EXT_LPF/ACTIVE_LOW_EXT.ACT_LO_EXT/dest_clk
    SLICE_X57Y84         FDRE                                         r  PL_i/proc_sys_reset_0/U0/EXT_LPF/ACTIVE_LOW_EXT.ACT_LO_EXT/syncstages_ff_reg[0]/C





--------------------------------------------------------------------------------------
Path Group:  (none)
From Clock:  clk_fpga_0
  To Clock:  clk_fpga_0

Max Delay           141 Endpoints
Min Delay           141 Endpoints
--------------------------------------------------------------------------------------


Max Delay Paths
--------------------------------------------------------------------------------------
Slack:                    inf
  Source:                 PL_i/axi_smc/inst/clk_map/psr_aclk/U0/ACTIVE_LOW_BSR_OUT_DFF[0].FDRE_BSR_N/C
                            (rising edge-triggered cell FDRE clocked by clk_fpga_0  {rise@0.000ns fall@5.000ns period=10.000ns})
  Destination:            PL_i/axi_smc/inst/m00_exit_pipeline/m00_exit/inst/xpm_cdc_async_rst_inst/arststages_ff_reg[0]/CLR
                            (recovery check against rising-edge clock clk_fpga_0  {rise@0.000ns fall@5.000ns period=10.000ns})
  Path Group:             (none)
  Path Type:              Recovery (Max at Slow Process Corner)
  Data Path Delay:        6.502ns  (logic 0.642ns (9.874%)  route 5.860ns (90.126%))
  Logic Levels:           1  (LUT1=1)
  Clock Path Skew:        -0.376ns (DCD - SCD + CPR)
    Destination Clock Delay (DCD):    2.873ns
    Source Clock Delay      (SCD):    3.249ns
    Clock Pessimism Removal (CPR):    0.000ns
  Clock Uncertainty:      0.154ns  ((TSJ^2 + TIJ^2)^1/2 + DJ) / 2 + PE
    Total System Jitter     (TSJ):    0.071ns
    Total Input Jitter      (TIJ):    0.300ns
    Discrete Jitter          (DJ):    0.000ns
    Phase Error              (PE):    0.000ns
  Timing Exception:       False Path

    Location             Delay type                Incr(ns)  Path(ns)    Netlist Resource(s)
  -------------------------------------------------------------------    -------------------
                         (clock clk_fpga_0 rise edge)
                                                      0.000     0.000 r  
    PS7_X0Y0             PS7                          0.000     0.000 r  PL_i/processing_system7_0/inst/PS7_i/FCLKCLK[0]
                         net (fo=1, routed)           1.193     1.193    PL_i/processing_system7_0/inst/FCLK_CLK_unbuffered[0]
    BUFGCTRL_X0Y16       BUFG (Prop_bufg_I_O)         0.101     1.294 r  PL_i/processing_system7_0/inst/buffer_fclk_clk_0.FCLK_CLK_0_BUFG/O
                         net (fo=14014, routed)       1.955     3.249    PL_i/axi_smc/inst/clk_map/psr_aclk/U0/aclk
    SLICE_X92Y125        FDRE                                         r  PL_i/axi_smc/inst/clk_map/psr_aclk/U0/ACTIVE_LOW_BSR_OUT_DFF[0].FDRE_BSR_N/C
  -------------------------------------------------------------------    -------------------
    SLICE_X92Y125        FDRE (Prop_fdre_C_Q)         0.518     3.767 r  PL_i/axi_smc/inst/clk_map/psr_aclk/U0/ACTIVE_LOW_BSR_OUT_DFF[0].FDRE_BSR_N/Q
                         net (fo=38, routed)          4.944     8.711    PL_i/axi_smc/inst/m00_exit_pipeline/m00_exit/inst/xpm_cdc_async_rst_inst/src_arst
    SLICE_X56Y131        LUT1 (Prop_lut1_I0_O)        0.124     8.835 f  PL_i/axi_smc/inst/m00_exit_pipeline/m00_exit/inst/xpm_cdc_async_rst_inst/arststages_ff[2]_i_1/O
                         net (fo=3, routed)           0.916     9.751    PL_i/axi_smc/inst/m00_exit_pipeline/m00_exit/inst/xpm_cdc_async_rst_inst/reset_pol
    SLICE_X56Y125        FDCE                                         f  PL_i/axi_smc/inst/m00_exit_pipeline/m00_exit/inst/xpm_cdc_async_rst_inst/arststages_ff_reg[0]/CLR
  -------------------------------------------------------------------    -------------------

                         (clock clk_fpga_0 rise edge)
                                                      0.000     0.000 r  
    PS7_X0Y0             PS7                          0.000     0.000 r  PL_i/processing_system7_0/inst/PS7_i/FCLKCLK[0]
                         net (fo=1, routed)           1.088     1.088    PL_i/processing_system7_0/inst/FCLK_CLK_unbuffered[0]
    BUFGCTRL_X0Y16       BUFG (Prop_bufg_I_O)         0.091     1.179 r  PL_i/processing_system7_0/inst/buffer_fclk_clk_0.FCLK_CLK_0_BUFG/O
                         net (fo=14014, routed)       1.694     2.873    PL_i/axi_smc/inst/m00_exit_pipeline/m00_exit/inst/xpm_cdc_async_rst_inst/dest_clk
    SLICE_X56Y125        FDCE                                         r  PL_i/axi_smc/inst/m00_exit_pipeline/m00_exit/inst/xpm_cdc_async_rst_inst/arststages_ff_reg[0]/C

Slack:                    inf
  Source:                 PL_i/axi_smc/inst/clk_map/psr_aclk/U0/ACTIVE_LOW_BSR_OUT_DFF[0].FDRE_BSR_N/C
                            (rising edge-triggered cell FDRE clocked by clk_fpga_0  {rise@0.000ns fall@5.000ns period=10.000ns})
  Destination:            PL_i/axi_smc/inst/m00_exit_pipeline/m00_exit/inst/xpm_cdc_async_rst_inst/arststages_ff_reg[1]/CLR
                            (recovery check against rising-edge clock clk_fpga_0  {rise@0.000ns fall@5.000ns period=10.000ns})
  Path Group:             (none)
  Path Type:              Recovery (Max at Slow Process Corner)
  Data Path Delay:        6.502ns  (logic 0.642ns (9.874%)  route 5.860ns (90.126%))
  Logic Levels:           1  (LUT1=1)
  Clock Path Skew:        -0.376ns (DCD - SCD + CPR)
    Destination Clock Delay (DCD):    2.873ns
    Source Clock Delay      (SCD):    3.249ns
    Clock Pessimism Removal (CPR):    0.000ns
  Clock Uncertainty:      0.154ns  ((TSJ^2 + TIJ^2)^1/2 + DJ) / 2 + PE
    Total System Jitter     (TSJ):    0.071ns
    Total Input Jitter      (TIJ):    0.300ns
    Discrete Jitter          (DJ):    0.000ns
    Phase Error              (PE):    0.000ns
  Timing Exception:       False Path

    Location             Delay type                Incr(ns)  Path(ns)    Netlist Resource(s)
  -------------------------------------------------------------------    -------------------
                         (clock clk_fpga_0 rise edge)
                                                      0.000     0.000 r  
    PS7_X0Y0             PS7                          0.000     0.000 r  PL_i/processing_system7_0/inst/PS7_i/FCLKCLK[0]
                         net (fo=1, routed)           1.193     1.193    PL_i/processing_system7_0/inst/FCLK_CLK_unbuffered[0]
    BUFGCTRL_X0Y16       BUFG (Prop_bufg_I_O)         0.101     1.294 r  PL_i/processing_system7_0/inst/buffer_fclk_clk_0.FCLK_CLK_0_BUFG/O
                         net (fo=14014, routed)       1.955     3.249    PL_i/axi_smc/inst/clk_map/psr_aclk/U0/aclk
    SLICE_X92Y125        FDRE                                         r  PL_i/axi_smc/inst/clk_map/psr_aclk/U0/ACTIVE_LOW_BSR_OUT_DFF[0].FDRE_BSR_N/C
  -------------------------------------------------------------------    -------------------
    SLICE_X92Y125        FDRE (Prop_fdre_C_Q)         0.518     3.767 r  PL_i/axi_smc/inst/clk_map/psr_aclk/U0/ACTIVE_LOW_BSR_OUT_DFF[0].FDRE_BSR_N/Q
                         net (fo=38, routed)          4.944     8.711    PL_i/axi_smc/inst/m00_exit_pipeline/m00_exit/inst/xpm_cdc_async_rst_inst/src_arst
    SLICE_X56Y131        LUT1 (Prop_lut1_I0_O)        0.124     8.835 f  PL_i/axi_smc/inst/m00_exit_pipeline/m00_exit/inst/xpm_cdc_async_rst_inst/arststages_ff[2]_i_1/O
                         net (fo=3, routed)           0.916     9.751    PL_i/axi_smc/inst/m00_exit_pipeline/m00_exit/inst/xpm_cdc_async_rst_inst/reset_pol
    SLICE_X56Y125        FDCE                                         f  PL_i/axi_smc/inst/m00_exit_pipeline/m00_exit/inst/xpm_cdc_async_rst_inst/arststages_ff_reg[1]/CLR
  -------------------------------------------------------------------    -------------------

                         (clock clk_fpga_0 rise edge)
                                                      0.000     0.000 r  
    PS7_X0Y0             PS7                          0.000     0.000 r  PL_i/processing_system7_0/inst/PS7_i/FCLKCLK[0]
                         net (fo=1, routed)           1.088     1.088    PL_i/processing_system7_0/inst/FCLK_CLK_unbuffered[0]
    BUFGCTRL_X0Y16       BUFG (Prop_bufg_I_O)         0.091     1.179 r  PL_i/processing_system7_0/inst/buffer_fclk_clk_0.FCLK_CLK_0_BUFG/O
                         net (fo=14014, routed)       1.694     2.873    PL_i/axi_smc/inst/m00_exit_pipeline/m00_exit/inst/xpm_cdc_async_rst_inst/dest_clk
    SLICE_X56Y125        FDCE                                         r  PL_i/axi_smc/inst/m00_exit_pipeline/m00_exit/inst/xpm_cdc_async_rst_inst/arststages_ff_reg[1]/C

Slack:                    inf
  Source:                 PL_i/axi_smc/inst/clk_map/psr_aclk/U0/ACTIVE_LOW_BSR_OUT_DFF[0].FDRE_BSR_N/C
                            (rising edge-triggered cell FDRE clocked by clk_fpga_0  {rise@0.000ns fall@5.000ns period=10.000ns})
  Destination:            PL_i/axi_smc/inst/m00_exit_pipeline/m00_exit/inst/xpm_cdc_async_rst_inst/arststages_ff_reg[2]/CLR
                            (recovery check against rising-edge clock clk_fpga_0  {rise@0.000ns fall@5.000ns period=10.000ns})
  Path Group:             (none)
  Path Type:              Recovery (Max at Slow Process Corner)
  Data Path Delay:        6.502ns  (logic 0.642ns (9.874%)  route 5.860ns (90.126%))
  Logic Levels:           1  (LUT1=1)
  Clock Path Skew:        -0.376ns (DCD - SCD + CPR)
    Destination Clock Delay (DCD):    2.873ns
    Source Clock Delay      (SCD):    3.249ns
    Clock Pessimism Removal (CPR):    0.000ns
  Clock Uncertainty:      0.154ns  ((TSJ^2 + TIJ^2)^1/2 + DJ) / 2 + PE
    Total System Jitter     (TSJ):    0.071ns
    Total Input Jitter      (TIJ):    0.300ns
    Discrete Jitter          (DJ):    0.000ns
    Phase Error              (PE):    0.000ns
  Timing Exception:       False Path

    Location             Delay type                Incr(ns)  Path(ns)    Netlist Resource(s)
  -------------------------------------------------------------------    -------------------
                         (clock clk_fpga_0 rise edge)
                                                      0.000     0.000 r  
    PS7_X0Y0             PS7                          0.000     0.000 r  PL_i/processing_system7_0/inst/PS7_i/FCLKCLK[0]
                         net (fo=1, routed)           1.193     1.193    PL_i/processing_system7_0/inst/FCLK_CLK_unbuffered[0]
    BUFGCTRL_X0Y16       BUFG (Prop_bufg_I_O)         0.101     1.294 r  PL_i/processing_system7_0/inst/buffer_fclk_clk_0.FCLK_CLK_0_BUFG/O
                         net (fo=14014, routed)       1.955     3.249    PL_i/axi_smc/inst/clk_map/psr_aclk/U0/aclk
    SLICE_X92Y125        FDRE                                         r  PL_i/axi_smc/inst/clk_map/psr_aclk/U0/ACTIVE_LOW_BSR_OUT_DFF[0].FDRE_BSR_N/C
  -------------------------------------------------------------------    -------------------
    SLICE_X92Y125        FDRE (Prop_fdre_C_Q)         0.518     3.767 r  PL_i/axi_smc/inst/clk_map/psr_aclk/U0/ACTIVE_LOW_BSR_OUT_DFF[0].FDRE_BSR_N/Q
                         net (fo=38, routed)          4.944     8.711    PL_i/axi_smc/inst/m00_exit_pipeline/m00_exit/inst/xpm_cdc_async_rst_inst/src_arst
    SLICE_X56Y131        LUT1 (Prop_lut1_I0_O)        0.124     8.835 f  PL_i/axi_smc/inst/m00_exit_pipeline/m00_exit/inst/xpm_cdc_async_rst_inst/arststages_ff[2]_i_1/O
                         net (fo=3, routed)           0.916     9.751    PL_i/axi_smc/inst/m00_exit_pipeline/m00_exit/inst/xpm_cdc_async_rst_inst/reset_pol
    SLICE_X56Y125        FDCE                                         f  PL_i/axi_smc/inst/m00_exit_pipeline/m00_exit/inst/xpm_cdc_async_rst_inst/arststages_ff_reg[2]/CLR
  -------------------------------------------------------------------    -------------------

                         (clock clk_fpga_0 rise edge)
                                                      0.000     0.000 r  
    PS7_X0Y0             PS7                          0.000     0.000 r  PL_i/processing_system7_0/inst/PS7_i/FCLKCLK[0]
                         net (fo=1, routed)           1.088     1.088    PL_i/processing_system7_0/inst/FCLK_CLK_unbuffered[0]
    BUFGCTRL_X0Y16       BUFG (Prop_bufg_I_O)         0.091     1.179 r  PL_i/processing_system7_0/inst/buffer_fclk_clk_0.FCLK_CLK_0_BUFG/O
                         net (fo=14014, routed)       1.694     2.873    PL_i/axi_smc/inst/m00_exit_pipeline/m00_exit/inst/xpm_cdc_async_rst_inst/dest_clk
    SLICE_X56Y125        FDCE                                         r  PL_i/axi_smc/inst/m00_exit_pipeline/m00_exit/inst/xpm_cdc_async_rst_inst/arststages_ff_reg[2]/C

Slack:                    inf
  Source:                 PL_i/axi_smc/inst/clk_map/psr_aclk/U0/ACTIVE_LOW_BSR_OUT_DFF[0].FDRE_BSR_N/C
                            (rising edge-triggered cell FDRE clocked by clk_fpga_0  {rise@0.000ns fall@5.000ns period=10.000ns})
  Destination:            PL_i/axi_smc/inst/s00_nodes/s00_b_node/inst/s_sc_xpm_cdc_async_rst_inst/arststages_ff_reg[0]/CLR
                            (recovery check against rising-edge clock clk_fpga_0  {rise@0.000ns fall@5.000ns period=10.000ns})
  Path Group:             (none)
  Path Type:              Recovery (Max at Slow Process Corner)
  Data Path Delay:        6.488ns  (logic 0.642ns (9.895%)  route 5.846ns (90.105%))
  Logic Levels:           1  (LUT1=1)
  Clock Path Skew:        -0.366ns (DCD - SCD + CPR)
    Destination Clock Delay (DCD):    2.883ns
    Source Clock Delay      (SCD):    3.249ns
    Clock Pessimism Removal (CPR):    0.000ns
  Clock Uncertainty:      0.154ns  ((TSJ^2 + TIJ^2)^1/2 + DJ) / 2 + PE
    Total System Jitter     (TSJ):    0.071ns
    Total Input Jitter      (TIJ):    0.300ns
    Discrete Jitter          (DJ):    0.000ns
    Phase Error              (PE):    0.000ns
  Timing Exception:       False Path

    Location             Delay type                Incr(ns)  Path(ns)    Netlist Resource(s)
  -------------------------------------------------------------------    -------------------
                         (clock clk_fpga_0 rise edge)
                                                      0.000     0.000 r  
    PS7_X0Y0             PS7                          0.000     0.000 r  PL_i/processing_system7_0/inst/PS7_i/FCLKCLK[0]
                         net (fo=1, routed)           1.193     1.193    PL_i/processing_system7_0/inst/FCLK_CLK_unbuffered[0]
    BUFGCTRL_X0Y16       BUFG (Prop_bufg_I_O)         0.101     1.294 r  PL_i/processing_system7_0/inst/buffer_fclk_clk_0.FCLK_CLK_0_BUFG/O
                         net (fo=14014, routed)       1.955     3.249    PL_i/axi_smc/inst/clk_map/psr_aclk/U0/aclk
    SLICE_X92Y125        FDRE                                         r  PL_i/axi_smc/inst/clk_map/psr_aclk/U0/ACTIVE_LOW_BSR_OUT_DFF[0].FDRE_BSR_N/C
  -------------------------------------------------------------------    -------------------
    SLICE_X92Y125        FDRE (Prop_fdre_C_Q)         0.518     3.767 r  PL_i/axi_smc/inst/clk_map/psr_aclk/U0/ACTIVE_LOW_BSR_OUT_DFF[0].FDRE_BSR_N/Q
                         net (fo=38, routed)          5.220     8.987    PL_i/axi_smc/inst/s00_nodes/s00_b_node/inst/s_sc_xpm_cdc_async_rst_inst/src_arst
    SLICE_X60Y131        LUT1 (Prop_lut1_I0_O)        0.124     9.111 f  PL_i/axi_smc/inst/s00_nodes/s00_b_node/inst/s_sc_xpm_cdc_async_rst_inst/arststages_ff[2]_i_1/O
                         net (fo=3, routed)           0.626     9.737    PL_i/axi_smc/inst/s00_nodes/s00_b_node/inst/s_sc_xpm_cdc_async_rst_inst/reset_pol
    SLICE_X60Y131        FDCE                                         f  PL_i/axi_smc/inst/s00_nodes/s00_b_node/inst/s_sc_xpm_cdc_async_rst_inst/arststages_ff_reg[0]/CLR
  -------------------------------------------------------------------    -------------------

                         (clock clk_fpga_0 rise edge)
                                                      0.000     0.000 r  
    PS7_X0Y0             PS7                          0.000     0.000 r  PL_i/processing_system7_0/inst/PS7_i/FCLKCLK[0]
                         net (fo=1, routed)           1.088     1.088    PL_i/processing_system7_0/inst/FCLK_CLK_unbuffered[0]
    BUFGCTRL_X0Y16       BUFG (Prop_bufg_I_O)         0.091     1.179 r  PL_i/processing_system7_0/inst/buffer_fclk_clk_0.FCLK_CLK_0_BUFG/O
                         net (fo=14014, routed)       1.704     2.883    PL_i/axi_smc/inst/s00_nodes/s00_b_node/inst/s_sc_xpm_cdc_async_rst_inst/dest_clk
    SLICE_X60Y131        FDCE                                         r  PL_i/axi_smc/inst/s00_nodes/s00_b_node/inst/s_sc_xpm_cdc_async_rst_inst/arststages_ff_reg[0]/C

Slack:                    inf
  Source:                 PL_i/axi_smc/inst/clk_map/psr_aclk/U0/ACTIVE_LOW_BSR_OUT_DFF[0].FDRE_BSR_N/C
                            (rising edge-triggered cell FDRE clocked by clk_fpga_0  {rise@0.000ns fall@5.000ns period=10.000ns})
  Destination:            PL_i/axi_smc/inst/s00_nodes/s00_b_node/inst/s_sc_xpm_cdc_async_rst_inst/arststages_ff_reg[1]/CLR
                            (recovery check against rising-edge clock clk_fpga_0  {rise@0.000ns fall@5.000ns period=10.000ns})
  Path Group:             (none)
  Path Type:              Recovery (Max at Slow Process Corner)
  Data Path Delay:        6.488ns  (logic 0.642ns (9.895%)  route 5.846ns (90.105%))
  Logic Levels:           1  (LUT1=1)
  Clock Path Skew:        -0.366ns (DCD - SCD + CPR)
    Destination Clock Delay (DCD):    2.883ns
    Source Clock Delay      (SCD):    3.249ns
    Clock Pessimism Removal (CPR):    0.000ns
  Clock Uncertainty:      0.154ns  ((TSJ^2 + TIJ^2)^1/2 + DJ) / 2 + PE
    Total System Jitter     (TSJ):    0.071ns
    Total Input Jitter      (TIJ):    0.300ns
    Discrete Jitter          (DJ):    0.000ns
    Phase Error              (PE):    0.000ns
  Timing Exception:       False Path

    Location             Delay type                Incr(ns)  Path(ns)    Netlist Resource(s)
  -------------------------------------------------------------------    -------------------
                         (clock clk_fpga_0 rise edge)
                                                      0.000     0.000 r  
    PS7_X0Y0             PS7                          0.000     0.000 r  PL_i/processing_system7_0/inst/PS7_i/FCLKCLK[0]
                         net (fo=1, routed)           1.193     1.193    PL_i/processing_system7_0/inst/FCLK_CLK_unbuffered[0]
    BUFGCTRL_X0Y16       BUFG (Prop_bufg_I_O)         0.101     1.294 r  PL_i/processing_system7_0/inst/buffer_fclk_clk_0.FCLK_CLK_0_BUFG/O
                         net (fo=14014, routed)       1.955     3.249    PL_i/axi_smc/inst/clk_map/psr_aclk/U0/aclk
    SLICE_X92Y125        FDRE                                         r  PL_i/axi_smc/inst/clk_map/psr_aclk/U0/ACTIVE_LOW_BSR_OUT_DFF[0].FDRE_BSR_N/C
  -------------------------------------------------------------------    -------------------
    SLICE_X92Y125        FDRE (Prop_fdre_C_Q)         0.518     3.767 r  PL_i/axi_smc/inst/clk_map/psr_aclk/U0/ACTIVE_LOW_BSR_OUT_DFF[0].FDRE_BSR_N/Q
                         net (fo=38, routed)          5.220     8.987    PL_i/axi_smc/inst/s00_nodes/s00_b_node/inst/s_sc_xpm_cdc_async_rst_inst/src_arst
    SLICE_X60Y131        LUT1 (Prop_lut1_I0_O)        0.124     9.111 f  PL_i/axi_smc/inst/s00_nodes/s00_b_node/inst/s_sc_xpm_cdc_async_rst_inst/arststages_ff[2]_i_1/O
                         net (fo=3, routed)           0.626     9.737    PL_i/axi_smc/inst/s00_nodes/s00_b_node/inst/s_sc_xpm_cdc_async_rst_inst/reset_pol
    SLICE_X60Y131        FDCE                                         f  PL_i/axi_smc/inst/s00_nodes/s00_b_node/inst/s_sc_xpm_cdc_async_rst_inst/arststages_ff_reg[1]/CLR
  -------------------------------------------------------------------    -------------------

                         (clock clk_fpga_0 rise edge)
                                                      0.000     0.000 r  
    PS7_X0Y0             PS7                          0.000     0.000 r  PL_i/processing_system7_0/inst/PS7_i/FCLKCLK[0]
                         net (fo=1, routed)           1.088     1.088    PL_i/processing_system7_0/inst/FCLK_CLK_unbuffered[0]
    BUFGCTRL_X0Y16       BUFG (Prop_bufg_I_O)         0.091     1.179 r  PL_i/processing_system7_0/inst/buffer_fclk_clk_0.FCLK_CLK_0_BUFG/O
                         net (fo=14014, routed)       1.704     2.883    PL_i/axi_smc/inst/s00_nodes/s00_b_node/inst/s_sc_xpm_cdc_async_rst_inst/dest_clk
    SLICE_X60Y131        FDCE                                         r  PL_i/axi_smc/inst/s00_nodes/s00_b_node/inst/s_sc_xpm_cdc_async_rst_inst/arststages_ff_reg[1]/C

Slack:                    inf
  Source:                 PL_i/axi_smc/inst/clk_map/psr_aclk/U0/ACTIVE_LOW_BSR_OUT_DFF[0].FDRE_BSR_N/C
                            (rising edge-triggered cell FDRE clocked by clk_fpga_0  {rise@0.000ns fall@5.000ns period=10.000ns})
  Destination:            PL_i/axi_smc/inst/s00_nodes/s00_b_node/inst/s_sc_xpm_cdc_async_rst_inst/arststages_ff_reg[2]/CLR
                            (recovery check against rising-edge clock clk_fpga_0  {rise@0.000ns fall@5.000ns period=10.000ns})
  Path Group:             (none)
  Path Type:              Recovery (Max at Slow Process Corner)
  Data Path Delay:        6.488ns  (logic 0.642ns (9.895%)  route 5.846ns (90.105%))
  Logic Levels:           1  (LUT1=1)
  Clock Path Skew:        -0.366ns (DCD - SCD + CPR)
    Destination Clock Delay (DCD):    2.883ns
    Source Clock Delay      (SCD):    3.249ns
    Clock Pessimism Removal (CPR):    0.000ns
  Clock Uncertainty:      0.154ns  ((TSJ^2 + TIJ^2)^1/2 + DJ) / 2 + PE
    Total System Jitter     (TSJ):    0.071ns
    Total Input Jitter      (TIJ):    0.300ns
    Discrete Jitter          (DJ):    0.000ns
    Phase Error              (PE):    0.000ns
  Timing Exception:       False Path

    Location             Delay type                Incr(ns)  Path(ns)    Netlist Resource(s)
  -------------------------------------------------------------------    -------------------
                         (clock clk_fpga_0 rise edge)
                                                      0.000     0.000 r  
    PS7_X0Y0             PS7                          0.000     0.000 r  PL_i/processing_system7_0/inst/PS7_i/FCLKCLK[0]
                         net (fo=1, routed)           1.193     1.193    PL_i/processing_system7_0/inst/FCLK_CLK_unbuffered[0]
    BUFGCTRL_X0Y16       BUFG (Prop_bufg_I_O)         0.101     1.294 r  PL_i/processing_system7_0/inst/buffer_fclk_clk_0.FCLK_CLK_0_BUFG/O
                         net (fo=14014, routed)       1.955     3.249    PL_i/axi_smc/inst/clk_map/psr_aclk/U0/aclk
    SLICE_X92Y125        FDRE                                         r  PL_i/axi_smc/inst/clk_map/psr_aclk/U0/ACTIVE_LOW_BSR_OUT_DFF[0].FDRE_BSR_N/C
  -------------------------------------------------------------------    -------------------
    SLICE_X92Y125        FDRE (Prop_fdre_C_Q)         0.518     3.767 r  PL_i/axi_smc/inst/clk_map/psr_aclk/U0/ACTIVE_LOW_BSR_OUT_DFF[0].FDRE_BSR_N/Q
                         net (fo=38, routed)          5.220     8.987    PL_i/axi_smc/inst/s00_nodes/s00_b_node/inst/s_sc_xpm_cdc_async_rst_inst/src_arst
    SLICE_X60Y131        LUT1 (Prop_lut1_I0_O)        0.124     9.111 f  PL_i/axi_smc/inst/s00_nodes/s00_b_node/inst/s_sc_xpm_cdc_async_rst_inst/arststages_ff[2]_i_1/O
                         net (fo=3, routed)           0.626     9.737    PL_i/axi_smc/inst/s00_nodes/s00_b_node/inst/s_sc_xpm_cdc_async_rst_inst/reset_pol
    SLICE_X60Y131        FDCE                                         f  PL_i/axi_smc/inst/s00_nodes/s00_b_node/inst/s_sc_xpm_cdc_async_rst_inst/arststages_ff_reg[2]/CLR
  -------------------------------------------------------------------    -------------------

                         (clock clk_fpga_0 rise edge)
                                                      0.000     0.000 r  
    PS7_X0Y0             PS7                          0.000     0.000 r  PL_i/processing_system7_0/inst/PS7_i/FCLKCLK[0]
                         net (fo=1, routed)           1.088     1.088    PL_i/processing_system7_0/inst/FCLK_CLK_unbuffered[0]
    BUFGCTRL_X0Y16       BUFG (Prop_bufg_I_O)         0.091     1.179 r  PL_i/processing_system7_0/inst/buffer_fclk_clk_0.FCLK_CLK_0_BUFG/O
                         net (fo=14014, routed)       1.704     2.883    PL_i/axi_smc/inst/s00_nodes/s00_b_node/inst/s_sc_xpm_cdc_async_rst_inst/dest_clk
    SLICE_X60Y131        FDCE                                         r  PL_i/axi_smc/inst/s00_nodes/s00_b_node/inst/s_sc_xpm_cdc_async_rst_inst/arststages_ff_reg[2]/C

Slack:                    inf
  Source:                 PL_i/axi_smc/inst/clk_map/psr_aclk/U0/ACTIVE_LOW_BSR_OUT_DFF[0].FDRE_BSR_N/C
                            (rising edge-triggered cell FDRE clocked by clk_fpga_0  {rise@0.000ns fall@5.000ns period=10.000ns})
  Destination:            PL_i/axi_smc/inst/m00_nodes/m00_b_node/inst/s_sc_xpm_cdc_async_rst_inst/arststages_ff_reg[0]/CLR
                            (recovery check against rising-edge clock clk_fpga_0  {rise@0.000ns fall@5.000ns period=10.000ns})
  Path Group:             (none)
  Path Type:              Recovery (Max at Slow Process Corner)
  Data Path Delay:        6.157ns  (logic 0.670ns (10.882%)  route 5.487ns (89.118%))
  Logic Levels:           1  (LUT1=1)
  Clock Path Skew:        -0.366ns (DCD - SCD + CPR)
    Destination Clock Delay (DCD):    2.883ns
    Source Clock Delay      (SCD):    3.249ns
    Clock Pessimism Removal (CPR):    0.000ns
  Clock Uncertainty:      0.154ns  ((TSJ^2 + TIJ^2)^1/2 + DJ) / 2 + PE
    Total System Jitter     (TSJ):    0.071ns
    Total Input Jitter      (TIJ):    0.300ns
    Discrete Jitter          (DJ):    0.000ns
    Phase Error              (PE):    0.000ns
  Timing Exception:       False Path

    Location             Delay type                Incr(ns)  Path(ns)    Netlist Resource(s)
  -------------------------------------------------------------------    -------------------
                         (clock clk_fpga_0 rise edge)
                                                      0.000     0.000 r  
    PS7_X0Y0             PS7                          0.000     0.000 r  PL_i/processing_system7_0/inst/PS7_i/FCLKCLK[0]
                         net (fo=1, routed)           1.193     1.193    PL_i/processing_system7_0/inst/FCLK_CLK_unbuffered[0]
    BUFGCTRL_X0Y16       BUFG (Prop_bufg_I_O)         0.101     1.294 r  PL_i/processing_system7_0/inst/buffer_fclk_clk_0.FCLK_CLK_0_BUFG/O
                         net (fo=14014, routed)       1.955     3.249    PL_i/axi_smc/inst/clk_map/psr_aclk/U0/aclk
    SLICE_X92Y125        FDRE                                         r  PL_i/axi_smc/inst/clk_map/psr_aclk/U0/ACTIVE_LOW_BSR_OUT_DFF[0].FDRE_BSR_N/C
  -------------------------------------------------------------------    -------------------
    SLICE_X92Y125        FDRE (Prop_fdre_C_Q)         0.518     3.767 r  PL_i/axi_smc/inst/clk_map/psr_aclk/U0/ACTIVE_LOW_BSR_OUT_DFF[0].FDRE_BSR_N/Q
                         net (fo=38, routed)          4.944     8.711    PL_i/axi_smc/inst/m00_nodes/m00_b_node/inst/s_sc_xpm_cdc_async_rst_inst/src_arst
    SLICE_X56Y131        LUT1 (Prop_lut1_I0_O)        0.152     8.863 f  PL_i/axi_smc/inst/m00_nodes/m00_b_node/inst/s_sc_xpm_cdc_async_rst_inst/arststages_ff[2]_i_1/O
                         net (fo=3, routed)           0.543     9.406    PL_i/axi_smc/inst/m00_nodes/m00_b_node/inst/s_sc_xpm_cdc_async_rst_inst/reset_pol
    SLICE_X56Y133        FDCE                                         f  PL_i/axi_smc/inst/m00_nodes/m00_b_node/inst/s_sc_xpm_cdc_async_rst_inst/arststages_ff_reg[0]/CLR
  -------------------------------------------------------------------    -------------------

                         (clock clk_fpga_0 rise edge)
                                                      0.000     0.000 r  
    PS7_X0Y0             PS7                          0.000     0.000 r  PL_i/processing_system7_0/inst/PS7_i/FCLKCLK[0]
                         net (fo=1, routed)           1.088     1.088    PL_i/processing_system7_0/inst/FCLK_CLK_unbuffered[0]
    BUFGCTRL_X0Y16       BUFG (Prop_bufg_I_O)         0.091     1.179 r  PL_i/processing_system7_0/inst/buffer_fclk_clk_0.FCLK_CLK_0_BUFG/O
                         net (fo=14014, routed)       1.704     2.883    PL_i/axi_smc/inst/m00_nodes/m00_b_node/inst/s_sc_xpm_cdc_async_rst_inst/dest_clk
    SLICE_X56Y133        FDCE                                         r  PL_i/axi_smc/inst/m00_nodes/m00_b_node/inst/s_sc_xpm_cdc_async_rst_inst/arststages_ff_reg[0]/C

Slack:                    inf
  Source:                 PL_i/axi_smc/inst/clk_map/psr_aclk/U0/ACTIVE_LOW_BSR_OUT_DFF[0].FDRE_BSR_N/C
                            (rising edge-triggered cell FDRE clocked by clk_fpga_0  {rise@0.000ns fall@5.000ns period=10.000ns})
  Destination:            PL_i/axi_smc/inst/m00_nodes/m00_b_node/inst/s_sc_xpm_cdc_async_rst_inst/arststages_ff_reg[1]/CLR
                            (recovery check against rising-edge clock clk_fpga_0  {rise@0.000ns fall@5.000ns period=10.000ns})
  Path Group:             (none)
  Path Type:              Recovery (Max at Slow Process Corner)
  Data Path Delay:        6.157ns  (logic 0.670ns (10.882%)  route 5.487ns (89.118%))
  Logic Levels:           1  (LUT1=1)
  Clock Path Skew:        -0.366ns (DCD - SCD + CPR)
    Destination Clock Delay (DCD):    2.883ns
    Source Clock Delay      (SCD):    3.249ns
    Clock Pessimism Removal (CPR):    0.000ns
  Clock Uncertainty:      0.154ns  ((TSJ^2 + TIJ^2)^1/2 + DJ) / 2 + PE
    Total System Jitter     (TSJ):    0.071ns
    Total Input Jitter      (TIJ):    0.300ns
    Discrete Jitter          (DJ):    0.000ns
    Phase Error              (PE):    0.000ns
  Timing Exception:       False Path

    Location             Delay type                Incr(ns)  Path(ns)    Netlist Resource(s)
  -------------------------------------------------------------------    -------------------
                         (clock clk_fpga_0 rise edge)
                                                      0.000     0.000 r  
    PS7_X0Y0             PS7                          0.000     0.000 r  PL_i/processing_system7_0/inst/PS7_i/FCLKCLK[0]
                         net (fo=1, routed)           1.193     1.193    PL_i/processing_system7_0/inst/FCLK_CLK_unbuffered[0]
    BUFGCTRL_X0Y16       BUFG (Prop_bufg_I_O)         0.101     1.294 r  PL_i/processing_system7_0/inst/buffer_fclk_clk_0.FCLK_CLK_0_BUFG/O
                         net (fo=14014, routed)       1.955     3.249    PL_i/axi_smc/inst/clk_map/psr_aclk/U0/aclk
    SLICE_X92Y125        FDRE                                         r  PL_i/axi_smc/inst/clk_map/psr_aclk/U0/ACTIVE_LOW_BSR_OUT_DFF[0].FDRE_BSR_N/C
  -------------------------------------------------------------------    -------------------
    SLICE_X92Y125        FDRE (Prop_fdre_C_Q)         0.518     3.767 r  PL_i/axi_smc/inst/clk_map/psr_aclk/U0/ACTIVE_LOW_BSR_OUT_DFF[0].FDRE_BSR_N/Q
                         net (fo=38, routed)          4.944     8.711    PL_i/axi_smc/inst/m00_nodes/m00_b_node/inst/s_sc_xpm_cdc_async_rst_inst/src_arst
    SLICE_X56Y131        LUT1 (Prop_lut1_I0_O)        0.152     8.863 f  PL_i/axi_smc/inst/m00_nodes/m00_b_node/inst/s_sc_xpm_cdc_async_rst_inst/arststages_ff[2]_i_1/O
                         net (fo=3, routed)           0.543     9.406    PL_i/axi_smc/inst/m00_nodes/m00_b_node/inst/s_sc_xpm_cdc_async_rst_inst/reset_pol
    SLICE_X56Y133        FDCE                                         f  PL_i/axi_smc/inst/m00_nodes/m00_b_node/inst/s_sc_xpm_cdc_async_rst_inst/arststages_ff_reg[1]/CLR
  -------------------------------------------------------------------    -------------------

                         (clock clk_fpga_0 rise edge)
                                                      0.000     0.000 r  
    PS7_X0Y0             PS7                          0.000     0.000 r  PL_i/processing_system7_0/inst/PS7_i/FCLKCLK[0]
                         net (fo=1, routed)           1.088     1.088    PL_i/processing_system7_0/inst/FCLK_CLK_unbuffered[0]
    BUFGCTRL_X0Y16       BUFG (Prop_bufg_I_O)         0.091     1.179 r  PL_i/processing_system7_0/inst/buffer_fclk_clk_0.FCLK_CLK_0_BUFG/O
                         net (fo=14014, routed)       1.704     2.883    PL_i/axi_smc/inst/m00_nodes/m00_b_node/inst/s_sc_xpm_cdc_async_rst_inst/dest_clk
    SLICE_X56Y133        FDCE                                         r  PL_i/axi_smc/inst/m00_nodes/m00_b_node/inst/s_sc_xpm_cdc_async_rst_inst/arststages_ff_reg[1]/C

Slack:                    inf
  Source:                 PL_i/axi_smc/inst/clk_map/psr_aclk/U0/ACTIVE_LOW_BSR_OUT_DFF[0].FDRE_BSR_N/C
                            (rising edge-triggered cell FDRE clocked by clk_fpga_0  {rise@0.000ns fall@5.000ns period=10.000ns})
  Destination:            PL_i/axi_smc/inst/m00_nodes/m00_b_node/inst/s_sc_xpm_cdc_async_rst_inst/arststages_ff_reg[2]/CLR
                            (recovery check against rising-edge clock clk_fpga_0  {rise@0.000ns fall@5.000ns period=10.000ns})
  Path Group:             (none)
  Path Type:              Recovery (Max at Slow Process Corner)
  Data Path Delay:        6.157ns  (logic 0.670ns (10.882%)  route 5.487ns (89.118%))
  Logic Levels:           1  (LUT1=1)
  Clock Path Skew:        -0.366ns (DCD - SCD + CPR)
    Destination Clock Delay (DCD):    2.883ns
    Source Clock Delay      (SCD):    3.249ns
    Clock Pessimism Removal (CPR):    0.000ns
  Clock Uncertainty:      0.154ns  ((TSJ^2 + TIJ^2)^1/2 + DJ) / 2 + PE
    Total System Jitter     (TSJ):    0.071ns
    Total Input Jitter      (TIJ):    0.300ns
    Discrete Jitter          (DJ):    0.000ns
    Phase Error              (PE):    0.000ns
  Timing Exception:       False Path

    Location             Delay type                Incr(ns)  Path(ns)    Netlist Resource(s)
  -------------------------------------------------------------------    -------------------
                         (clock clk_fpga_0 rise edge)
                                                      0.000     0.000 r  
    PS7_X0Y0             PS7                          0.000     0.000 r  PL_i/processing_system7_0/inst/PS7_i/FCLKCLK[0]
                         net (fo=1, routed)           1.193     1.193    PL_i/processing_system7_0/inst/FCLK_CLK_unbuffered[0]
    BUFGCTRL_X0Y16       BUFG (Prop_bufg_I_O)         0.101     1.294 r  PL_i/processing_system7_0/inst/buffer_fclk_clk_0.FCLK_CLK_0_BUFG/O
                         net (fo=14014, routed)       1.955     3.249    PL_i/axi_smc/inst/clk_map/psr_aclk/U0/aclk
    SLICE_X92Y125        FDRE                                         r  PL_i/axi_smc/inst/clk_map/psr_aclk/U0/ACTIVE_LOW_BSR_OUT_DFF[0].FDRE_BSR_N/C
  -------------------------------------------------------------------    -------------------
    SLICE_X92Y125        FDRE (Prop_fdre_C_Q)         0.518     3.767 r  PL_i/axi_smc/inst/clk_map/psr_aclk/U0/ACTIVE_LOW_BSR_OUT_DFF[0].FDRE_BSR_N/Q
                         net (fo=38, routed)          4.944     8.711    PL_i/axi_smc/inst/m00_nodes/m00_b_node/inst/s_sc_xpm_cdc_async_rst_inst/src_arst
    SLICE_X56Y131        LUT1 (Prop_lut1_I0_O)        0.152     8.863 f  PL_i/axi_smc/inst/m00_nodes/m00_b_node/inst/s_sc_xpm_cdc_async_rst_inst/arststages_ff[2]_i_1/O
                         net (fo=3, routed)           0.543     9.406    PL_i/axi_smc/inst/m00_nodes/m00_b_node/inst/s_sc_xpm_cdc_async_rst_inst/reset_pol
    SLICE_X56Y133        FDCE                                         f  PL_i/axi_smc/inst/m00_nodes/m00_b_node/inst/s_sc_xpm_cdc_async_rst_inst/arststages_ff_reg[2]/CLR
  -------------------------------------------------------------------    -------------------

                         (clock clk_fpga_0 rise edge)
                                                      0.000     0.000 r  
    PS7_X0Y0             PS7                          0.000     0.000 r  PL_i/processing_system7_0/inst/PS7_i/FCLKCLK[0]
                         net (fo=1, routed)           1.088     1.088    PL_i/processing_system7_0/inst/FCLK_CLK_unbuffered[0]
    BUFGCTRL_X0Y16       BUFG (Prop_bufg_I_O)         0.091     1.179 r  PL_i/processing_system7_0/inst/buffer_fclk_clk_0.FCLK_CLK_0_BUFG/O
                         net (fo=14014, routed)       1.704     2.883    PL_i/axi_smc/inst/m00_nodes/m00_b_node/inst/s_sc_xpm_cdc_async_rst_inst/dest_clk
    SLICE_X56Y133        FDCE                                         r  PL_i/axi_smc/inst/m00_nodes/m00_b_node/inst/s_sc_xpm_cdc_async_rst_inst/arststages_ff_reg[2]/C

Slack:                    inf
  Source:                 PL_i/axi_smc/inst/clk_map/psr_aclk/U0/ACTIVE_LOW_BSR_OUT_DFF[0].FDRE_BSR_N/C
                            (rising edge-triggered cell FDRE clocked by clk_fpga_0  {rise@0.000ns fall@5.000ns period=10.000ns})
  Destination:            PL_i/axi_smc/inst/m03_nodes/m03_b_node/inst/s_sc_xpm_cdc_async_rst_inst/arststages_ff_reg[0]/CLR
                            (recovery check against rising-edge clock clk_fpga_0  {rise@0.000ns fall@5.000ns period=10.000ns})
  Path Group:             (none)
  Path Type:              Recovery (Max at Slow Process Corner)
  Data Path Delay:        5.952ns  (logic 0.642ns (10.785%)  route 5.310ns (89.215%))
  Logic Levels:           1  (LUT1=1)
  Clock Path Skew:        -0.438ns (DCD - SCD + CPR)
    Destination Clock Delay (DCD):    2.811ns
    Source Clock Delay      (SCD):    3.249ns
    Clock Pessimism Removal (CPR):    0.000ns
  Clock Uncertainty:      0.154ns  ((TSJ^2 + TIJ^2)^1/2 + DJ) / 2 + PE
    Total System Jitter     (TSJ):    0.071ns
    Total Input Jitter      (TIJ):    0.300ns
    Discrete Jitter          (DJ):    0.000ns
    Phase Error              (PE):    0.000ns
  Timing Exception:       False Path

    Location             Delay type                Incr(ns)  Path(ns)    Netlist Resource(s)
  -------------------------------------------------------------------    -------------------
                         (clock clk_fpga_0 rise edge)
                                                      0.000     0.000 r  
    PS7_X0Y0             PS7                          0.000     0.000 r  PL_i/processing_system7_0/inst/PS7_i/FCLKCLK[0]
                         net (fo=1, routed)           1.193     1.193    PL_i/processing_system7_0/inst/FCLK_CLK_unbuffered[0]
    BUFGCTRL_X0Y16       BUFG (Prop_bufg_I_O)         0.101     1.294 r  PL_i/processing_system7_0/inst/buffer_fclk_clk_0.FCLK_CLK_0_BUFG/O
                         net (fo=14014, routed)       1.955     3.249    PL_i/axi_smc/inst/clk_map/psr_aclk/U0/aclk
    SLICE_X92Y125        FDRE                                         r  PL_i/axi_smc/inst/clk_map/psr_aclk/U0/ACTIVE_LOW_BSR_OUT_DFF[0].FDRE_BSR_N/C
  -------------------------------------------------------------------    -------------------
    SLICE_X92Y125        FDRE (Prop_fdre_C_Q)         0.518     3.767 r  PL_i/axi_smc/inst/clk_map/psr_aclk/U0/ACTIVE_LOW_BSR_OUT_DFF[0].FDRE_BSR_N/Q
                         net (fo=38, routed)          4.537     8.304    PL_i/axi_smc/inst/m03_nodes/m03_b_node/inst/s_sc_xpm_cdc_async_rst_inst/src_arst
    SLICE_X51Y132        LUT1 (Prop_lut1_I0_O)        0.124     8.428 f  PL_i/axi_smc/inst/m03_nodes/m03_b_node/inst/s_sc_xpm_cdc_async_rst_inst/arststages_ff[2]_i_1/O
                         net (fo=3, routed)           0.774     9.201    PL_i/axi_smc/inst/m03_nodes/m03_b_node/inst/s_sc_xpm_cdc_async_rst_inst/reset_pol
    SLICE_X51Y132        FDCE                                         f  PL_i/axi_smc/inst/m03_nodes/m03_b_node/inst/s_sc_xpm_cdc_async_rst_inst/arststages_ff_reg[0]/CLR
  -------------------------------------------------------------------    -------------------

                         (clock clk_fpga_0 rise edge)
                                                      0.000     0.000 r  
    PS7_X0Y0             PS7                          0.000     0.000 r  PL_i/processing_system7_0/inst/PS7_i/FCLKCLK[0]
                         net (fo=1, routed)           1.088     1.088    PL_i/processing_system7_0/inst/FCLK_CLK_unbuffered[0]
    BUFGCTRL_X0Y16       BUFG (Prop_bufg_I_O)         0.091     1.179 r  PL_i/processing_system7_0/inst/buffer_fclk_clk_0.FCLK_CLK_0_BUFG/O
                         net (fo=14014, routed)       1.632     2.811    PL_i/axi_smc/inst/m03_nodes/m03_b_node/inst/s_sc_xpm_cdc_async_rst_inst/dest_clk
    SLICE_X51Y132        FDCE                                         r  PL_i/axi_smc/inst/m03_nodes/m03_b_node/inst/s_sc_xpm_cdc_async_rst_inst/arststages_ff_reg[0]/C





Min Delay Paths
--------------------------------------------------------------------------------------
Slack:                    inf
  Source:                 PL_i/dbwfb2_97_bram_ctrl_0/inst/done_reg/C
                            (rising edge-triggered cell FDCE clocked by clk_fpga_0  {rise@0.000ns fall@5.000ns period=10.000ns})
  Destination:            PL_i/axi_gpio_0/U0/gpio_core_1/Dual.INPUT_DOUBLE_REGS5/syncstages_ff_reg[0][0]/D
                            (rising edge-triggered cell FDRE clocked by clk_fpga_0  {rise@0.000ns fall@5.000ns period=10.000ns})
  Path Group:             (none)
  Path Type:              Hold (Min at Fast Process Corner)
  Data Path Delay:        0.260ns  (logic 0.128ns (49.173%)  route 0.132ns (50.827%))
  Logic Levels:           0  
  Clock Path Skew:        0.300ns (DCD - SCD - CPR)
    Destination Clock Delay (DCD):    1.220ns
    Source Clock Delay      (SCD):    0.920ns
    Clock Pessimism Removal (CPR):    -0.000ns
  Clock Uncertainty:      0.154ns  ((TSJ^2 + TIJ^2)^1/2 + DJ) / 2 + PE
    Total System Jitter     (TSJ):    0.071ns
    Total Input Jitter      (TIJ):    0.300ns
    Discrete Jitter          (DJ):    0.000ns
    Phase Error              (PE):    0.000ns
  Timing Exception:       False Path

    Location             Delay type                Incr(ns)  Path(ns)    Netlist Resource(s)
  -------------------------------------------------------------------    -------------------
                         (clock clk_fpga_0 rise edge)
                                                      0.000     0.000 r  
    PS7_X0Y0             PS7                          0.000     0.000 r  PL_i/processing_system7_0/inst/PS7_i/FCLKCLK[0]
                         net (fo=1, routed)           0.310     0.310    PL_i/processing_system7_0/inst/FCLK_CLK_unbuffered[0]
    BUFGCTRL_X0Y16       BUFG (Prop_bufg_I_O)         0.026     0.336 r  PL_i/processing_system7_0/inst/buffer_fclk_clk_0.FCLK_CLK_0_BUFG/O
                         net (fo=14014, routed)       0.584     0.920    PL_i/dbwfb2_97_bram_ctrl_0/inst/clk
    SLICE_X88Y97         FDCE                                         r  PL_i/dbwfb2_97_bram_ctrl_0/inst/done_reg/C
  -------------------------------------------------------------------    -------------------
    SLICE_X88Y97         FDCE (Prop_fdce_C_Q)         0.128     1.048 r  PL_i/dbwfb2_97_bram_ctrl_0/inst/done_reg/Q
                         net (fo=2, routed)           0.132     1.180    PL_i/axi_gpio_0/U0/gpio_core_1/Dual.INPUT_DOUBLE_REGS5/async_path_bit[0]
    SLICE_X88Y98         FDRE                                         r  PL_i/axi_gpio_0/U0/gpio_core_1/Dual.INPUT_DOUBLE_REGS5/syncstages_ff_reg[0][0]/D
  -------------------------------------------------------------------    -------------------

                         (clock clk_fpga_0 rise edge)
                                                      0.000     0.000 r  
    PS7_X0Y0             PS7                          0.000     0.000 r  PL_i/processing_system7_0/inst/PS7_i/FCLKCLK[0]
                         net (fo=1, routed)           0.337     0.337    PL_i/processing_system7_0/inst/FCLK_CLK_unbuffered[0]
    BUFGCTRL_X0Y16       BUFG (Prop_bufg_I_O)         0.029     0.366 r  PL_i/processing_system7_0/inst/buffer_fclk_clk_0.FCLK_CLK_0_BUFG/O
                         net (fo=14014, routed)       0.854     1.220    PL_i/axi_gpio_0/U0/gpio_core_1/Dual.INPUT_DOUBLE_REGS5/dest_clk
    SLICE_X88Y98         FDRE                                         r  PL_i/axi_gpio_0/U0/gpio_core_1/Dual.INPUT_DOUBLE_REGS5/syncstages_ff_reg[0][0]/C

Slack:                    inf
  Source:                 PL_i/axi_smc/inst/clk_map/psr_aclk/U0/ACTIVE_LOW_BSR_OUT_DFF[0].FDRE_BSR_N/C
                            (rising edge-triggered cell FDRE clocked by clk_fpga_0  {rise@0.000ns fall@5.000ns period=10.000ns})
  Destination:            PL_i/axi_smc/inst/m02_nodes/m02_b_node/inst/s_sc_xpm_cdc_async_rst_inst/arststages_ff_reg[0]/CLR
                            (removal check against rising-edge clock clk_fpga_0  {rise@0.000ns fall@5.000ns period=10.000ns})
  Path Group:             (none)
  Path Type:              Removal (Min at Fast Process Corner)
  Data Path Delay:        0.826ns  (logic 0.213ns (25.790%)  route 0.613ns (74.210%))
  Logic Levels:           1  (LUT1=1)
  Clock Path Skew:        0.279ns (DCD - SCD - CPR)
    Destination Clock Delay (DCD):    1.290ns
    Source Clock Delay      (SCD):    1.011ns
    Clock Pessimism Removal (CPR):    -0.000ns
  Clock Uncertainty:      0.154ns  ((TSJ^2 + TIJ^2)^1/2 + DJ) / 2 + PE
    Total System Jitter     (TSJ):    0.071ns
    Total Input Jitter      (TIJ):    0.300ns
    Discrete Jitter          (DJ):    0.000ns
    Phase Error              (PE):    0.000ns
  Timing Exception:       False Path

    Location             Delay type                Incr(ns)  Path(ns)    Netlist Resource(s)
  -------------------------------------------------------------------    -------------------
                         (clock clk_fpga_0 rise edge)
                                                      0.000     0.000 r  
    PS7_X0Y0             PS7                          0.000     0.000 r  PL_i/processing_system7_0/inst/PS7_i/FCLKCLK[0]
                         net (fo=1, routed)           0.310     0.310    PL_i/processing_system7_0/inst/FCLK_CLK_unbuffered[0]
    BUFGCTRL_X0Y16       BUFG (Prop_bufg_I_O)         0.026     0.336 r  PL_i/processing_system7_0/inst/buffer_fclk_clk_0.FCLK_CLK_0_BUFG/O
                         net (fo=14014, routed)       0.675     1.011    PL_i/axi_smc/inst/clk_map/psr_aclk/U0/aclk
    SLICE_X92Y125        FDRE                                         r  PL_i/axi_smc/inst/clk_map/psr_aclk/U0/ACTIVE_LOW_BSR_OUT_DFF[0].FDRE_BSR_N/C
  -------------------------------------------------------------------    -------------------
    SLICE_X92Y125        FDRE (Prop_fdre_C_Q)         0.164     1.175 r  PL_i/axi_smc/inst/clk_map/psr_aclk/U0/ACTIVE_LOW_BSR_OUT_DFF[0].FDRE_BSR_N/Q
                         net (fo=38, routed)          0.436     1.611    PL_i/axi_smc/inst/m02_nodes/m02_b_node/inst/s_sc_xpm_cdc_async_rst_inst/src_arst
    SLICE_X86Y126        LUT1 (Prop_lut1_I0_O)        0.049     1.660 f  PL_i/axi_smc/inst/m02_nodes/m02_b_node/inst/s_sc_xpm_cdc_async_rst_inst/arststages_ff[2]_i_1/O
                         net (fo=3, routed)           0.177     1.837    PL_i/axi_smc/inst/m02_nodes/m02_b_node/inst/s_sc_xpm_cdc_async_rst_inst/reset_pol
    SLICE_X86Y126        FDCE                                         f  PL_i/axi_smc/inst/m02_nodes/m02_b_node/inst/s_sc_xpm_cdc_async_rst_inst/arststages_ff_reg[0]/CLR
  -------------------------------------------------------------------    -------------------

                         (clock clk_fpga_0 rise edge)
                                                      0.000     0.000 r  
    PS7_X0Y0             PS7                          0.000     0.000 r  PL_i/processing_system7_0/inst/PS7_i/FCLKCLK[0]
                         net (fo=1, routed)           0.337     0.337    PL_i/processing_system7_0/inst/FCLK_CLK_unbuffered[0]
    BUFGCTRL_X0Y16       BUFG (Prop_bufg_I_O)         0.029     0.366 r  PL_i/processing_system7_0/inst/buffer_fclk_clk_0.FCLK_CLK_0_BUFG/O
                         net (fo=14014, routed)       0.924     1.290    PL_i/axi_smc/inst/m02_nodes/m02_b_node/inst/s_sc_xpm_cdc_async_rst_inst/dest_clk
    SLICE_X86Y126        FDCE                                         r  PL_i/axi_smc/inst/m02_nodes/m02_b_node/inst/s_sc_xpm_cdc_async_rst_inst/arststages_ff_reg[0]/C

Slack:                    inf
  Source:                 PL_i/axi_smc/inst/clk_map/psr_aclk/U0/ACTIVE_LOW_BSR_OUT_DFF[0].FDRE_BSR_N/C
                            (rising edge-triggered cell FDRE clocked by clk_fpga_0  {rise@0.000ns fall@5.000ns period=10.000ns})
  Destination:            PL_i/axi_smc/inst/m02_nodes/m02_b_node/inst/s_sc_xpm_cdc_async_rst_inst/arststages_ff_reg[1]/CLR
                            (removal check against rising-edge clock clk_fpga_0  {rise@0.000ns fall@5.000ns period=10.000ns})
  Path Group:             (none)
  Path Type:              Removal (Min at Fast Process Corner)
  Data Path Delay:        0.826ns  (logic 0.213ns (25.790%)  route 0.613ns (74.210%))
  Logic Levels:           1  (LUT1=1)
  Clock Path Skew:        0.279ns (DCD - SCD - CPR)
    Destination Clock Delay (DCD):    1.290ns
    Source Clock Delay      (SCD):    1.011ns
    Clock Pessimism Removal (CPR):    -0.000ns
  Clock Uncertainty:      0.154ns  ((TSJ^2 + TIJ^2)^1/2 + DJ) / 2 + PE
    Total System Jitter     (TSJ):    0.071ns
    Total Input Jitter      (TIJ):    0.300ns
    Discrete Jitter          (DJ):    0.000ns
    Phase Error              (PE):    0.000ns
  Timing Exception:       False Path

    Location             Delay type                Incr(ns)  Path(ns)    Netlist Resource(s)
  -------------------------------------------------------------------    -------------------
                         (clock clk_fpga_0 rise edge)
                                                      0.000     0.000 r  
    PS7_X0Y0             PS7                          0.000     0.000 r  PL_i/processing_system7_0/inst/PS7_i/FCLKCLK[0]
                         net (fo=1, routed)           0.310     0.310    PL_i/processing_system7_0/inst/FCLK_CLK_unbuffered[0]
    BUFGCTRL_X0Y16       BUFG (Prop_bufg_I_O)         0.026     0.336 r  PL_i/processing_system7_0/inst/buffer_fclk_clk_0.FCLK_CLK_0_BUFG/O
                         net (fo=14014, routed)       0.675     1.011    PL_i/axi_smc/inst/clk_map/psr_aclk/U0/aclk
    SLICE_X92Y125        FDRE                                         r  PL_i/axi_smc/inst/clk_map/psr_aclk/U0/ACTIVE_LOW_BSR_OUT_DFF[0].FDRE_BSR_N/C
  -------------------------------------------------------------------    -------------------
    SLICE_X92Y125        FDRE (Prop_fdre_C_Q)         0.164     1.175 r  PL_i/axi_smc/inst/clk_map/psr_aclk/U0/ACTIVE_LOW_BSR_OUT_DFF[0].FDRE_BSR_N/Q
                         net (fo=38, routed)          0.436     1.611    PL_i/axi_smc/inst/m02_nodes/m02_b_node/inst/s_sc_xpm_cdc_async_rst_inst/src_arst
    SLICE_X86Y126        LUT1 (Prop_lut1_I0_O)        0.049     1.660 f  PL_i/axi_smc/inst/m02_nodes/m02_b_node/inst/s_sc_xpm_cdc_async_rst_inst/arststages_ff[2]_i_1/O
                         net (fo=3, routed)           0.177     1.837    PL_i/axi_smc/inst/m02_nodes/m02_b_node/inst/s_sc_xpm_cdc_async_rst_inst/reset_pol
    SLICE_X86Y126        FDCE                                         f  PL_i/axi_smc/inst/m02_nodes/m02_b_node/inst/s_sc_xpm_cdc_async_rst_inst/arststages_ff_reg[1]/CLR
  -------------------------------------------------------------------    -------------------

                         (clock clk_fpga_0 rise edge)
                                                      0.000     0.000 r  
    PS7_X0Y0             PS7                          0.000     0.000 r  PL_i/processing_system7_0/inst/PS7_i/FCLKCLK[0]
                         net (fo=1, routed)           0.337     0.337    PL_i/processing_system7_0/inst/FCLK_CLK_unbuffered[0]
    BUFGCTRL_X0Y16       BUFG (Prop_bufg_I_O)         0.029     0.366 r  PL_i/processing_system7_0/inst/buffer_fclk_clk_0.FCLK_CLK_0_BUFG/O
                         net (fo=14014, routed)       0.924     1.290    PL_i/axi_smc/inst/m02_nodes/m02_b_node/inst/s_sc_xpm_cdc_async_rst_inst/dest_clk
    SLICE_X86Y126        FDCE                                         r  PL_i/axi_smc/inst/m02_nodes/m02_b_node/inst/s_sc_xpm_cdc_async_rst_inst/arststages_ff_reg[1]/C

Slack:                    inf
  Source:                 PL_i/axi_smc/inst/clk_map/psr_aclk/U0/ACTIVE_LOW_BSR_OUT_DFF[0].FDRE_BSR_N/C
                            (rising edge-triggered cell FDRE clocked by clk_fpga_0  {rise@0.000ns fall@5.000ns period=10.000ns})
  Destination:            PL_i/axi_smc/inst/m02_nodes/m02_b_node/inst/s_sc_xpm_cdc_async_rst_inst/arststages_ff_reg[2]/CLR
                            (removal check against rising-edge clock clk_fpga_0  {rise@0.000ns fall@5.000ns period=10.000ns})
  Path Group:             (none)
  Path Type:              Removal (Min at Fast Process Corner)
  Data Path Delay:        0.826ns  (logic 0.213ns (25.790%)  route 0.613ns (74.210%))
  Logic Levels:           1  (LUT1=1)
  Clock Path Skew:        0.279ns (DCD - SCD - CPR)
    Destination Clock Delay (DCD):    1.290ns
    Source Clock Delay      (SCD):    1.011ns
    Clock Pessimism Removal (CPR):    -0.000ns
  Clock Uncertainty:      0.154ns  ((TSJ^2 + TIJ^2)^1/2 + DJ) / 2 + PE
    Total System Jitter     (TSJ):    0.071ns
    Total Input Jitter      (TIJ):    0.300ns
    Discrete Jitter          (DJ):    0.000ns
    Phase Error              (PE):    0.000ns
  Timing Exception:       False Path

    Location             Delay type                Incr(ns)  Path(ns)    Netlist Resource(s)
  -------------------------------------------------------------------    -------------------
                         (clock clk_fpga_0 rise edge)
                                                      0.000     0.000 r  
    PS7_X0Y0             PS7                          0.000     0.000 r  PL_i/processing_system7_0/inst/PS7_i/FCLKCLK[0]
                         net (fo=1, routed)           0.310     0.310    PL_i/processing_system7_0/inst/FCLK_CLK_unbuffered[0]
    BUFGCTRL_X0Y16       BUFG (Prop_bufg_I_O)         0.026     0.336 r  PL_i/processing_system7_0/inst/buffer_fclk_clk_0.FCLK_CLK_0_BUFG/O
                         net (fo=14014, routed)       0.675     1.011    PL_i/axi_smc/inst/clk_map/psr_aclk/U0/aclk
    SLICE_X92Y125        FDRE                                         r  PL_i/axi_smc/inst/clk_map/psr_aclk/U0/ACTIVE_LOW_BSR_OUT_DFF[0].FDRE_BSR_N/C
  -------------------------------------------------------------------    -------------------
    SLICE_X92Y125        FDRE (Prop_fdre_C_Q)         0.164     1.175 r  PL_i/axi_smc/inst/clk_map/psr_aclk/U0/ACTIVE_LOW_BSR_OUT_DFF[0].FDRE_BSR_N/Q
                         net (fo=38, routed)          0.436     1.611    PL_i/axi_smc/inst/m02_nodes/m02_b_node/inst/s_sc_xpm_cdc_async_rst_inst/src_arst
    SLICE_X86Y126        LUT1 (Prop_lut1_I0_O)        0.049     1.660 f  PL_i/axi_smc/inst/m02_nodes/m02_b_node/inst/s_sc_xpm_cdc_async_rst_inst/arststages_ff[2]_i_1/O
                         net (fo=3, routed)           0.177     1.837    PL_i/axi_smc/inst/m02_nodes/m02_b_node/inst/s_sc_xpm_cdc_async_rst_inst/reset_pol
    SLICE_X86Y126        FDCE                                         f  PL_i/axi_smc/inst/m02_nodes/m02_b_node/inst/s_sc_xpm_cdc_async_rst_inst/arststages_ff_reg[2]/CLR
  -------------------------------------------------------------------    -------------------

                         (clock clk_fpga_0 rise edge)
                                                      0.000     0.000 r  
    PS7_X0Y0             PS7                          0.000     0.000 r  PL_i/processing_system7_0/inst/PS7_i/FCLKCLK[0]
                         net (fo=1, routed)           0.337     0.337    PL_i/processing_system7_0/inst/FCLK_CLK_unbuffered[0]
    BUFGCTRL_X0Y16       BUFG (Prop_bufg_I_O)         0.029     0.366 r  PL_i/processing_system7_0/inst/buffer_fclk_clk_0.FCLK_CLK_0_BUFG/O
                         net (fo=14014, routed)       0.924     1.290    PL_i/axi_smc/inst/m02_nodes/m02_b_node/inst/s_sc_xpm_cdc_async_rst_inst/dest_clk
    SLICE_X86Y126        FDCE                                         r  PL_i/axi_smc/inst/m02_nodes/m02_b_node/inst/s_sc_xpm_cdc_async_rst_inst/arststages_ff_reg[2]/C

Slack:                    inf
  Source:                 PL_i/axi_smc/inst/clk_map/psr_aclk/U0/ACTIVE_LOW_BSR_OUT_DFF[0].FDRE_BSR_N/C
                            (rising edge-triggered cell FDRE clocked by clk_fpga_0  {rise@0.000ns fall@5.000ns period=10.000ns})
  Destination:            PL_i/axi_smc/inst/m02_exit_pipeline/m02_exit/inst/xpm_cdc_async_rst_inst/arststages_ff_reg[0]/CLR
                            (removal check against rising-edge clock clk_fpga_0  {rise@0.000ns fall@5.000ns period=10.000ns})
  Path Group:             (none)
  Path Type:              Removal (Min at Fast Process Corner)
  Data Path Delay:        0.856ns  (logic 0.213ns (24.898%)  route 0.643ns (75.102%))
  Logic Levels:           1  (LUT1=1)
  Clock Path Skew:        0.307ns (DCD - SCD - CPR)
    Destination Clock Delay (DCD):    1.318ns
    Source Clock Delay      (SCD):    1.011ns
    Clock Pessimism Removal (CPR):    -0.000ns
  Clock Uncertainty:      0.154ns  ((TSJ^2 + TIJ^2)^1/2 + DJ) / 2 + PE
    Total System Jitter     (TSJ):    0.071ns
    Total Input Jitter      (TIJ):    0.300ns
    Discrete Jitter          (DJ):    0.000ns
    Phase Error              (PE):    0.000ns
  Timing Exception:       False Path

    Location             Delay type                Incr(ns)  Path(ns)    Netlist Resource(s)
  -------------------------------------------------------------------    -------------------
                         (clock clk_fpga_0 rise edge)
                                                      0.000     0.000 r  
    PS7_X0Y0             PS7                          0.000     0.000 r  PL_i/processing_system7_0/inst/PS7_i/FCLKCLK[0]
                         net (fo=1, routed)           0.310     0.310    PL_i/processing_system7_0/inst/FCLK_CLK_unbuffered[0]
    BUFGCTRL_X0Y16       BUFG (Prop_bufg_I_O)         0.026     0.336 r  PL_i/processing_system7_0/inst/buffer_fclk_clk_0.FCLK_CLK_0_BUFG/O
                         net (fo=14014, routed)       0.675     1.011    PL_i/axi_smc/inst/clk_map/psr_aclk/U0/aclk
    SLICE_X92Y125        FDRE                                         r  PL_i/axi_smc/inst/clk_map/psr_aclk/U0/ACTIVE_LOW_BSR_OUT_DFF[0].FDRE_BSR_N/C
  -------------------------------------------------------------------    -------------------
    SLICE_X92Y125        FDRE (Prop_fdre_C_Q)         0.164     1.175 r  PL_i/axi_smc/inst/clk_map/psr_aclk/U0/ACTIVE_LOW_BSR_OUT_DFF[0].FDRE_BSR_N/Q
                         net (fo=38, routed)          0.466     1.641    PL_i/axi_smc/inst/m02_exit_pipeline/m02_exit/inst/xpm_cdc_async_rst_inst/src_arst
    SLICE_X92Y119        LUT1 (Prop_lut1_I0_O)        0.049     1.690 f  PL_i/axi_smc/inst/m02_exit_pipeline/m02_exit/inst/xpm_cdc_async_rst_inst/arststages_ff[2]_i_1/O
                         net (fo=3, routed)           0.177     1.867    PL_i/axi_smc/inst/m02_exit_pipeline/m02_exit/inst/xpm_cdc_async_rst_inst/reset_pol
    SLICE_X92Y119        FDCE                                         f  PL_i/axi_smc/inst/m02_exit_pipeline/m02_exit/inst/xpm_cdc_async_rst_inst/arststages_ff_reg[0]/CLR
  -------------------------------------------------------------------    -------------------

                         (clock clk_fpga_0 rise edge)
                                                      0.000     0.000 r  
    PS7_X0Y0             PS7                          0.000     0.000 r  PL_i/processing_system7_0/inst/PS7_i/FCLKCLK[0]
                         net (fo=1, routed)           0.337     0.337    PL_i/processing_system7_0/inst/FCLK_CLK_unbuffered[0]
    BUFGCTRL_X0Y16       BUFG (Prop_bufg_I_O)         0.029     0.366 r  PL_i/processing_system7_0/inst/buffer_fclk_clk_0.FCLK_CLK_0_BUFG/O
                         net (fo=14014, routed)       0.952     1.318    PL_i/axi_smc/inst/m02_exit_pipeline/m02_exit/inst/xpm_cdc_async_rst_inst/dest_clk
    SLICE_X92Y119        FDCE                                         r  PL_i/axi_smc/inst/m02_exit_pipeline/m02_exit/inst/xpm_cdc_async_rst_inst/arststages_ff_reg[0]/C

Slack:                    inf
  Source:                 PL_i/axi_smc/inst/clk_map/psr_aclk/U0/ACTIVE_LOW_BSR_OUT_DFF[0].FDRE_BSR_N/C
                            (rising edge-triggered cell FDRE clocked by clk_fpga_0  {rise@0.000ns fall@5.000ns period=10.000ns})
  Destination:            PL_i/axi_smc/inst/m02_exit_pipeline/m02_exit/inst/xpm_cdc_async_rst_inst/arststages_ff_reg[1]/CLR
                            (removal check against rising-edge clock clk_fpga_0  {rise@0.000ns fall@5.000ns period=10.000ns})
  Path Group:             (none)
  Path Type:              Removal (Min at Fast Process Corner)
  Data Path Delay:        0.856ns  (logic 0.213ns (24.898%)  route 0.643ns (75.102%))
  Logic Levels:           1  (LUT1=1)
  Clock Path Skew:        0.307ns (DCD - SCD - CPR)
    Destination Clock Delay (DCD):    1.318ns
    Source Clock Delay      (SCD):    1.011ns
    Clock Pessimism Removal (CPR):    -0.000ns
  Clock Uncertainty:      0.154ns  ((TSJ^2 + TIJ^2)^1/2 + DJ) / 2 + PE
    Total System Jitter     (TSJ):    0.071ns
    Total Input Jitter      (TIJ):    0.300ns
    Discrete Jitter          (DJ):    0.000ns
    Phase Error              (PE):    0.000ns
  Timing Exception:       False Path

    Location             Delay type                Incr(ns)  Path(ns)    Netlist Resource(s)
  -------------------------------------------------------------------    -------------------
                         (clock clk_fpga_0 rise edge)
                                                      0.000     0.000 r  
    PS7_X0Y0             PS7                          0.000     0.000 r  PL_i/processing_system7_0/inst/PS7_i/FCLKCLK[0]
                         net (fo=1, routed)           0.310     0.310    PL_i/processing_system7_0/inst/FCLK_CLK_unbuffered[0]
    BUFGCTRL_X0Y16       BUFG (Prop_bufg_I_O)         0.026     0.336 r  PL_i/processing_system7_0/inst/buffer_fclk_clk_0.FCLK_CLK_0_BUFG/O
                         net (fo=14014, routed)       0.675     1.011    PL_i/axi_smc/inst/clk_map/psr_aclk/U0/aclk
    SLICE_X92Y125        FDRE                                         r  PL_i/axi_smc/inst/clk_map/psr_aclk/U0/ACTIVE_LOW_BSR_OUT_DFF[0].FDRE_BSR_N/C
  -------------------------------------------------------------------    -------------------
    SLICE_X92Y125        FDRE (Prop_fdre_C_Q)         0.164     1.175 r  PL_i/axi_smc/inst/clk_map/psr_aclk/U0/ACTIVE_LOW_BSR_OUT_DFF[0].FDRE_BSR_N/Q
                         net (fo=38, routed)          0.466     1.641    PL_i/axi_smc/inst/m02_exit_pipeline/m02_exit/inst/xpm_cdc_async_rst_inst/src_arst
    SLICE_X92Y119        LUT1 (Prop_lut1_I0_O)        0.049     1.690 f  PL_i/axi_smc/inst/m02_exit_pipeline/m02_exit/inst/xpm_cdc_async_rst_inst/arststages_ff[2]_i_1/O
                         net (fo=3, routed)           0.177     1.867    PL_i/axi_smc/inst/m02_exit_pipeline/m02_exit/inst/xpm_cdc_async_rst_inst/reset_pol
    SLICE_X92Y119        FDCE                                         f  PL_i/axi_smc/inst/m02_exit_pipeline/m02_exit/inst/xpm_cdc_async_rst_inst/arststages_ff_reg[1]/CLR
  -------------------------------------------------------------------    -------------------

                         (clock clk_fpga_0 rise edge)
                                                      0.000     0.000 r  
    PS7_X0Y0             PS7                          0.000     0.000 r  PL_i/processing_system7_0/inst/PS7_i/FCLKCLK[0]
                         net (fo=1, routed)           0.337     0.337    PL_i/processing_system7_0/inst/FCLK_CLK_unbuffered[0]
    BUFGCTRL_X0Y16       BUFG (Prop_bufg_I_O)         0.029     0.366 r  PL_i/processing_system7_0/inst/buffer_fclk_clk_0.FCLK_CLK_0_BUFG/O
                         net (fo=14014, routed)       0.952     1.318    PL_i/axi_smc/inst/m02_exit_pipeline/m02_exit/inst/xpm_cdc_async_rst_inst/dest_clk
    SLICE_X92Y119        FDCE                                         r  PL_i/axi_smc/inst/m02_exit_pipeline/m02_exit/inst/xpm_cdc_async_rst_inst/arststages_ff_reg[1]/C

Slack:                    inf
  Source:                 PL_i/axi_smc/inst/clk_map/psr_aclk/U0/ACTIVE_LOW_BSR_OUT_DFF[0].FDRE_BSR_N/C
                            (rising edge-triggered cell FDRE clocked by clk_fpga_0  {rise@0.000ns fall@5.000ns period=10.000ns})
  Destination:            PL_i/axi_smc/inst/m02_exit_pipeline/m02_exit/inst/xpm_cdc_async_rst_inst/arststages_ff_reg[2]/CLR
                            (removal check against rising-edge clock clk_fpga_0  {rise@0.000ns fall@5.000ns period=10.000ns})
  Path Group:             (none)
  Path Type:              Removal (Min at Fast Process Corner)
  Data Path Delay:        0.856ns  (logic 0.213ns (24.898%)  route 0.643ns (75.102%))
  Logic Levels:           1  (LUT1=1)
  Clock Path Skew:        0.307ns (DCD - SCD - CPR)
    Destination Clock Delay (DCD):    1.318ns
    Source Clock Delay      (SCD):    1.011ns
    Clock Pessimism Removal (CPR):    -0.000ns
  Clock Uncertainty:      0.154ns  ((TSJ^2 + TIJ^2)^1/2 + DJ) / 2 + PE
    Total System Jitter     (TSJ):    0.071ns
    Total Input Jitter      (TIJ):    0.300ns
    Discrete Jitter          (DJ):    0.000ns
    Phase Error              (PE):    0.000ns
  Timing Exception:       False Path

    Location             Delay type                Incr(ns)  Path(ns)    Netlist Resource(s)
  -------------------------------------------------------------------    -------------------
                         (clock clk_fpga_0 rise edge)
                                                      0.000     0.000 r  
    PS7_X0Y0             PS7                          0.000     0.000 r  PL_i/processing_system7_0/inst/PS7_i/FCLKCLK[0]
                         net (fo=1, routed)           0.310     0.310    PL_i/processing_system7_0/inst/FCLK_CLK_unbuffered[0]
    BUFGCTRL_X0Y16       BUFG (Prop_bufg_I_O)         0.026     0.336 r  PL_i/processing_system7_0/inst/buffer_fclk_clk_0.FCLK_CLK_0_BUFG/O
                         net (fo=14014, routed)       0.675     1.011    PL_i/axi_smc/inst/clk_map/psr_aclk/U0/aclk
    SLICE_X92Y125        FDRE                                         r  PL_i/axi_smc/inst/clk_map/psr_aclk/U0/ACTIVE_LOW_BSR_OUT_DFF[0].FDRE_BSR_N/C
  -------------------------------------------------------------------    -------------------
    SLICE_X92Y125        FDRE (Prop_fdre_C_Q)         0.164     1.175 r  PL_i/axi_smc/inst/clk_map/psr_aclk/U0/ACTIVE_LOW_BSR_OUT_DFF[0].FDRE_BSR_N/Q
                         net (fo=38, routed)          0.466     1.641    PL_i/axi_smc/inst/m02_exit_pipeline/m02_exit/inst/xpm_cdc_async_rst_inst/src_arst
    SLICE_X92Y119        LUT1 (Prop_lut1_I0_O)        0.049     1.690 f  PL_i/axi_smc/inst/m02_exit_pipeline/m02_exit/inst/xpm_cdc_async_rst_inst/arststages_ff[2]_i_1/O
                         net (fo=3, routed)           0.177     1.867    PL_i/axi_smc/inst/m02_exit_pipeline/m02_exit/inst/xpm_cdc_async_rst_inst/reset_pol
    SLICE_X92Y119        FDCE                                         f  PL_i/axi_smc/inst/m02_exit_pipeline/m02_exit/inst/xpm_cdc_async_rst_inst/arststages_ff_reg[2]/CLR
  -------------------------------------------------------------------    -------------------

                         (clock clk_fpga_0 rise edge)
                                                      0.000     0.000 r  
    PS7_X0Y0             PS7                          0.000     0.000 r  PL_i/processing_system7_0/inst/PS7_i/FCLKCLK[0]
                         net (fo=1, routed)           0.337     0.337    PL_i/processing_system7_0/inst/FCLK_CLK_unbuffered[0]
    BUFGCTRL_X0Y16       BUFG (Prop_bufg_I_O)         0.029     0.366 r  PL_i/processing_system7_0/inst/buffer_fclk_clk_0.FCLK_CLK_0_BUFG/O
                         net (fo=14014, routed)       0.952     1.318    PL_i/axi_smc/inst/m02_exit_pipeline/m02_exit/inst/xpm_cdc_async_rst_inst/dest_clk
    SLICE_X92Y119        FDCE                                         r  PL_i/axi_smc/inst/m02_exit_pipeline/m02_exit/inst/xpm_cdc_async_rst_inst/arststages_ff_reg[2]/C

Slack:                    inf
  Source:                 PL_i/axi_smc/inst/clk_map/psr_aclk/U0/ACTIVE_LOW_BSR_OUT_DFF[0].FDRE_BSR_N/C
                            (rising edge-triggered cell FDRE clocked by clk_fpga_0  {rise@0.000ns fall@5.000ns period=10.000ns})
  Destination:            PL_i/axi_smc/inst/m01_nodes/m01_b_node/inst/s_sc_xpm_cdc_async_rst_inst/arststages_ff_reg[0]/CLR
                            (removal check against rising-edge clock clk_fpga_0  {rise@0.000ns fall@5.000ns period=10.000ns})
  Path Group:             (none)
  Path Type:              Removal (Min at Fast Process Corner)
  Data Path Delay:        0.885ns  (logic 0.209ns (23.614%)  route 0.676ns (76.386%))
  Logic Levels:           1  (LUT1=1)
  Clock Path Skew:        0.282ns (DCD - SCD - CPR)
    Destination Clock Delay (DCD):    1.293ns
    Source Clock Delay      (SCD):    1.011ns
    Clock Pessimism Removal (CPR):    -0.000ns
  Clock Uncertainty:      0.154ns  ((TSJ^2 + TIJ^2)^1/2 + DJ) / 2 + PE
    Total System Jitter     (TSJ):    0.071ns
    Total Input Jitter      (TIJ):    0.300ns
    Discrete Jitter          (DJ):    0.000ns
    Phase Error              (PE):    0.000ns
  Timing Exception:       False Path

    Location             Delay type                Incr(ns)  Path(ns)    Netlist Resource(s)
  -------------------------------------------------------------------    -------------------
                         (clock clk_fpga_0 rise edge)
                                                      0.000     0.000 r  
    PS7_X0Y0             PS7                          0.000     0.000 r  PL_i/processing_system7_0/inst/PS7_i/FCLKCLK[0]
                         net (fo=1, routed)           0.310     0.310    PL_i/processing_system7_0/inst/FCLK_CLK_unbuffered[0]
    BUFGCTRL_X0Y16       BUFG (Prop_bufg_I_O)         0.026     0.336 r  PL_i/processing_system7_0/inst/buffer_fclk_clk_0.FCLK_CLK_0_BUFG/O
                         net (fo=14014, routed)       0.675     1.011    PL_i/axi_smc/inst/clk_map/psr_aclk/U0/aclk
    SLICE_X92Y125        FDRE                                         r  PL_i/axi_smc/inst/clk_map/psr_aclk/U0/ACTIVE_LOW_BSR_OUT_DFF[0].FDRE_BSR_N/C
  -------------------------------------------------------------------    -------------------
    SLICE_X92Y125        FDRE (Prop_fdre_C_Q)         0.164     1.175 r  PL_i/axi_smc/inst/clk_map/psr_aclk/U0/ACTIVE_LOW_BSR_OUT_DFF[0].FDRE_BSR_N/Q
                         net (fo=38, routed)          0.436     1.611    PL_i/axi_smc/inst/m01_nodes/m01_b_node/inst/s_sc_xpm_cdc_async_rst_inst/src_arst
    SLICE_X86Y126        LUT1 (Prop_lut1_I0_O)        0.045     1.656 f  PL_i/axi_smc/inst/m01_nodes/m01_b_node/inst/s_sc_xpm_cdc_async_rst_inst/arststages_ff[2]_i_1/O
                         net (fo=3, routed)           0.240     1.896    PL_i/axi_smc/inst/m01_nodes/m01_b_node/inst/s_sc_xpm_cdc_async_rst_inst/reset_pol
    SLICE_X86Y128        FDCE                                         f  PL_i/axi_smc/inst/m01_nodes/m01_b_node/inst/s_sc_xpm_cdc_async_rst_inst/arststages_ff_reg[0]/CLR
  -------------------------------------------------------------------    -------------------

                         (clock clk_fpga_0 rise edge)
                                                      0.000     0.000 r  
    PS7_X0Y0             PS7                          0.000     0.000 r  PL_i/processing_system7_0/inst/PS7_i/FCLKCLK[0]
                         net (fo=1, routed)           0.337     0.337    PL_i/processing_system7_0/inst/FCLK_CLK_unbuffered[0]
    BUFGCTRL_X0Y16       BUFG (Prop_bufg_I_O)         0.029     0.366 r  PL_i/processing_system7_0/inst/buffer_fclk_clk_0.FCLK_CLK_0_BUFG/O
                         net (fo=14014, routed)       0.927     1.293    PL_i/axi_smc/inst/m01_nodes/m01_b_node/inst/s_sc_xpm_cdc_async_rst_inst/dest_clk
    SLICE_X86Y128        FDCE                                         r  PL_i/axi_smc/inst/m01_nodes/m01_b_node/inst/s_sc_xpm_cdc_async_rst_inst/arststages_ff_reg[0]/C

Slack:                    inf
  Source:                 PL_i/axi_smc/inst/clk_map/psr_aclk/U0/ACTIVE_LOW_BSR_OUT_DFF[0].FDRE_BSR_N/C
                            (rising edge-triggered cell FDRE clocked by clk_fpga_0  {rise@0.000ns fall@5.000ns period=10.000ns})
  Destination:            PL_i/axi_smc/inst/m01_nodes/m01_b_node/inst/s_sc_xpm_cdc_async_rst_inst/arststages_ff_reg[1]/CLR
                            (removal check against rising-edge clock clk_fpga_0  {rise@0.000ns fall@5.000ns period=10.000ns})
  Path Group:             (none)
  Path Type:              Removal (Min at Fast Process Corner)
  Data Path Delay:        0.885ns  (logic 0.209ns (23.614%)  route 0.676ns (76.386%))
  Logic Levels:           1  (LUT1=1)
  Clock Path Skew:        0.282ns (DCD - SCD - CPR)
    Destination Clock Delay (DCD):    1.293ns
    Source Clock Delay      (SCD):    1.011ns
    Clock Pessimism Removal (CPR):    -0.000ns
  Clock Uncertainty:      0.154ns  ((TSJ^2 + TIJ^2)^1/2 + DJ) / 2 + PE
    Total System Jitter     (TSJ):    0.071ns
    Total Input Jitter      (TIJ):    0.300ns
    Discrete Jitter          (DJ):    0.000ns
    Phase Error              (PE):    0.000ns
  Timing Exception:       False Path

    Location             Delay type                Incr(ns)  Path(ns)    Netlist Resource(s)
  -------------------------------------------------------------------    -------------------
                         (clock clk_fpga_0 rise edge)
                                                      0.000     0.000 r  
    PS7_X0Y0             PS7                          0.000     0.000 r  PL_i/processing_system7_0/inst/PS7_i/FCLKCLK[0]
                         net (fo=1, routed)           0.310     0.310    PL_i/processing_system7_0/inst/FCLK_CLK_unbuffered[0]
    BUFGCTRL_X0Y16       BUFG (Prop_bufg_I_O)         0.026     0.336 r  PL_i/processing_system7_0/inst/buffer_fclk_clk_0.FCLK_CLK_0_BUFG/O
                         net (fo=14014, routed)       0.675     1.011    PL_i/axi_smc/inst/clk_map/psr_aclk/U0/aclk
    SLICE_X92Y125        FDRE                                         r  PL_i/axi_smc/inst/clk_map/psr_aclk/U0/ACTIVE_LOW_BSR_OUT_DFF[0].FDRE_BSR_N/C
  -------------------------------------------------------------------    -------------------
    SLICE_X92Y125        FDRE (Prop_fdre_C_Q)         0.164     1.175 r  PL_i/axi_smc/inst/clk_map/psr_aclk/U0/ACTIVE_LOW_BSR_OUT_DFF[0].FDRE_BSR_N/Q
                         net (fo=38, routed)          0.436     1.611    PL_i/axi_smc/inst/m01_nodes/m01_b_node/inst/s_sc_xpm_cdc_async_rst_inst/src_arst
    SLICE_X86Y126        LUT1 (Prop_lut1_I0_O)        0.045     1.656 f  PL_i/axi_smc/inst/m01_nodes/m01_b_node/inst/s_sc_xpm_cdc_async_rst_inst/arststages_ff[2]_i_1/O
                         net (fo=3, routed)           0.240     1.896    PL_i/axi_smc/inst/m01_nodes/m01_b_node/inst/s_sc_xpm_cdc_async_rst_inst/reset_pol
    SLICE_X86Y128        FDCE                                         f  PL_i/axi_smc/inst/m01_nodes/m01_b_node/inst/s_sc_xpm_cdc_async_rst_inst/arststages_ff_reg[1]/CLR
  -------------------------------------------------------------------    -------------------

                         (clock clk_fpga_0 rise edge)
                                                      0.000     0.000 r  
    PS7_X0Y0             PS7                          0.000     0.000 r  PL_i/processing_system7_0/inst/PS7_i/FCLKCLK[0]
                         net (fo=1, routed)           0.337     0.337    PL_i/processing_system7_0/inst/FCLK_CLK_unbuffered[0]
    BUFGCTRL_X0Y16       BUFG (Prop_bufg_I_O)         0.029     0.366 r  PL_i/processing_system7_0/inst/buffer_fclk_clk_0.FCLK_CLK_0_BUFG/O
                         net (fo=14014, routed)       0.927     1.293    PL_i/axi_smc/inst/m01_nodes/m01_b_node/inst/s_sc_xpm_cdc_async_rst_inst/dest_clk
    SLICE_X86Y128        FDCE                                         r  PL_i/axi_smc/inst/m01_nodes/m01_b_node/inst/s_sc_xpm_cdc_async_rst_inst/arststages_ff_reg[1]/C

Slack:                    inf
  Source:                 PL_i/axi_smc/inst/clk_map/psr_aclk/U0/ACTIVE_LOW_BSR_OUT_DFF[0].FDRE_BSR_N/C
                            (rising edge-triggered cell FDRE clocked by clk_fpga_0  {rise@0.000ns fall@5.000ns period=10.000ns})
  Destination:            PL_i/axi_smc/inst/m01_nodes/m01_b_node/inst/s_sc_xpm_cdc_async_rst_inst/arststages_ff_reg[2]/CLR
                            (removal check against rising-edge clock clk_fpga_0  {rise@0.000ns fall@5.000ns period=10.000ns})
  Path Group:             (none)
  Path Type:              Removal (Min at Fast Process Corner)
  Data Path Delay:        0.885ns  (logic 0.209ns (23.614%)  route 0.676ns (76.386%))
  Logic Levels:           1  (LUT1=1)
  Clock Path Skew:        0.282ns (DCD - SCD - CPR)
    Destination Clock Delay (DCD):    1.293ns
    Source Clock Delay      (SCD):    1.011ns
    Clock Pessimism Removal (CPR):    -0.000ns
  Clock Uncertainty:      0.154ns  ((TSJ^2 + TIJ^2)^1/2 + DJ) / 2 + PE
    Total System Jitter     (TSJ):    0.071ns
    Total Input Jitter      (TIJ):    0.300ns
    Discrete Jitter          (DJ):    0.000ns
    Phase Error              (PE):    0.000ns
  Timing Exception:       False Path

    Location             Delay type                Incr(ns)  Path(ns)    Netlist Resource(s)
  -------------------------------------------------------------------    -------------------
                         (clock clk_fpga_0 rise edge)
                                                      0.000     0.000 r  
    PS7_X0Y0             PS7                          0.000     0.000 r  PL_i/processing_system7_0/inst/PS7_i/FCLKCLK[0]
                         net (fo=1, routed)           0.310     0.310    PL_i/processing_system7_0/inst/FCLK_CLK_unbuffered[0]
    BUFGCTRL_X0Y16       BUFG (Prop_bufg_I_O)         0.026     0.336 r  PL_i/processing_system7_0/inst/buffer_fclk_clk_0.FCLK_CLK_0_BUFG/O
                         net (fo=14014, routed)       0.675     1.011    PL_i/axi_smc/inst/clk_map/psr_aclk/U0/aclk
    SLICE_X92Y125        FDRE                                         r  PL_i/axi_smc/inst/clk_map/psr_aclk/U0/ACTIVE_LOW_BSR_OUT_DFF[0].FDRE_BSR_N/C
  -------------------------------------------------------------------    -------------------
    SLICE_X92Y125        FDRE (Prop_fdre_C_Q)         0.164     1.175 r  PL_i/axi_smc/inst/clk_map/psr_aclk/U0/ACTIVE_LOW_BSR_OUT_DFF[0].FDRE_BSR_N/Q
                         net (fo=38, routed)          0.436     1.611    PL_i/axi_smc/inst/m01_nodes/m01_b_node/inst/s_sc_xpm_cdc_async_rst_inst/src_arst
    SLICE_X86Y126        LUT1 (Prop_lut1_I0_O)        0.045     1.656 f  PL_i/axi_smc/inst/m01_nodes/m01_b_node/inst/s_sc_xpm_cdc_async_rst_inst/arststages_ff[2]_i_1/O
                         net (fo=3, routed)           0.240     1.896    PL_i/axi_smc/inst/m01_nodes/m01_b_node/inst/s_sc_xpm_cdc_async_rst_inst/reset_pol
    SLICE_X86Y128        FDCE                                         f  PL_i/axi_smc/inst/m01_nodes/m01_b_node/inst/s_sc_xpm_cdc_async_rst_inst/arststages_ff_reg[2]/CLR
  -------------------------------------------------------------------    -------------------

                         (clock clk_fpga_0 rise edge)
                                                      0.000     0.000 r  
    PS7_X0Y0             PS7                          0.000     0.000 r  PL_i/processing_system7_0/inst/PS7_i/FCLKCLK[0]
                         net (fo=1, routed)           0.337     0.337    PL_i/processing_system7_0/inst/FCLK_CLK_unbuffered[0]
    BUFGCTRL_X0Y16       BUFG (Prop_bufg_I_O)         0.029     0.366 r  PL_i/processing_system7_0/inst/buffer_fclk_clk_0.FCLK_CLK_0_BUFG/O
                         net (fo=14014, routed)       0.927     1.293    PL_i/axi_smc/inst/m01_nodes/m01_b_node/inst/s_sc_xpm_cdc_async_rst_inst/dest_clk
    SLICE_X86Y128        FDCE                                         r  PL_i/axi_smc/inst/m01_nodes/m01_b_node/inst/s_sc_xpm_cdc_async_rst_inst/arststages_ff_reg[2]/C





